student_id,age,gender,socioeconomic_status,parental_education_level,family_background,first_generation_student,gpa,previous_academic_performance,subject_failure_count,credits_completed,course_load,scholarship_status,attendance_rate,class_participation_score,assignment_submission_rate,quiz_completion_rate,time_spent_on_learning_platform,login_frequency,engagement_score,learning_style,motivation_level,peer_interaction_score,counseling_sessions_attended,stress_level,dropout_status
S0001,21,Male,High,Primary,Nuclear,Yes,2.39,Medium,1,69,4,No,94,1,98,27,19.0,12,1,Visual,2,4,2,Medium,0
S0002,25,Female,Low,Secondary,Joint,No,1.78,High,5,37,5,No,45,9,37,35,17.2,29,6,Kinesthetic,2,6,1,High,1
S0003,19,Male,Low,Primary,Guardian,No,3.88,Medium,1,73,3,No,76,10,35,27,15.7,2,10,Mixed,4,0,1,Medium,0
S0004,21,Female,Medium,None,Joint,Yes,2.44,Low,5,48,4,No,52,10,91,94,19.9,24,5,Visual,5,1,2,Low,0
S0005,20,Male,Low,Graduate,Joint,Yes,3.08,Low,1,101,7,Yes,43,1,41,30,5.3,29,1,Auditory,1,9,0,Medium,1
S0006,24,Female,Medium,Postgraduate,Single Parent,Yes,2.2,Medium,3,57,3,No,94,2,45,55,9.9,13,6,Auditory,2,10,5,Medium,0
S0007,21,Female,Medium,Postgraduate,Joint,Yes,1.85,Medium,4,112,4,No,60,0,92,100,12.8,11,3,Mixed,4,8,1,Medium,1
S0008,24,Female,Medium,Secondary,Nuclear,No,3.23,Medium,0,23,7,No,83,7,64,61,4.1,19,4,Mixed,1,3,4,High,0
S0009,20,Female,Medium,Secondary,Joint,No,2.21,Medium,2,41,3,Yes,87,10,68,99,13.1,27,8,Visual,3,7,1,Medium,0
S0010,19,Male,Low,Secondary,Joint,No,2.79,Medium,2,25,6,No,40,7,30,35,3.2,12,7,Kinesthetic,5,0,5,Medium,0
S0011,18,Female,Medium,Graduate,Single Parent,No,1.52,Medium,2,65,4,No,50,0,43,79,5.3,3,6,Visual,4,6,3,Medium,1
S0012,22,Female,Medium,Graduate,Nuclear,No,2.77,High,2,33,3,No,48,1,87,27,4.4,25,3,Kinesthetic,3,9,4,High,1
S0013,23,Male,Medium,Secondary,Nuclear,No,2.39,Medium,2,68,7,No,96,8,82,65,8.3,4,10,Kinesthetic,1,10,4,Medium,0
S0014,23,Female,High,Primary,Single Parent,No,2.87,High,0,104,4,Yes,93,0,40,50,9.5,15,10,Mixed,4,4,1,Medium,0
S0015,23,Male,Low,Graduate,Joint,No,2.44,Medium,2,65,5,No,69,0,69,23,11.4,24,4,Mixed,1,7,1,Medium,0
S0016,17,Male,Low,Secondary,Single Parent,Yes,2.8,Medium,2,80,6,Yes,94,9,56,65,2.6,29,3,Visual,1,10,1,Medium,0
S0017,24,Male,Low,Postgraduate,Single Parent,Yes,2.66,Low,0,75,3,No,64,4,95,85,3.6,19,5,Mixed,2,1,0,Low,0
S0018,18,Female,Medium,Graduate,Nuclear,No,2.49,Medium,5,99,6,No,48,3,89,71,17.6,7,8,Visual,3,2,0,Low,0
S0019,25,Male,Low,Secondary,Single Parent,No,2.48,Medium,4,80,3,Yes,58,9,49,84,13.7,12,10,Visual,2,7,0,Medium,0
S0020,22,Female,Medium,None,Single Parent,No,3.29,High,2,68,7,Yes,54,2,96,49,12.6,17,1,Visual,4,7,3,Medium,1
S0021,18,Male,High,None,Guardian,Yes,2.63,Medium,5,97,6,No,71,1,32,67,14.8,3,5,Visual,1,6,0,High,0
S0022,19,Female,Medium,Secondary,Joint,No,3.15,Medium,1,34,3,Yes,69,9,65,76,4.6,7,4,Mixed,5,0,5,Medium,0
S0023,21,Male,Low,Graduate,Nuclear,Yes,1.76,Medium,1,110,4,No,44,0,61,75,1.4,8,5,Visual,1,4,2,Low,1
S0024,22,Male,Medium,Secondary,Joint,Yes,3.1,Medium,1,118,4,Yes,71,8,76,32,17.7,19,2,Visual,3,4,0,Low,0
S0025,25,Male,Medium,Primary,Nuclear,No,2.4,Low,5,40,7,No,50,3,37,35,9.6,20,2,Mixed,3,5,1,Low,1
S0026,22,Female,High,Secondary,Joint,Yes,2.6,Medium,0,109,6,No,74,7,49,95,11.7,2,9,Kinesthetic,1,9,2,Low,0
S0027,21,Female,Medium,Graduate,Nuclear,No,2.28,Low,5,91,5,No,82,8,38,36,13.9,2,8,Kinesthetic,2,4,4,High,0
S0028,18,Female,Medium,None,Joint,Yes,1.6,Medium,2,111,3,No,58,3,40,53,15.0,16,6,Visual,1,5,2,Low,1
S0029,20,Female,Medium,None,Joint,No,3.37,Low,2,111,3,No,56,10,91,38,4.9,1,1,Kinesthetic,2,10,2,Low,1
S0030,18,Female,Low,None,Single Parent,Yes,2.83,High,2,83,5,No,94,5,32,45,19.8,28,7,Visual,2,4,0,Medium,0
S0031,24,Female,Low,None,Joint,No,1.98,High,4,85,3,No,64,8,54,94,4.8,1,5,Auditory,3,9,2,High,1
S0032,22,Female,Medium,Secondary,Nuclear,No,1.53,Low,4,67,3,No,44,9,75,92,9.8,22,9,Kinesthetic,1,2,2,Medium,1
S0033,23,Male,Low,None,Nuclear,No,3.66,Low,2,45,5,No,63,8,30,21,12.8,25,7,Visual,4,4,4,Medium,0
S0034,18,Female,High,Graduate,Joint,Yes,3.97,Low,2,47,5,Yes,94,2,47,99,10.0,13,5,Auditory,2,4,4,Medium,0
S0035,18,Male,High,Primary,Nuclear,No,1.98,Medium,2,93,5,No,54,10,97,80,7.6,14,4,Mixed,1,1,0,Medium,1
S0036,17,Male,Medium,None,Nuclear,No,2.98,High,5,40,5,No,58,3,43,57,5.3,8,5,Mixed,2,5,4,Medium,0
S0037,18,Male,Medium,Graduate,Nuclear,Yes,2.24,High,0,84,5,No,70,0,89,59,19.0,26,8,Auditory,1,7,3,Medium,0
S0038,17,Female,Medium,Primary,Nuclear,Yes,2.84,Medium,2,87,6,No,98,10,56,92,9.9,8,8,Visual,3,8,0,Low,0
S0039,22,Male,Low,Postgraduate,Nuclear,Yes,2.24,High,3,30,5,Yes,72,10,82,85,15.3,1,3,Visual,4,0,4,Low,0
S0040,24,Male,Medium,Graduate,Joint,No,3.93,High,0,57,4,No,63,0,45,87,12.1,4,7,Kinesthetic,1,0,4,Medium,0
S0041,19,Male,Medium,None,Nuclear,No,1.82,Medium,0,103,6,No,65,3,60,68,13.2,21,5,Visual,2,1,3,Low,0
S0042,23,Female,Medium,Primary,Joint,Yes,3.1,Medium,2,110,6,Yes,57,7,66,88,17.2,21,3,Visual,3,0,2,Low,1
S0043,22,Female,Medium,None,Guardian,Yes,3.31,Medium,5,23,6,No,58,0,64,44,2.9,21,2,Kinesthetic,1,1,0,Medium,1
S0044,24,Male,Medium,Graduate,Nuclear,No,2.89,Low,2,21,7,No,40,10,99,37,6.7,11,4,Mixed,5,6,2,Low,0
S0045,18,Female,Medium,Graduate,Nuclear,Yes,1.73,Medium,1,58,5,No,90,1,59,79,10.9,12,6,Visual,2,1,1,Medium,0
S0046,23,Male,Medium,Primary,Nuclear,No,3.57,Medium,1,41,4,No,93,5,33,25,8.6,13,2,Visual,2,8,5,Medium,0
S0047,24,Male,Low,Secondary,Nuclear,No,2.88,Medium,3,38,4,No,45,10,87,64,19.5,20,8,Auditory,2,8,2,Medium,0
S0048,17,Female,High,Primary,Nuclear,No,2.59,High,3,37,4,No,87,6,96,52,11.7,20,7,Visual,4,9,3,Low,0
S0049,17,Female,Low,Graduate,Joint,No,2.55,High,4,40,4,No,99,7,32,62,5.3,18,3,Mixed,5,8,5,Medium,0
S0050,21,Male,Medium,None,Nuclear,No,1.9,Low,4,56,5,Yes,78,8,90,60,5.1,16,4,Kinesthetic,1,3,3,Medium,0
S0051,23,Male,Low,Graduate,Joint,No,2.89,High,1,82,3,No,91,7,51,81,4.9,4,7,Auditory,3,2,3,Medium,0
S0052,21,Other,Medium,Primary,Nuclear,No,3.6,Low,3,47,7,Yes,79,6,56,50,1.6,12,5,Mixed,3,0,5,Low,0
S0053,19,Male,Medium,Primary,Joint,No,2.57,Low,0,40,4,No,40,3,57,77,12.6,22,6,Mixed,2,8,0,Medium,0
S0054,19,Female,Medium,Graduate,Joint,Yes,3.35,Medium,4,75,7,No,86,10,44,49,11.0,6,4,Mixed,1,2,0,Medium,0
S0055,19,Male,Medium,Graduate,Nuclear,Yes,3.43,High,4,100,4,No,78,4,39,45,5.7,20,1,Mixed,3,1,0,High,0
S0056,20,Female,Medium,Secondary,Nuclear,No,2.7,Medium,4,95,6,Yes,53,6,43,49,16.5,29,10,Mixed,3,7,2,Low,0
S0057,17,Female,Low,Graduate,Nuclear,No,1.54,Medium,5,89,7,No,41,6,84,87,8.4,28,10,Auditory,2,10,2,Medium,1
S0058,25,Male,Low,Primary,Single Parent,No,1.52,Medium,1,89,5,No,77,1,36,69,17.3,15,6,Visual,4,2,1,Medium,0
S0059,19,Female,Medium,Graduate,Nuclear,No,1.72,Medium,5,58,6,Yes,65,7,78,46,5.0,15,3,Mixed,2,9,0,Low,1
S0060,17,Male,Low,Secondary,Single Parent,No,3.34,Low,1,89,3,Yes,87,1,73,63,11.3,4,6,Visual,1,2,2,Low,0
S0061,17,Male,High,Primary,Single Parent,No,3.05,High,4,67,7,No,47,1,63,64,11.7,10,6,Auditory,3,9,0,Low,0
S0062,24,Female,Medium,Postgraduate,Nuclear,No,2.4,High,0,113,7,No,90,7,52,92,8.6,21,4,Auditory,5,9,0,Low,0
S0063,19,Female,Medium,Graduate,Joint,Yes,2.86,Medium,1,79,6,Yes,74,4,58,73,16.2,14,4,Kinesthetic,5,3,0,High,0
S0064,18,Female,High,Primary,Nuclear,Yes,2.89,Medium,3,106,7,No,53,6,39,34,15.4,2,5,Kinesthetic,3,3,3,Medium,0
S0065,19,Male,High,Postgraduate,Nuclear,No,1.59,Medium,4,29,4,No,46,0,65,73,13.2,22,8,Mixed,1,6,4,Medium,1
S0066,19,Male,Low,Secondary,Nuclear,Yes,2.93,High,0,23,3,Yes,84,1,73,70,17.2,2,2,Mixed,2,3,2,Low,0
S0067,18,Male,Low,Graduate,Nuclear,Yes,2.98,High,5,29,3,No,62,9,63,43,4.8,11,5,Mixed,2,2,3,High,0
S0068,20,Male,Low,None,Nuclear,No,1.83,Medium,4,29,4,No,56,7,62,37,18.5,12,3,Visual,5,5,3,Low,1
S0069,18,Male,Medium,Primary,Guardian,Yes,1.68,High,1,64,7,No,89,9,87,39,8.1,19,6,Visual,1,1,0,Medium,0
S0070,22,Female,Medium,Primary,Nuclear,No,3.15,Low,2,108,6,No,43,0,55,81,5.3,10,1,Visual,5,5,1,Low,1
S0071,21,Female,High,Secondary,Joint,Yes,2.46,High,0,25,7,Yes,45,3,66,35,8.3,11,4,Mixed,5,6,5,Medium,0
S0072,25,Male,Low,Secondary,Joint,No,3.59,Low,2,66,7,No,99,7,97,93,15.9,13,8,Kinesthetic,2,9,3,Low,0
S0073,24,Male,Low,Postgraduate,Nuclear,No,3.96,Low,3,57,4,No,85,0,90,28,2.0,15,3,Auditory,4,8,2,High,0
S0074,21,Male,Medium,Primary,Joint,Yes,3.58,Medium,3,99,7,Yes,95,9,97,50,17.1,28,7,Mixed,1,2,0,Low,0
S0075,21,Female,Medium,Graduate,Nuclear,No,3.54,High,4,73,5,Yes,94,2,65,64,4.4,24,5,Auditory,3,10,0,High,0
S0076,25,Male,Medium,Secondary,Nuclear,Yes,1.52,Medium,5,28,4,Yes,74,0,32,82,8.9,27,6,Kinesthetic,5,4,4,High,1
S0077,23,Male,Low,Secondary,Single Parent,Yes,2.21,Medium,1,60,6,Yes,40,3,68,39,4.7,26,10,Mixed,2,3,4,Medium,0
S0078,19,Male,Medium,Primary,Nuclear,No,3.37,Medium,0,117,5,Yes,96,2,30,29,1.0,7,7,Mixed,4,5,3,Medium,0
S0079,24,Female,Low,None,Nuclear,No,2.05,High,3,97,4,No,97,1,54,66,13.8,3,6,Mixed,3,1,2,Medium,0
S0080,19,Male,Low,Secondary,Nuclear,No,2.48,Medium,1,99,3,Yes,87,0,50,98,11.8,3,10,Visual,1,3,0,Medium,0
S0081,24,Other,Low,Secondary,Joint,No,2.08,Low,4,106,7,Yes,82,8,75,30,5.1,9,7,Visual,5,4,5,Medium,0
S0082,19,Male,High,Secondary,Nuclear,Yes,2.53,Medium,0,117,6,No,92,10,33,58,11.0,5,4,Visual,4,0,2,Medium,0
S0083,22,Male,Low,None,Joint,No,1.95,Low,1,83,6,No,83,5,59,77,11.2,10,1,Visual,3,1,0,Medium,1
S0084,23,Female,Low,Secondary,Guardian,No,2.8,Low,1,53,4,No,56,3,34,45,5.4,21,10,Kinesthetic,1,8,4,Low,0
S0085,18,Male,Low,Graduate,Nuclear,No,2.13,Medium,4,62,6,No,43,0,76,89,9.1,19,5,Visual,4,10,1,Medium,0
S0086,17,Male,Low,Postgraduate,Nuclear,No,2.55,Medium,1,98,4,Yes,45,7,54,89,6.4,28,2,Kinesthetic,5,4,2,Low,1
S0087,17,Male,Medium,Secondary,Nuclear,No,2.23,Medium,5,112,3,Yes,77,1,45,33,1.3,24,6,Auditory,4,8,0,High,0
S0088,24,Female,High,None,Joint,No,2.19,Low,4,21,3,Yes,83,0,75,51,16.7,20,9,Visual,2,3,5,High,0
S0089,21,Female,Medium,Secondary,Nuclear,Yes,3.7,Medium,0,67,5,No,61,10,68,90,6.8,7,5,Visual,2,8,4,High,0
S0090,23,Male,Medium,Secondary,Single Parent,No,3.53,Medium,1,79,3,No,70,0,80,99,11.1,21,10,Auditory,4,7,0,High,0
S0091,25,Male,Medium,Secondary,Guardian,No,1.72,Medium,3,34,5,Yes,73,3,89,65,17.2,12,10,Kinesthetic,5,10,4,Medium,0
S0092,22,Male,Medium,Primary,Single Parent,Yes,1.67,Medium,1,83,4,No,85,10,69,94,4.3,9,10,Kinesthetic,3,9,1,Low,0
S0093,23,Male,Medium,Secondary,Single Parent,Yes,1.72,High,0,59,7,Yes,73,3,48,74,16.7,22,2,Kinesthetic,4,5,2,Low,1
S0094,19,Male,Low,None,Nuclear,Yes,1.62,Medium,5,113,7,Yes,95,6,55,61,17.9,5,2,Mixed,1,10,3,High,1
S0095,25,Male,High,Secondary,Joint,No,3.21,High,4,55,5,No,60,9,45,86,10.5,6,4,Kinesthetic,1,3,1,Medium,0
S0096,20,Female,High,None,Nuclear,No,2.78,High,1,63,7,No,79,8,68,95,4.2,4,2,Mixed,4,6,3,Medium,0
S0097,18,Male,Medium,None,Nuclear,Yes,1.63,Low,4,71,6,Yes,76,3,87,60,3.6,2,7,Visual,4,10,4,Medium,0
S0098,19,Female,High,Primary,Guardian,No,3.6,High,4,61,6,No,79,4,41,81,16.3,3,2,Visual,3,7,5,Medium,0
S0099,22,Female,Low,Postgraduate,Joint,No,3.44,Low,2,56,4,No,81,7,38,53,16.0,15,7,Auditory,5,0,4,Medium,0
S0100,19,Male,Medium,Postgraduate,Nuclear,Yes,1.93,Medium,1,46,3,No,50,6,82,88,18.2,10,3,Mixed,3,6,1,Low,1
S0101,17,Female,Medium,Secondary,Joint,No,4.0,Medium,3,98,5,No,66,8,75,92,15.3,22,5,Visual,3,9,2,High,0
S0102,23,Male,High,Graduate,Guardian,No,3.42,Low,5,28,5,No,89,10,86,52,3.5,28,4,Kinesthetic,3,9,2,Low,0
S0103,20,Female,Low,Primary,Nuclear,No,3.45,Low,2,54,7,No,66,4,37,87,19.9,12,4,Visual,4,9,4,Medium,0
S0104,19,Male,Medium,Postgraduate,Joint,No,2.59,High,3,103,4,No,50,6,60,87,4.5,5,2,Auditory,2,3,3,High,1
S0105,23,Male,High,Graduate,Nuclear,Yes,2.52,Low,1,62,5,No,78,6,44,33,18.6,29,7,Visual,4,5,1,Low,0
S0106,25,Male,Low,Postgraduate,Joint,No,2.38,High,0,88,5,No,81,2,77,70,9.8,29,2,Kinesthetic,4,2,1,Low,0
S0107,19,Female,Medium,Graduate,Joint,No,2.09,Low,4,102,7,No,81,4,46,70,13.8,9,10,Mixed,1,1,4,Medium,0
S0108,17,Female,Medium,Secondary,Nuclear,No,1.83,Medium,3,49,6,No,42,5,65,72,14.3,3,5,Kinesthetic,5,10,4,Low,1
S0109,17,Female,Medium,None,Nuclear,No,3.28,High,3,97,3,No,70,9,71,87,16.1,1,1,Visual,5,5,2,High,0
S0110,19,Male,Medium,Secondary,Nuclear,Yes,2.36,Medium,2,36,6,Yes,48,0,72,77,3.2,11,1,Kinesthetic,4,5,2,High,1
S0111,25,Male,High,Graduate,Single Parent,No,1.61,High,4,66,3,No,67,5,98,69,6.7,7,7,Auditory,5,6,3,Medium,0
S0112,20,Male,Low,Secondary,Nuclear,No,1.51,Low,4,44,7,No,99,2,50,100,11.4,6,1,Auditory,2,8,4,High,1
S0113,22,Male,Low,Primary,Nuclear,Yes,2.82,High,5,74,5,Yes,82,3,76,92,13.8,4,10,Visual,4,7,5,Medium,0
S0114,17,Female,Low,None,Single Parent,No,3.53,Low,1,109,7,No,46,7,70,67,8.5,8,1,Visual,5,9,4,Medium,1
S0115,18,Female,Medium,Primary,Nuclear,No,2.76,Medium,3,48,7,No,41,2,93,80,12.0,1,8,Kinesthetic,3,7,3,Medium,0
S0116,22,Female,Low,Primary,Joint,No,3.39,High,0,35,7,No,52,7,51,81,3.9,23,7,Auditory,2,0,4,High,1
S0117,18,Male,Medium,Graduate,Joint,No,3.43,Medium,2,54,7,No,55,9,36,97,6.5,22,9,Visual,3,7,1,Low,0
S0118,19,Female,Low,Graduate,Nuclear,No,2.16,Medium,1,95,7,No,68,6,88,55,17.5,26,9,Kinesthetic,1,1,0,Low,0
S0119,20,Male,Low,Secondary,Single Parent,No,2.47,High,5,65,4,Yes,86,3,65,33,4.4,11,3,Auditory,1,9,3,Low,0
S0120,19,Male,Medium,Postgraduate,Nuclear,No,3.61,Low,4,35,3,No,65,9,43,80,15.0,5,3,Auditory,2,7,5,Medium,0
S0121,18,Male,Low,None,Joint,No,3.77,Medium,3,100,7,No,62,9,52,72,15.0,27,2,Auditory,1,7,3,Medium,0
S0122,20,Male,Medium,Graduate,Single Parent,No,3.56,Low,3,36,6,No,70,10,92,41,17.4,5,7,Mixed,2,4,5,Medium,0
S0123,18,Male,Medium,Graduate,Nuclear,No,3.58,Low,2,90,3,Yes,41,0,73,98,17.0,9,10,Visual,3,1,4,Medium,0
S0124,18,Female,Medium,Secondary,Nuclear,No,3.32,Medium,4,114,4,Yes,40,2,31,34,8.7,18,10,Auditory,5,6,0,Low,0
S0125,20,Female,Low,Postgraduate,Joint,No,2.95,High,2,57,5,No,40,1,57,32,10.1,9,6,Kinesthetic,3,9,0,Low,0
S0126,25,Female,Low,Graduate,Nuclear,No,2.38,Low,5,93,4,No,73,3,95,44,1.0,12,8,Visual,2,4,5,Medium,0
S0127,22,Male,Low,None,Nuclear,No,2.02,Low,3,44,5,Yes,78,0,47,48,2.1,6,2,Auditory,1,3,3,Low,0
S0128,22,Female,Low,Postgraduate,Nuclear,No,2.79,Medium,1,117,4,No,49,6,90,62,2.2,8,1,Auditory,3,2,2,Low,1
S0129,18,Male,Medium,Graduate,Joint,No,2.51,Medium,3,32,7,No,67,7,77,79,15.7,21,1,Visual,2,3,5,Medium,0
S0130,25,Other,Medium,Graduate,Nuclear,No,1.52,Medium,4,89,7,No,73,8,30,77,4.7,25,10,Mixed,4,9,4,Medium,0
S0131,21,Female,High,Graduate,Nuclear,Yes,2.14,Medium,4,27,7,No,57,4,69,63,5.9,6,5,Visual,4,10,1,Low,0
S0132,17,Male,Medium,Postgraduate,Nuclear,Yes,3.24,High,5,85,7,No,55,0,68,50,18.7,7,4,Mixed,2,8,1,Medium,0
S0133,23,Male,Low,Postgraduate,Nuclear,No,3.66,Medium,0,93,3,No,78,7,80,62,9.4,8,1,Auditory,1,9,4,Medium,0
S0134,19,Male,Low,Postgraduate,Single Parent,No,2.46,Medium,2,40,4,No,66,0,42,85,14.9,24,2,Visual,5,1,0,Medium,0
S0135,18,Male,Medium,Graduate,Nuclear,Yes,3.24,High,1,97,3,No,63,4,47,71,8.4,10,10,Auditory,1,2,1,Low,0
S0136,19,Other,Low,Graduate,Joint,Yes,3.49,High,5,90,6,No,67,3,53,45,13.2,12,3,Kinesthetic,5,5,4,Medium,0
S0137,22,Male,Medium,Graduate,Nuclear,Yes,2.73,Medium,1,78,4,No,84,7,52,83,9.7,28,3,Mixed,3,9,1,Low,0
S0138,20,Male,Medium,Primary,Single Parent,Yes,3.1,High,3,26,3,No,83,1,82,42,18.9,12,2,Auditory,4,0,5,Low,0
S0139,20,Male,Low,Secondary,Nuclear,Yes,3.84,Medium,4,20,5,Yes,70,9,64,42,19.6,22,6,Mixed,5,9,4,Medium,0
S0140,21,Female,Low,Primary,Nuclear,Yes,2.18,Low,4,109,6,No,72,7,60,96,19.3,18,9,Auditory,1,3,5,Low,0
S0141,24,Male,High,Graduate,Nuclear,No,3.66,Low,5,48,5,No,92,0,64,75,10.2,26,1,Mixed,2,2,5,Low,0
S0142,22,Male,Medium,Secondary,Nuclear,No,1.55,Medium,4,58,3,Yes,89,9,48,84,5.7,15,8,Mixed,3,6,0,Medium,0
S0143,17,Female,Medium,Graduate,Joint,Yes,1.69,Medium,0,111,6,No,99,2,59,99,17.7,23,9,Auditory,3,2,5,High,1
S0144,21,Male,Medium,Primary,Joint,Yes,2.87,Medium,0,43,6,Yes,66,3,94,67,8.2,24,1,Mixed,5,1,1,High,0
S0145,23,Female,Low,Graduate,Joint,Yes,3.26,Medium,4,38,5,No,97,9,68,48,11.4,26,3,Auditory,3,9,3,Medium,0
S0146,19,Male,Medium,Primary,Nuclear,No,3.94,Medium,4,39,5,Yes,96,4,93,75,17.4,20,9,Auditory,2,2,0,Low,0
S0147,20,Male,Low,Graduate,Nuclear,No,1.57,High,2,67,6,No,64,5,32,97,14.7,15,1,Auditory,3,0,1,High,1
S0148,20,Other,Medium,Primary,Nuclear,No,2.44,Low,1,118,5,No,87,9,47,36,19.7,10,7,Mixed,1,8,5,Low,0
S0149,21,Other,Low,Secondary,Nuclear,No,2.82,High,2,47,5,Yes,77,5,37,76,16.2,20,4,Kinesthetic,4,1,0,Low,0
S0150,21,Male,Low,Graduate,Nuclear,No,1.73,Medium,0,116,4,No,48,4,87,73,9.5,11,9,Auditory,1,7,4,Medium,1
S0151,25,Male,High,Primary,Nuclear,Yes,2.92,High,0,70,5,Yes,86,3,44,43,2.0,6,3,Auditory,1,3,4,Medium,0
S0152,20,Male,High,Primary,Nuclear,Yes,2.55,Medium,4,68,6,No,53,10,48,64,12.2,28,1,Kinesthetic,3,10,4,Medium,1
S0153,20,Female,Medium,Primary,Nuclear,No,3.34,Medium,0,116,3,Yes,91,4,39,39,18.8,6,2,Kinesthetic,5,3,5,Medium,0
S0154,17,Male,Medium,Graduate,Nuclear,No,1.69,Medium,3,40,6,No,70,10,32,58,9.6,29,10,Auditory,4,7,3,High,1
S0155,25,Male,Low,Graduate,Nuclear,No,2.02,High,0,75,4,No,76,4,69,70,14.9,7,2,Auditory,4,2,2,Low,0
S0156,20,Male,Low,Primary,Single Parent,No,2.37,Medium,0,97,6,No,59,3,76,27,13.6,2,5,Kinesthetic,2,7,5,Medium,0
S0157,23,Female,High,Graduate,Joint,No,2.34,Medium,2,75,7,Yes,83,7,54,39,10.9,24,9,Mixed,3,8,2,Medium,0
S0158,22,Male,Low,Secondary,Nuclear,Yes,3.35,Medium,4,104,5,Yes,61,10,71,37,3.8,27,3,Visual,3,6,5,Medium,0
S0159,22,Male,Medium,Secondary,Single Parent,No,2.38,High,5,93,7,No,69,1,43,81,14.2,8,9,Mixed,5,1,1,Medium,0
S0160,20,Male,Medium,Graduate,Nuclear,No,3.13,Low,0,106,6,No,87,3,62,48,2.4,19,6,Mixed,2,7,3,High,0
S0161,24,Male,Low,Secondary,Nuclear,No,2.0,Medium,0,105,4,No,99,8,87,91,9.8,6,1,Mixed,2,5,0,Medium,0
S0162,22,Male,Medium,Postgraduate,Nuclear,No,3.46,High,2,113,4,No,58,0,59,74,12.5,21,10,Auditory,5,6,3,Medium,0
S0163,18,Female,Medium,Primary,Joint,No,1.62,Low,1,112,4,No,97,10,89,58,10.4,19,4,Mixed,1,0,1,High,1
S0164,22,Female,High,Postgraduate,Nuclear,No,3.65,Low,1,24,5,No,69,3,49,80,13.4,11,2,Mixed,2,1,4,High,0
S0165,22,Female,Medium,Secondary,Nuclear,No,1.82,Medium,4,72,6,Yes,45,3,87,23,1.2,24,8,Visual,1,4,2,Medium,1
S0166,18,Male,Medium,Postgraduate,Nuclear,Yes,2.71,Low,2,23,3,No,76,8,48,77,11.6,3,2,Auditory,1,5,4,Medium,0
S0167,24,Male,High,Postgraduate,Guardian,No,3.36,Low,1,71,6,No,83,10,43,77,5.4,29,9,Visual,1,1,4,Medium,0
S0168,24,Male,Medium,Secondary,Single Parent,Yes,2.58,High,2,90,6,No,65,3,95,87,8.5,12,4,Visual,4,8,5,Medium,0
S0169,23,Female,Medium,Secondary,Nuclear,No,1.66,High,3,107,3,No,95,4,43,32,3.7,20,10,Mixed,4,0,2,High,1
S0170,20,Female,Medium,Primary,Single Parent,No,2.54,High,4,33,6,No,40,4,78,77,15.6,10,8,Kinesthetic,5,5,0,Medium,0
S0171,19,Male,Low,Primary,Nuclear,No,3.98,Low,2,25,4,No,88,8,97,92,6.0,28,4,Auditory,3,2,2,Medium,0
S0172,24,Female,Medium,Primary,Joint,Yes,1.69,Medium,1,87,6,Yes,50,1,98,39,10.8,16,5,Mixed,3,6,3,Low,1
S0173,18,Female,Low,Graduate,Nuclear,No,2.31,Medium,0,104,3,No,54,9,36,72,13.9,29,8,Auditory,3,5,1,Medium,0
S0174,25,Female,High,Secondary,Joint,No,3.37,Low,1,34,6,Yes,89,1,94,53,1.8,13,3,Auditory,4,6,4,High,0
S0175,19,Other,High,Primary,Nuclear,No,1.6,Medium,5,76,7,No,89,7,47,98,9.3,13,8,Visual,1,0,3,Medium,0
S0176,20,Male,Medium,Secondary,Nuclear,No,2.03,Medium,1,20,6,No,74,4,77,55,8.3,27,2,Visual,5,2,5,Medium,0
S0177,23,Female,Low,Postgraduate,Nuclear,No,2.6,Low,0,29,7,No,73,7,58,77,2.9,11,3,Mixed,5,8,3,Medium,0
S0178,17,Female,Medium,Primary,Nuclear,No,1.96,Medium,5,55,5,No,85,6,91,100,15.8,21,1,Visual,3,4,1,High,1
S0179,21,Female,Medium,Graduate,Single Parent,No,3.03,Low,3,80,6,Yes,84,1,84,23,17.1,20,5,Mixed,2,3,0,High,0
S0180,18,Female,Low,Graduate,Nuclear,Yes,2.05,Medium,2,101,7,No,70,5,33,85,19.9,29,9,Mixed,1,7,5,Medium,0
S0181,25,Female,Medium,Secondary,Guardian,Yes,1.96,Medium,3,56,5,No,87,0,57,84,11.9,10,10,Visual,4,7,5,Low,0
S0182,25,Female,Medium,Graduate,Nuclear,No,3.29,Low,4,118,3,No,80,5,38,81,18.4,18,3,Auditory,5,3,5,Low,0
S0183,21,Male,Medium,Graduate,Nuclear,Yes,3.43,High,3,26,3,No,62,3,46,21,10.0,29,1,Visual,1,1,3,Medium,0
S0184,22,Male,High,Secondary,Nuclear,No,3.37,Medium,3,106,5,No,46,4,76,32,17.1,18,8,Mixed,1,9,2,Medium,0
S0185,25,Female,Medium,Graduate,Nuclear,No,3.79,Low,0,99,3,Yes,69,6,52,52,16.9,8,1,Kinesthetic,5,5,1,Medium,0
S0186,22,Male,Medium,Secondary,Nuclear,Yes,2.35,Low,4,29,7,No,96,5,95,53,14.4,26,6,Mixed,2,6,4,Low,0
S0187,19,Male,Low,Secondary,Nuclear,No,3.92,Low,4,52,5,No,84,8,99,67,17.0,12,9,Visual,2,3,0,Medium,0
S0188,25,Male,Medium,Postgraduate,Joint,No,3.66,High,1,62,4,No,82,9,88,90,15.9,8,6,Mixed,1,10,5,High,0
S0189,23,Female,Low,Secondary,Nuclear,Yes,2.59,Medium,0,67,5,Yes,75,6,78,86,15.9,22,2,Visual,1,1,3,Low,0
S0190,18,Female,Low,Postgraduate,Guardian,Yes,2.98,Medium,1,22,3,No,86,6,30,30,9.6,16,9,Mixed,1,3,0,Low,0
S0191,24,Female,High,Postgraduate,Nuclear,Yes,2.59,Medium,5,92,4,Yes,55,4,59,20,4.1,21,2,Auditory,4,4,1,Medium,1
S0192,18,Female,High,Primary,Nuclear,Yes,3.86,Low,4,22,6,Yes,85,8,86,89,11.6,4,2,Mixed,5,10,1,Medium,0
S0193,18,Male,Medium,Secondary,Nuclear,No,1.56,Medium,5,115,7,Yes,90,8,76,97,18.3,29,10,Visual,4,8,4,Low,0
S0194,22,Male,Medium,Graduate,Guardian,No,3.06,High,0,22,5,No,76,4,36,53,8.4,12,1,Mixed,2,8,3,Low,0
S0195,25,Female,High,Secondary,Nuclear,Yes,2.85,High,1,43,5,Yes,80,8,72,41,6.5,23,6,Mixed,4,5,1,High,0
S0196,19,Male,Low,Graduate,Joint,Yes,1.73,Medium,1,102,6,No,44,6,51,27,19.1,5,2,Auditory,2,4,2,Medium,1
S0197,19,Female,Low,Secondary,Joint,No,1.53,High,0,52,3,No,55,6,77,92,12.9,23,3,Auditory,2,7,3,Medium,1
S0198,23,Male,Low,Graduate,Joint,Yes,2.33,Medium,0,113,4,No,46,5,100,26,8.3,24,5,Kinesthetic,5,7,0,Low,0
S0199,21,Female,Medium,None,Nuclear,Yes,3.21,Low,4,105,7,No,50,3,34,69,19.6,18,10,Mixed,4,10,0,Low,0
S0200,19,Male,Low,Graduate,Joint,No,2.22,High,4,42,7,No,63,0,73,69,14.7,5,1,Mixed,1,4,5,Low,0
S0201,21,Female,Medium,Graduate,Joint,No,2.55,Medium,5,84,3,No,49,3,89,27,8.2,21,7,Kinesthetic,4,2,3,Medium,0
S0202,19,Female,Medium,Secondary,Joint,No,3.6,High,4,101,4,No,57,2,60,64,6.4,6,10,Mixed,4,5,1,Low,0
S0203,25,Other,Low,Primary,Joint,No,2.78,Low,2,85,6,No,88,5,86,54,1.5,8,3,Kinesthetic,3,0,2,Low,0
S0204,20,Other,High,Postgraduate,Joint,Yes,2.9,Medium,4,36,3,Yes,72,10,31,29,4.8,18,5,Kinesthetic,5,5,5,Medium,0
S0205,22,Female,Low,Secondary,Joint,No,1.81,Medium,5,60,6,No,87,1,42,30,9.3,4,10,Auditory,3,4,2,Low,0
S0206,18,Male,Low,Graduate,Single Parent,Yes,3.34,Medium,5,100,6,No,56,4,59,45,6.1,11,4,Auditory,4,2,2,Medium,0
S0207,18,Male,Medium,Secondary,Nuclear,No,2.87,Low,1,24,4,Yes,86,4,49,40,15.4,7,8,Visual,2,4,2,High,0
S0208,25,Female,Low,Secondary,Nuclear,No,3.21,Medium,3,66,5,No,93,6,35,81,12.0,2,3,Mixed,5,4,5,Medium,0
S0209,17,Male,Low,Postgraduate,Single Parent,Yes,3.07,Medium,3,113,7,Yes,98,2,87,80,18.6,24,1,Auditory,4,7,1,Medium,0
S0210,17,Female,Low,Primary,Nuclear,No,3.97,High,3,25,6,No,42,7,37,92,14.0,28,6,Kinesthetic,2,8,5,Medium,0
S0211,18,Male,Medium,Postgraduate,Nuclear,No,3.81,Low,0,54,3,Yes,83,3,74,43,10.1,9,6,Visual,3,10,2,Low,0
S0212,17,Female,Medium,Primary,Joint,No,2.84,Medium,3,110,5,Yes,69,6,71,23,19.6,22,3,Kinesthetic,5,7,2,Medium,0
S0213,23,Female,Medium,Primary,Joint,No,1.52,High,4,110,7,No,60,9,30,89,12.1,14,5,Mixed,2,5,5,Medium,0
S0214,23,Female,Low,None,Joint,No,3.65,High,4,59,7,Yes,55,8,58,26,3.1,14,3,Visual,5,6,4,High,1
S0215,17,Male,Medium,Graduate,Single Parent,No,3.0,Medium,1,105,5,No,63,5,87,84,2.0,17,1,Mixed,3,0,0,Medium,0
S0216,19,Male,Medium,Postgraduate,Single Parent,No,1.98,Low,0,36,7,No,58,8,89,35,11.1,14,1,Kinesthetic,5,10,2,Medium,1
S0217,19,Female,Medium,Graduate,Guardian,No,1.78,Medium,1,101,3,No,68,2,42,85,10.5,14,8,Visual,3,0,1,Low,0
S0218,23,Male,High,Secondary,Nuclear,No,2.56,Medium,2,95,7,No,95,0,67,73,11.6,16,10,Mixed,5,3,2,Medium,0
S0219,18,Female,Low,Postgraduate,Nuclear,No,3.95,Medium,1,30,5,No,67,10,57,84,5.0,2,1,Visual,1,4,2,Medium,0
S0220,20,Female,Low,Graduate,Joint,Yes,3.11,Low,3,29,5,No,58,6,81,61,10.3,3,1,Mixed,3,7,3,Medium,1
S0221,25,Female,Medium,None,Nuclear,No,3.92,Medium,5,67,3,Yes,86,6,56,33,16.6,26,7,Visual,5,8,3,Medium,0
S0222,22,Male,High,Postgraduate,Guardian,Yes,3.99,Medium,5,81,7,No,77,3,80,47,7.2,16,8,Mixed,5,1,1,High,0
S0223,25,Male,Medium,Secondary,Nuclear,Yes,3.65,Medium,4,44,4,No,61,7,68,47,8.3,10,9,Visual,1,5,2,Medium,0
S0224,23,Male,High,Postgraduate,Nuclear,Yes,1.61,Medium,4,100,6,Yes,55,9,43,66,8.9,19,1,Auditory,1,9,5,Medium,1
S0225,20,Male,High,Graduate,Single Parent,Yes,2.9,Medium,2,104,4,No,41,8,65,44,3.9,24,4,Visual,4,8,2,High,1
S0226,21,Female,High,Graduate,Nuclear,No,2.49,Medium,5,68,7,No,80,10,82,99,11.9,28,3,Visual,5,1,0,Low,0
S0227,22,Female,High,Primary,Joint,No,2.96,Low,2,102,7,No,42,3,33,59,13.8,20,3,Kinesthetic,3,9,4,Low,1
S0228,24,Male,Medium,Secondary,Nuclear,No,3.03,Low,0,25,5,Yes,89,6,92,82,7.2,22,2,Kinesthetic,4,10,0,Medium,0
S0229,23,Female,Low,Secondary,Nuclear,Yes,2.61,Low,0,64,3,Yes,82,0,77,68,11.9,8,9,Kinesthetic,5,2,4,Medium,0
S0230,22,Male,Medium,Secondary,Single Parent,No,2.21,High,5,37,4,No,91,5,74,41,7.0,17,10,Visual,5,5,1,Medium,0
S0231,22,Male,Low,Graduate,Joint,No,2.76,Medium,5,52,4,No,71,4,44,49,15.0,24,4,Mixed,3,9,4,High,0
S0232,23,Male,Medium,Primary,Nuclear,No,2.9,Medium,4,101,4,No,98,6,97,86,16.8,17,9,Mixed,3,1,4,Medium,0
S0233,20,Female,Low,None,Nuclear,Yes,3.21,Low,0,109,3,No,83,5,42,78,10.5,26,7,Visual,2,4,0,Low,0
S0234,17,Female,Low,Secondary,Nuclear,No,2.6,Low,4,69,4,No,81,3,66,46,9.0,16,2,Visual,3,1,5,Low,0
S0235,23,Male,Medium,Postgraduate,Nuclear,No,1.78,Low,0,119,5,No,59,7,63,33,12.5,14,7,Visual,1,9,0,Low,1
S0236,22,Female,High,Graduate,Nuclear,Yes,1.92,Low,3,107,6,No,63,4,65,51,13.7,24,6,Visual,1,10,0,Medium,0
S0237,19,Female,Medium,Secondary,Nuclear,Yes,3.26,Medium,3,59,6,No,45,6,58,33,7.2,17,10,Visual,1,1,3,Medium,0
S0238,23,Male,Medium,Primary,Nuclear,Yes,3.34,Low,5,103,6,Yes,98,6,46,51,17.7,13,1,Auditory,3,4,5,Low,0
S0239,22,Other,Medium,Secondary,Single Parent,No,3.66,Low,1,76,4,No,99,6,88,67,4.1,8,8,Kinesthetic,1,1,3,Medium,0
S0240,17,Male,High,Primary,Nuclear,No,1.92,Low,5,62,6,No,45,8,58,46,13.6,19,7,Kinesthetic,2,1,3,Low,1
S0241,18,Female,Low,Secondary,Nuclear,No,3.21,High,5,117,6,No,98,4,35,50,14.6,2,2,Visual,3,9,3,High,0
S0242,23,Female,Medium,Secondary,Joint,No,2.85,High,1,77,3,No,51,10,71,33,9.4,11,5,Mixed,2,4,5,Low,0
S0243,25,Female,Medium,Graduate,Nuclear,Yes,1.5,Medium,3,113,7,Yes,44,3,84,82,13.3,24,3,Kinesthetic,1,9,2,Medium,1
S0244,23,Male,Low,Graduate,Joint,No,3.88,Medium,2,106,4,Yes,95,5,96,25,4.3,26,8,Kinesthetic,1,3,3,Low,0
S0245,19,Female,Medium,Secondary,Joint,Yes,1.6,Low,4,68,7,No,48,7,86,90,1.6,12,2,Visual,5,0,4,Medium,1
S0246,20,Male,Low,Graduate,Joint,No,3.53,Low,0,108,4,No,99,2,98,40,3.2,27,9,Mixed,5,9,5,Medium,0
S0247,20,Male,Medium,Graduate,Nuclear,Yes,1.69,Low,1,112,7,No,44,3,76,57,8.3,13,8,Kinesthetic,3,4,1,Low,1
S0248,19,Male,Medium,Primary,Nuclear,Yes,3.96,High,2,98,5,Yes,66,2,88,36,19.8,9,8,Visual,1,1,3,Low,0
S0249,21,Male,Medium,Primary,Nuclear,No,3.99,Low,0,112,4,Yes,79,8,38,86,10.5,23,9,Kinesthetic,4,4,0,High,0
S0250,24,Female,High,None,Joint,No,3.55,High,0,48,5,No,97,8,33,95,6.2,28,10,Visual,1,8,4,High,0
S0251,18,Female,Medium,Secondary,Single Parent,No,2.71,Low,2,74,3,Yes,64,4,34,28,10.1,21,10,Mixed,3,3,0,High,0
S0252,25,Male,Medium,Postgraduate,Guardian,No,3.23,Medium,1,32,4,No,62,6,86,66,7.3,26,5,Visual,1,7,4,Low,0
S0253,20,Female,High,Secondary,Single Parent,Yes,2.8,Medium,0,20,3,No,83,3,37,92,7.3,17,6,Auditory,4,0,2,Medium,0
S0254,21,Female,Medium,Postgraduate,Nuclear,No,2.23,Medium,0,75,3,No,52,7,63,100,19.0,14,3,Visual,2,1,4,High,1
S0255,19,Male,Medium,None,Single Parent,Yes,3.09,Medium,3,23,4,No,41,2,50,44,8.6,13,5,Mixed,4,1,1,Low,0
S0256,24,Male,High,Secondary,Single Parent,No,2.03,Low,3,31,3,No,46,0,32,39,3.2,3,6,Auditory,2,9,3,Medium,0
S0257,23,Male,High,Graduate,Nuclear,No,3.56,Medium,0,106,5,No,77,9,89,29,3.8,21,1,Kinesthetic,4,5,5,Low,0
S0258,17,Male,Medium,Postgraduate,Nuclear,Yes,3.53,Low,4,119,5,No,99,6,82,72,1.5,12,1,Auditory,1,0,4,Low,0
S0259,25,Female,Low,Graduate,Joint,No,2.72,Low,0,52,6,No,50,1,30,89,14.9,8,4,Visual,3,1,2,Medium,0
S0260,23,Female,Low,Graduate,Joint,No,1.5,High,5,22,6,No,81,9,50,28,10.5,22,6,Auditory,4,9,3,High,1
S0261,25,Female,Low,Postgraduate,Nuclear,No,2.06,Medium,2,91,4,No,47,8,89,49,17.7,17,9,Auditory,4,8,4,Medium,0
S0262,20,Female,Low,None,Nuclear,Yes,2.64,Medium,2,32,7,No,41,10,57,53,16.7,11,6,Visual,2,5,4,Medium,0
S0263,25,Female,Medium,Postgraduate,Nuclear,No,1.77,Medium,3,91,4,No,57,7,38,79,8.8,13,2,Visual,3,5,3,Medium,1
S0264,19,Male,High,Primary,Nuclear,No,2.52,Low,0,46,6,No,68,5,49,57,7.9,26,2,Visual,1,2,3,Medium,0
S0265,18,Female,Low,Primary,Nuclear,No,3.89,Medium,3,41,4,No,67,0,76,82,14.6,29,6,Visual,2,6,4,Low,0
S0266,25,Male,Medium,Secondary,Single Parent,No,1.66,High,1,118,6,No,96,9,55,62,11.2,8,5,Visual,4,1,0,High,1
S0267,25,Female,Low,Secondary,Nuclear,No,3.82,Low,5,46,6,Yes,42,0,35,75,10.6,2,9,Auditory,5,9,1,High,1
S0268,19,Female,Medium,Secondary,Nuclear,No,3.62,Medium,3,65,5,Yes,65,8,72,23,8.1,16,1,Visual,4,6,1,Medium,0
S0269,24,Female,Medium,Postgraduate,Single Parent,No,1.99,High,4,24,4,No,59,6,35,87,13.8,16,6,Mixed,2,2,2,Low,1
S0270,18,Female,Medium,Graduate,Guardian,No,1.77,Medium,2,45,7,No,45,2,34,51,14.6,27,9,Auditory,4,0,4,Low,1
S0271,20,Male,Low,Graduate,Nuclear,Yes,3.88,High,2,46,5,No,49,2,44,76,4.6,9,5,Auditory,2,10,0,Medium,0
S0272,19,Male,Low,Secondary,Joint,No,1.9,Low,1,61,6,Yes,77,1,93,49,4.3,12,10,Auditory,3,6,2,Medium,0
S0273,19,Female,Medium,Primary,Joint,No,1.95,High,0,41,6,Yes,47,1,93,76,1.7,23,5,Auditory,3,0,3,Low,1
S0274,21,Female,Medium,Secondary,Single Parent,Yes,1.84,Low,5,93,6,No,72,10,39,71,16.2,26,5,Mixed,2,6,0,Medium,0
S0275,22,Female,Medium,Postgraduate,Joint,No,2.42,Medium,1,117,4,No,65,3,87,63,7.5,14,8,Auditory,4,8,0,Medium,0
S0276,24,Female,Medium,Postgraduate,Nuclear,No,2.96,Medium,5,59,6,Yes,74,7,56,41,5.6,16,10,Kinesthetic,3,5,1,Medium,0
S0277,24,Female,Medium,Secondary,Single Parent,Yes,2.04,Medium,3,110,6,No,97,10,85,50,18.5,5,6,Kinesthetic,5,5,1,High,0
S0278,19,Male,Low,Primary,Nuclear,Yes,1.69,Medium,1,35,7,No,86,7,82,62,2.0,5,8,Auditory,1,6,1,Medium,0
S0279,23,Male,Medium,Graduate,Nuclear,No,3.16,Medium,2,95,5,Yes,99,1,47,97,18.5,10,5,Auditory,2,1,3,Low,0
S0280,19,Female,Medium,Primary,Nuclear,No,3.22,Low,3,99,5,No,79,5,47,20,16.8,13,5,Kinesthetic,3,5,2,Medium,0
S0281,24,Female,Medium,Graduate,Joint,Yes,1.7,Low,3,77,6,No,47,9,32,64,10.2,2,5,Kinesthetic,4,3,3,High,1
S0282,25,Male,Medium,Secondary,Nuclear,No,2.88,Medium,2,31,3,No,60,3,96,61,13.8,13,9,Auditory,2,3,0,Medium,0
S0283,22,Male,Medium,Secondary,Single Parent,No,2.11,Medium,1,54,4,No,90,4,44,85,18.1,1,5,Visual,5,1,0,Medium,0
S0284,21,Female,Medium,None,Nuclear,No,1.65,High,4,102,3,No,51,9,69,92,15.9,8,10,Auditory,1,9,3,Medium,1
S0285,23,Other,Low,None,Nuclear,No,2.35,High,0,21,5,No,69,8,43,95,7.9,28,9,Visual,4,10,2,Medium,0
S0286,19,Male,Low,None,Nuclear,No,3.72,High,5,37,4,Yes,43,10,87,89,8.1,6,1,Mixed,4,3,5,Medium,1
S0287,23,Female,Medium,Postgraduate,Nuclear,No,3.43,Medium,0,31,6,Yes,50,5,78,37,15.2,17,5,Auditory,5,5,0,Low,0
S0288,22,Female,Low,Secondary,Nuclear,Yes,3.64,Medium,4,51,4,No,75,4,70,42,16.7,10,9,Kinesthetic,2,6,5,Low,0
S0289,19,Male,Low,Graduate,Nuclear,No,3.64,Medium,2,74,6,Yes,55,0,50,40,19.2,11,7,Kinesthetic,1,0,5,Medium,0
S0290,24,Male,Medium,Secondary,Nuclear,Yes,3.21,Medium,2,94,3,Yes,44,9,87,23,14.2,28,2,Visual,1,9,2,High,1
S0291,18,Male,Low,Secondary,Nuclear,No,2.12,Medium,0,38,4,No,67,9,58,55,3.2,5,3,Kinesthetic,1,10,5,Low,0
S0292,20,Female,Medium,Graduate,Nuclear,No,2.94,Medium,4,58,6,No,94,10,33,73,17.3,12,3,Kinesthetic,3,7,0,Medium,0
S0293,25,Female,Low,Secondary,Nuclear,No,3.57,Medium,4,61,4,No,46,2,53,55,13.4,4,3,Auditory,5,6,3,Medium,1
S0294,19,Female,Medium,Graduate,Nuclear,No,1.52,Low,0,51,7,No,69,1,78,28,5.0,12,1,Visual,3,3,4,Low,1
S0295,22,Female,Medium,Secondary,Nuclear,Yes,2.71,Medium,1,25,6,Yes,90,8,58,92,1.8,2,1,Auditory,2,0,0,Low,0
S0296,21,Female,Low,Postgraduate,Nuclear,Yes,2.63,High,5,48,3,No,52,9,77,77,6.5,6,6,Kinesthetic,2,3,3,Medium,0
S0297,25,Male,Low,None,Nuclear,No,2.59,High,5,97,3,No,81,6,57,64,6.5,21,1,Auditory,4,0,1,Medium,0
S0298,19,Female,Medium,Graduate,Guardian,No,2.27,High,4,30,3,No,71,8,44,99,11.3,27,10,Kinesthetic,1,5,4,High,0
S0299,21,Male,High,None,Single Parent,No,1.78,Medium,5,107,4,No,52,4,48,50,15.2,28,2,Mixed,2,0,5,High,1
S0300,21,Male,Medium,Graduate,Joint,Yes,2.56,Medium,2,73,4,No,94,4,51,100,12.6,10,10,Visual,3,1,4,Medium,0
S0301,24,Male,Low,Postgraduate,Nuclear,No,3.48,High,0,76,6,No,44,3,98,37,11.8,5,3,Visual,2,2,3,Medium,1
S0302,20,Other,Medium,Secondary,Nuclear,No,2.02,Low,2,81,3,No,51,5,33,49,7.1,14,10,Mixed,4,10,1,Medium,0
S0303,22,Male,Medium,Primary,Nuclear,No,3.89,Low,5,45,6,No,64,5,53,52,15.9,15,1,Auditory,2,9,0,High,0
S0304,22,Other,Low,Primary,Joint,No,2.19,Low,5,25,7,No,71,6,71,68,11.3,22,1,Auditory,5,8,1,Medium,0
S0305,18,Male,Low,Secondary,Nuclear,No,3.22,Medium,0,28,6,No,50,2,49,27,10.7,8,2,Kinesthetic,5,4,5,High,1
S0306,23,Female,Medium,Secondary,Nuclear,Yes,1.52,High,5,90,3,No,59,3,96,77,19.0,9,10,Visual,5,8,5,Medium,1
S0307,17,Female,Low,Postgraduate,Nuclear,Yes,2.28,Low,0,59,7,No,93,1,60,44,11.9,29,8,Mixed,5,3,2,High,0
S0308,22,Male,Medium,Secondary,Nuclear,No,3.32,High,1,91,7,Yes,43,5,99,57,5.4,15,4,Mixed,5,0,5,Medium,0
S0309,25,Male,Low,Secondary,Joint,Yes,1.66,High,5,34,4,No,79,10,92,37,1.6,7,7,Visual,1,3,3,Medium,0
S0310,19,Male,Medium,Graduate,Nuclear,No,2.03,Medium,3,62,5,Yes,78,9,67,32,9.9,1,4,Mixed,4,7,1,High,0
S0311,20,Female,Medium,Secondary,Nuclear,No,1.92,Medium,5,74,5,No,60,6,73,69,14.7,19,7,Mixed,2,1,1,High,1
S0312,25,Female,High,Primary,Nuclear,No,2.68,Medium,4,117,6,No,80,3,38,71,17.8,10,5,Visual,3,2,3,Medium,0
S0313,21,Male,Low,Postgraduate,Single Parent,Yes,2.33,Low,5,31,7,No,40,1,45,30,9.3,9,5,Kinesthetic,5,8,3,Medium,0
S0314,17,Male,Low,Secondary,Nuclear,No,3.07,Medium,2,44,7,No,91,9,32,49,9.1,3,8,Visual,4,3,5,Medium,0
S0315,21,Male,Low,Primary,Nuclear,No,1.91,Medium,1,32,3,No,99,6,41,96,6.1,12,7,Auditory,2,7,4,Medium,0
S0316,20,Male,Medium,Graduate,Nuclear,Yes,3.39,Medium,2,64,4,No,82,9,52,52,8.1,5,4,Auditory,5,0,1,Low,0
S0317,23,Male,Low,Primary,Guardian,Yes,2.71,High,5,48,3,No,92,2,89,70,5.4,8,2,Auditory,5,7,4,Low,0
S0318,23,Male,Low,Graduate,Nuclear,Yes,1.9,Low,1,93,5,Yes,71,3,79,99,19.1,18,10,Visual,5,1,1,High,1
S0319,19,Female,Low,Secondary,Nuclear,No,2.46,High,5,52,6,Yes,75,10,70,28,4.3,18,10,Auditory,3,1,2,High,0
S0320,19,Female,Low,None,Guardian,No,3.69,Medium,0,74,7,Yes,97,9,45,59,1.8,2,1,Auditory,4,0,1,Low,0
S0321,22,Female,High,Primary,Nuclear,No,2.07,High,2,102,5,No,66,4,87,36,10.3,5,4,Auditory,1,9,4,High,0
S0322,19,Male,Medium,Primary,Nuclear,Yes,2.56,High,2,95,5,Yes,58,0,90,84,17.4,16,3,Visual,4,2,2,High,1
S0323,23,Female,Low,Postgraduate,Nuclear,No,3.66,Medium,1,39,4,No,77,10,98,50,15.2,11,4,Mixed,1,3,5,Medium,0
S0324,23,Female,Low,Graduate,Joint,No,1.66,Medium,5,93,4,No,93,4,50,97,8.8,27,5,Kinesthetic,1,5,2,High,1
S0325,20,Other,High,Postgraduate,Nuclear,No,2.8,Medium,5,53,7,No,59,6,71,77,13.9,16,8,Visual,3,2,4,Medium,0
S0326,17,Female,High,Primary,Nuclear,Yes,1.68,Medium,2,53,3,Yes,51,10,47,43,7.7,2,9,Auditory,4,0,5,Low,1
S0327,21,Female,High,Secondary,Single Parent,Yes,2.76,Medium,1,105,6,Yes,78,6,31,87,6.3,14,2,Kinesthetic,3,6,0,Medium,0
S0328,22,Female,Medium,Primary,Nuclear,No,2.25,High,2,58,4,Yes,94,10,64,70,12.5,18,5,Auditory,1,2,1,Low,0
S0329,21,Female,Medium,Secondary,Single Parent,No,1.67,Medium,0,106,5,Yes,84,9,66,81,18.7,26,1,Mixed,2,1,4,Medium,1
S0330,19,Female,Medium,Secondary,Nuclear,No,3.39,Low,0,117,3,No,64,5,55,82,15.1,25,3,Mixed,1,10,3,Low,0
S0331,22,Female,High,None,Nuclear,No,1.51,Low,1,89,6,No,76,7,89,72,16.5,24,10,Visual,3,3,3,High,1
S0332,22,Male,Low,Postgraduate,Nuclear,No,2.64,High,0,107,3,No,52,5,63,64,14.6,19,8,Mixed,5,8,2,Medium,0
S0333,24,Other,Medium,Secondary,Nuclear,No,3.18,High,4,62,7,No,48,4,77,68,2.1,13,6,Auditory,1,9,4,Medium,0
S0334,25,Female,Medium,Primary,Nuclear,No,2.56,High,5,39,3,No,57,3,83,53,18.2,27,9,Auditory,1,9,5,Medium,0
S0335,20,Male,Low,Secondary,Nuclear,No,3.84,Medium,4,27,3,No,48,10,85,31,9.1,19,8,Visual,4,6,4,Medium,0
S0336,23,Male,Low,Secondary,Single Parent,No,1.81,Low,0,43,7,No,74,4,91,60,19.4,11,3,Auditory,2,7,3,Medium,1
S0337,19,Female,Low,Graduate,Single Parent,No,2.09,Low,0,21,6,No,94,7,66,83,13.9,5,2,Visual,3,0,1,Medium,0
S0338,21,Female,Medium,Secondary,Nuclear,Yes,2.93,Low,0,87,3,No,96,5,37,73,16.6,13,10,Auditory,4,5,4,Low,0
S0339,20,Male,Low,Primary,Nuclear,Yes,2.89,Medium,4,71,6,Yes,67,2,30,32,10.6,16,2,Mixed,2,9,4,Medium,0
S0340,20,Male,Low,Primary,Joint,Yes,2.98,Medium,2,88,4,No,99,1,69,57,6.9,9,2,Auditory,3,5,2,Medium,0
S0341,20,Male,Medium,Graduate,Nuclear,No,3.32,Medium,2,46,7,Yes,46,3,38,47,7.4,26,10,Mixed,3,8,2,Medium,0
S0342,20,Female,Medium,Graduate,Nuclear,No,3.08,Low,2,20,6,No,62,5,76,72,13.6,17,10,Visual,1,7,5,High,0
S0343,25,Male,High,Primary,Joint,No,2.1,Medium,0,60,3,No,87,9,89,69,8.5,28,2,Mixed,2,6,0,Medium,0
S0344,20,Other,Medium,Secondary,Nuclear,No,1.86,Medium,5,82,7,No,85,9,73,54,8.7,17,5,Visual,1,5,3,Medium,0
S0345,25,Male,Medium,Secondary,Joint,No,2.4,Low,5,55,4,No,53,3,37,41,10.3,17,9,Auditory,5,0,5,Low,0
S0346,25,Other,High,Secondary,Joint,Yes,3.24,Medium,1,106,7,No,81,2,56,61,14.2,4,4,Auditory,2,10,5,Low,0
S0347,17,Female,Low,None,Nuclear,Yes,1.77,Medium,1,114,6,No,77,3,32,43,13.8,27,9,Auditory,1,7,3,Medium,0
S0348,18,Female,High,Graduate,Nuclear,No,2.36,Medium,1,100,6,No,63,5,45,88,12.7,23,1,Kinesthetic,3,3,4,Low,0
S0349,18,Female,Low,Postgraduate,Joint,No,3.64,Low,0,97,7,No,59,9,46,76,3.5,2,7,Kinesthetic,4,10,0,Medium,0
S0350,18,Female,Low,Graduate,Nuclear,Yes,1.69,High,1,54,4,No,85,6,75,49,16.4,4,10,Auditory,5,9,1,Low,0
S0351,18,Female,Low,Secondary,Joint,No,2.84,Medium,5,83,4,No,88,6,30,76,2.6,21,9,Kinesthetic,3,3,5,Low,0
S0352,25,Male,Low,Secondary,Nuclear,No,3.72,High,0,27,7,No,67,9,51,85,11.0,29,2,Visual,4,2,4,Medium,0
S0353,20,Male,Medium,Secondary,Nuclear,No,2.33,Medium,2,102,5,No,40,5,42,27,16.9,16,5,Visual,1,0,1,Low,0
S0354,20,Male,Medium,Secondary,Joint,No,2.54,Medium,3,101,4,No,53,9,99,76,14.3,1,5,Visual,1,10,5,Medium,0
S0355,19,Male,High,None,Joint,Yes,3.75,Low,5,106,4,Yes,93,10,95,28,14.7,22,8,Visual,4,6,3,Low,0
S0356,20,Male,High,Secondary,Joint,No,2.06,Medium,5,68,3,No,51,4,54,44,15.3,4,8,Kinesthetic,3,9,4,Low,0
S0357,17,Other,Low,Graduate,Single Parent,No,3.03,High,4,83,7,No,62,1,32,89,2.4,9,2,Visual,3,7,1,Low,0
S0358,23,Female,Medium,Postgraduate,Nuclear,Yes,2.58,Low,0,38,4,No,65,1,93,50,3.7,25,7,Visual,2,9,1,High,0
S0359,23,Male,Medium,Postgraduate,Nuclear,No,2.48,Medium,1,99,4,Yes,56,0,79,69,16.1,27,5,Mixed,3,3,3,Low,0
S0360,22,Female,Low,Secondary,Joint,No,1.81,Medium,1,83,7,No,71,3,97,35,11.3,27,4,Auditory,3,1,2,High,1
S0361,18,Female,Low,None,Nuclear,No,1.93,Medium,1,64,6,No,84,4,44,94,6.7,28,4,Kinesthetic,2,4,4,High,1
S0362,24,Female,Low,Primary,Joint,No,3.48,High,2,35,6,No,62,10,93,21,5.1,16,7,Visual,5,9,2,Medium,0
S0363,23,Male,Medium,Primary,Single Parent,Yes,3.68,Medium,1,41,3,No,77,2,57,69,15.2,27,3,Auditory,2,6,4,Low,0
S0364,18,Male,Medium,Graduate,Nuclear,No,1.9,Medium,4,29,4,No,74,5,32,38,3.7,21,9,Visual,4,3,1,Medium,0
S0365,24,Other,Medium,Primary,Joint,No,3.45,Low,5,99,3,No,90,2,80,75,7.1,3,10,Visual,1,6,4,High,0
S0366,19,Female,Medium,Secondary,Nuclear,No,3.61,Medium,5,49,6,Yes,62,6,91,56,14.0,4,2,Mixed,5,3,0,Medium,0
S0367,17,Female,Low,Secondary,Single Parent,Yes,3.63,Medium,3,119,4,No,55,7,51,22,7.0,13,9,Visual,4,4,3,Medium,0
S0368,19,Female,Low,Graduate,Nuclear,Yes,1.56,Low,0,34,7,No,76,10,70,85,15.8,7,3,Visual,5,8,5,Low,1
S0369,20,Other,High,Secondary,Joint,No,3.61,Medium,2,43,3,Yes,73,7,74,75,18.0,18,5,Mixed,2,2,5,Low,0
S0370,24,Male,Low,Postgraduate,Nuclear,No,3.32,Medium,0,114,4,No,60,10,87,68,9.8,18,4,Mixed,5,1,4,Medium,0
S0371,18,Male,Low,Graduate,Nuclear,No,3.96,Medium,1,27,6,No,44,3,88,84,11.7,1,3,Mixed,4,7,4,High,1
S0372,21,Male,Medium,Graduate,Nuclear,No,1.87,Medium,2,54,4,No,81,3,60,64,13.3,2,7,Mixed,2,10,2,Low,0
S0373,24,Female,Low,Secondary,Nuclear,Yes,2.0,Medium,1,36,6,Yes,78,2,95,44,11.4,7,5,Visual,5,6,4,Medium,0
S0374,20,Female,Low,None,Nuclear,No,3.46,Medium,3,59,4,No,78,0,63,35,2.1,16,3,Mixed,4,4,5,Low,0
S0375,17,Female,Low,None,Joint,No,1.83,Low,0,105,6,No,60,6,96,76,17.2,15,8,Visual,3,8,3,Medium,0
S0376,17,Male,Medium,Graduate,Single Parent,No,1.99,Medium,1,41,3,No,84,5,79,52,11.6,14,7,Kinesthetic,3,0,3,Low,0
S0377,21,Female,Low,Postgraduate,Nuclear,No,2.89,High,4,86,7,No,82,3,42,48,12.7,28,4,Visual,4,10,2,Medium,0
S0378,23,Female,Medium,Graduate,Nuclear,No,3.55,Medium,3,70,3,Yes,63,3,46,60,10.9,4,8,Visual,3,4,5,Medium,0
S0379,19,Female,Low,Graduate,Joint,Yes,2.44,Medium,2,62,5,Yes,52,6,50,93,3.2,16,7,Auditory,4,8,0,Low,0
S0380,20,Male,High,Secondary,Nuclear,No,3.79,High,0,108,5,No,60,0,52,46,1.5,6,4,Kinesthetic,3,0,4,Medium,0
S0381,18,Male,Medium,Primary,Nuclear,No,1.9,Medium,3,88,6,No,91,5,80,33,7.4,7,7,Mixed,2,9,0,High,1
S0382,18,Female,High,None,Single Parent,No,1.56,Medium,3,74,3,Yes,81,3,82,31,3.9,9,9,Mixed,2,3,1,Low,0
S0383,23,Female,Low,Secondary,Single Parent,Yes,2.66,High,2,119,6,No,48,7,51,99,6.4,25,8,Mixed,5,0,0,Low,0
S0384,25,Male,Medium,Graduate,Nuclear,No,3.39,Medium,3,103,6,No,63,2,98,52,11.9,8,1,Mixed,4,2,4,Medium,0
S0385,20,Male,High,Graduate,Joint,No,3.84,Medium,2,114,5,Yes,44,6,58,68,16.9,15,6,Visual,1,8,4,Medium,0
S0386,18,Female,Medium,None,Nuclear,Yes,2.27,Medium,2,63,7,No,46,6,34,57,4.9,4,3,Mixed,5,5,1,Medium,1
S0387,21,Female,Low,Primary,Nuclear,No,2.83,Medium,2,68,5,No,90,10,48,99,1.9,27,10,Mixed,5,9,2,High,0
S0388,21,Female,Low,Secondary,Single Parent,Yes,2.21,High,3,22,5,Yes,96,1,55,100,18.6,8,7,Auditory,4,0,5,Low,0
S0389,21,Male,Low,None,Joint,No,3.39,Low,2,66,4,No,52,8,82,33,18.2,27,5,Mixed,2,3,0,High,1
S0390,19,Female,Low,Graduate,Joint,No,3.43,High,1,26,7,No,81,9,34,22,7.6,28,3,Visual,4,2,1,High,0
S0391,24,Female,Medium,Secondary,Nuclear,Yes,2.52,Low,2,58,5,No,97,4,60,46,8.1,23,3,Auditory,4,4,3,High,0
S0392,17,Female,Low,None,Single Parent,No,2.85,Medium,1,34,3,No,51,0,50,20,19.9,16,2,Visual,1,10,5,Medium,1
S0393,21,Male,Medium,Primary,Single Parent,No,3.16,Low,4,65,4,No,97,10,35,23,14.7,18,2,Kinesthetic,2,8,3,Low,0
S0394,18,Male,Medium,Graduate,Nuclear,No,3.94,High,4,60,7,Yes,73,6,53,31,4.3,28,10,Visual,4,4,3,Low,0
S0395,18,Male,Low,Secondary,Joint,No,3.21,Medium,4,68,6,No,63,6,95,65,10.7,17,3,Visual,1,6,3,Medium,0
S0396,20,Other,Medium,Graduate,Guardian,Yes,3.97,Medium,4,76,6,Yes,96,5,76,84,7.9,15,3,Kinesthetic,1,0,2,Medium,0
S0397,17,Male,Medium,Secondary,Nuclear,Yes,2.13,High,0,98,3,Yes,69,2,39,63,4.4,4,1,Mixed,1,8,2,Low,0
S0398,18,Male,Low,Primary,Nuclear,No,3.32,Low,1,80,3,No,96,8,32,94,13.7,7,4,Kinesthetic,4,6,2,Low,0
S0399,18,Male,Low,Graduate,Nuclear,Yes,2.98,High,3,108,6,No,47,4,35,64,4.6,25,2,Auditory,5,10,0,High,1
S0400,18,Male,Low,Graduate,Nuclear,No,1.67,Low,5,107,4,Yes,89,10,46,20,15.9,9,6,Kinesthetic,1,9,2,High,1
S0401,17,Male,Low,Primary,Nuclear,No,1.98,Medium,0,22,4,No,88,2,35,38,5.7,6,10,Kinesthetic,5,8,2,Medium,0
S0402,20,Female,Low,Secondary,Nuclear,Yes,2.25,Low,5,82,4,Yes,97,7,99,70,10.7,17,1,Mixed,4,7,0,Low,0
S0403,23,Female,Low,Primary,Guardian,No,2.24,Low,0,79,5,No,54,6,61,59,17.3,27,4,Auditory,1,0,1,High,1
S0404,21,Male,Low,Primary,Nuclear,No,1.71,High,3,72,4,Yes,78,0,92,21,4.4,25,3,Kinesthetic,1,4,5,Medium,1
S0405,20,Male,Medium,Graduate,Single Parent,No,3.79,Low,4,99,6,No,74,1,55,46,9.3,9,1,Auditory,1,5,4,Low,0
S0406,18,Male,Low,Graduate,Nuclear,No,3.99,Medium,2,111,4,Yes,82,8,34,93,3.8,15,5,Mixed,2,10,1,Medium,0
S0407,20,Male,Medium,Secondary,Joint,No,2.95,Medium,0,94,6,No,54,3,99,81,4.6,16,10,Mixed,2,7,4,Medium,0
S0408,22,Male,High,Primary,Nuclear,Yes,1.77,Low,1,37,3,No,69,8,86,50,1.2,14,8,Visual,1,9,3,Medium,0
S0409,17,Female,Medium,Primary,Single Parent,Yes,3.76,Low,1,108,3,Yes,79,3,77,68,11.8,1,3,Auditory,5,2,4,Medium,0
S0410,20,Male,Low,Graduate,Joint,No,2.31,Low,4,105,6,Yes,93,6,36,74,16.8,22,2,Visual,4,3,2,Medium,0
S0411,21,Other,Medium,None,Nuclear,Yes,3.74,Low,4,98,4,No,73,2,43,97,14.9,28,1,Auditory,2,0,2,Low,0
S0412,20,Female,Low,Secondary,Nuclear,Yes,1.52,High,4,31,6,No,51,9,88,24,11.9,10,7,Auditory,1,8,4,Low,1
S0413,20,Female,Medium,Secondary,Nuclear,No,3.41,Medium,4,28,3,No,59,6,40,97,12.7,18,4,Visual,5,5,4,Medium,0
S0414,22,Other,Medium,Postgraduate,Guardian,Yes,3.9,Medium,0,28,6,No,64,6,31,83,1.5,4,6,Kinesthetic,2,5,5,Medium,0
S0415,24,Female,Low,None,Nuclear,Yes,2.37,High,3,112,5,No,54,6,78,38,7.5,18,9,Visual,3,8,0,Low,0
S0416,22,Male,High,Postgraduate,Nuclear,No,2.84,Low,5,95,6,No,78,3,52,40,6.8,20,10,Visual,3,1,4,Low,0
S0417,19,Female,Low,Secondary,Nuclear,Yes,1.72,Low,1,101,3,Yes,40,5,91,34,7.4,11,8,Visual,4,7,3,Medium,1
S0418,19,Male,Medium,Secondary,Nuclear,No,2.55,Medium,0,96,3,No,73,3,86,41,16.8,29,9,Kinesthetic,2,6,3,Medium,0
S0419,22,Male,Medium,Primary,Single Parent,Yes,2.71,Low,5,78,7,Yes,72,8,95,99,5.0,23,3,Visual,1,7,2,Medium,0
S0420,18,Male,Medium,Primary,Nuclear,Yes,2.39,Medium,2,70,6,No,43,0,41,24,19.0,11,6,Mixed,3,4,1,Low,0
S0421,19,Male,High,Postgraduate,Joint,No,2.59,Medium,0,91,4,Yes,63,10,61,23,5.3,10,2,Mixed,3,7,2,Low,0
S0422,22,Male,Low,Graduate,Joint,No,2.04,Medium,1,69,7,No,77,4,53,43,15.5,4,7,Kinesthetic,4,1,2,High,0
S0423,25,Male,Medium,Graduate,Guardian,No,3.32,High,1,111,5,No,66,1,99,81,16.2,24,5,Kinesthetic,3,3,1,Low,0
S0424,21,Female,Medium,Secondary,Nuclear,Yes,1.72,Low,0,113,3,No,65,9,65,92,4.5,5,10,Visual,2,2,0,Low,0
S0425,17,Female,High,Secondary,Joint,No,2.82,Low,4,73,3,No,78,2,82,25,16.6,29,1,Visual,1,7,1,Medium,0
S0426,17,Male,Medium,Graduate,Single Parent,No,3.06,Low,2,82,5,No,56,5,89,59,10.4,23,4,Kinesthetic,5,0,3,Medium,0
S0427,23,Female,Medium,Secondary,Nuclear,Yes,2.59,Low,4,76,5,Yes,84,1,42,24,10.7,22,10,Mixed,5,0,1,Medium,0
S0428,17,Female,Low,None,Single Parent,No,3.82,High,5,79,5,Yes,43,5,79,23,2.7,4,8,Visual,1,2,4,Low,0
S0429,21,Female,High,Secondary,Joint,No,2.84,Medium,2,20,6,No,77,9,51,37,7.5,19,3,Kinesthetic,3,8,0,Medium,0
S0430,23,Female,Medium,Secondary,Nuclear,No,3.07,Low,4,61,5,Yes,64,10,56,79,9.6,13,4,Kinesthetic,3,6,0,High,0
S0431,19,Female,Low,Secondary,Nuclear,No,3.15,Medium,5,31,5,No,72,5,34,57,7.3,28,6,Visual,1,9,2,Medium,0
S0432,19,Male,Medium,Secondary,Nuclear,No,1.74,High,0,32,5,No,70,3,100,43,8.2,17,5,Visual,1,2,4,Medium,0
S0433,24,Female,Low,Postgraduate,Nuclear,Yes,1.69,Low,5,73,5,No,98,7,96,26,7.3,10,10,Visual,5,5,4,Low,0
S0434,21,Male,Medium,Graduate,Nuclear,No,2.44,High,3,117,4,No,45,4,72,84,11.9,26,2,Visual,3,2,4,Low,1
S0435,21,Female,Low,Secondary,Nuclear,No,1.72,Low,4,112,5,Yes,42,3,96,65,18.7,13,9,Visual,4,8,1,Medium,1
S0436,18,Male,Medium,Primary,Nuclear,Yes,3.68,Medium,2,90,3,No,51,6,82,58,13.3,18,7,Visual,3,2,4,Medium,0
S0437,23,Male,Low,Postgraduate,Joint,No,2.04,Low,3,71,5,No,90,7,68,47,3.1,5,1,Visual,3,7,3,Medium,0
S0438,22,Female,Medium,Secondary,Joint,Yes,2.89,Medium,2,29,5,Yes,40,3,78,43,16.0,7,7,Mixed,2,4,4,Medium,0
S0439,20,Female,Low,Primary,Single Parent,Yes,3.8,Medium,2,77,5,No,99,6,72,39,15.0,27,1,Auditory,4,1,0,Medium,0
S0440,17,Other,Low,Postgraduate,Joint,No,2.89,Low,1,106,6,No,79,2,45,100,18.4,1,2,Visual,3,5,4,Low,0
S0441,22,Male,Medium,Primary,Nuclear,Yes,1.57,High,1,21,3,No,52,8,88,31,12.5,24,2,Auditory,5,9,1,Medium,1
S0442,17,Male,Low,Graduate,Nuclear,Yes,2.89,Low,0,51,7,No,69,1,75,20,11.2,12,8,Auditory,5,2,5,Medium,0
S0443,19,Female,Low,Primary,Guardian,No,2.99,Medium,0,87,4,Yes,44,5,45,61,7.9,7,6,Mixed,4,2,2,Low,0
S0444,25,Female,High,Graduate,Single Parent,No,3.85,High,0,69,7,No,59,5,55,47,12.9,5,2,Kinesthetic,5,4,5,Medium,1
S0445,24,Female,Medium,Secondary,Nuclear,No,2.45,High,3,119,3,No,52,10,76,48,7.2,16,6,Mixed,4,8,0,Low,0
S0446,20,Male,Low,None,Nuclear,Yes,3.41,High,2,106,7,No,85,0,92,75,19.5,7,6,Auditory,3,10,5,Medium,0
S0447,21,Male,High,Graduate,Single Parent,No,2.61,Medium,2,58,7,No,92,9,100,23,17.3,29,7,Auditory,1,7,0,Medium,0
S0448,19,Female,High,Secondary,Joint,No,2.78,Medium,2,24,5,No,64,7,97,23,5.5,8,5,Visual,5,10,4,Medium,0
S0449,21,Male,Medium,Graduate,Nuclear,No,2.19,Low,4,49,3,No,85,9,75,42,14.5,3,6,Auditory,3,4,3,Low,0
S0450,22,Female,Medium,None,Joint,Yes,1.63,Low,3,50,7,No,66,6,42,89,11.1,2,7,Auditory,5,4,4,Low,0
S0451,19,Male,Medium,None,Nuclear,Yes,3.81,Low,2,119,5,No,66,7,61,53,7.6,13,4,Kinesthetic,4,1,0,Medium,0
S0452,20,Female,Low,Graduate,Single Parent,No,1.54,Low,2,88,3,No,80,1,39,51,14.1,18,5,Auditory,2,2,5,Medium,0
S0453,22,Female,High,Secondary,Nuclear,Yes,2.74,Medium,0,67,5,No,82,10,93,46,3.6,25,8,Mixed,5,4,2,Low,0
S0454,17,Male,Medium,Secondary,Nuclear,Yes,1.64,Low,5,111,7,No,80,9,35,24,18.5,20,5,Kinesthetic,2,5,4,High,1
S0455,20,Male,Low,Primary,Single Parent,No,3.96,Low,0,113,5,Yes,87,6,87,25,15.6,20,9,Kinesthetic,1,6,1,Medium,0
S0456,22,Female,Low,Graduate,Nuclear,No,1.64,Low,5,116,5,No,63,9,76,43,7.2,2,6,Mixed,2,6,0,High,1
S0457,22,Female,Low,Graduate,Nuclear,No,2.43,Medium,2,96,3,Yes,48,1,97,71,2.4,22,4,Auditory,1,2,3,Low,0
S0458,22,Female,High,Postgraduate,Joint,No,2.35,Medium,5,45,6,No,68,10,49,29,14.7,19,7,Visual,1,7,3,Low,0
S0459,18,Male,Medium,Postgraduate,Guardian,No,1.98,Medium,2,24,5,Yes,99,1,35,93,18.6,9,1,Auditory,2,3,0,Low,1
S0460,21,Male,Medium,Graduate,Joint,Yes,2.03,High,0,109,4,No,65,5,100,69,13.2,24,7,Visual,4,7,2,Low,0
S0461,23,Other,Low,None,Nuclear,No,3.49,Medium,3,113,4,No,84,5,52,84,11.0,3,8,Auditory,4,6,1,Medium,0
S0462,22,Female,Medium,Primary,Nuclear,No,1.72,Low,5,82,3,Yes,47,2,74,79,11.5,27,2,Auditory,1,7,5,Medium,1
S0463,18,Female,Low,Primary,Nuclear,Yes,2.49,Medium,4,75,7,No,88,3,70,41,4.3,13,10,Mixed,1,5,2,Low,0
S0464,19,Male,Low,None,Single Parent,Yes,3.88,Medium,2,51,3,No,59,6,64,35,6.9,1,4,Visual,5,3,4,Medium,0
S0465,19,Female,Low,Secondary,Joint,No,2.29,Medium,0,105,3,No,82,8,88,77,9.6,23,2,Kinesthetic,5,2,4,High,0
S0466,25,Male,Low,Graduate,Single Parent,No,3.98,Medium,3,98,3,No,50,0,91,48,14.1,19,1,Visual,2,10,1,Medium,1
S0467,20,Other,Medium,Primary,Single Parent,No,2.72,High,0,54,4,No,49,6,91,50,19.6,16,6,Kinesthetic,5,7,1,Medium,0
S0468,17,Male,Low,Secondary,Nuclear,Yes,3.66,Medium,3,20,3,Yes,47,9,35,83,15.4,15,8,Mixed,5,1,1,Medium,0
S0469,17,Other,Medium,Graduate,Single Parent,No,2.91,High,4,23,7,Yes,41,8,45,57,5.8,2,10,Kinesthetic,5,8,0,Medium,0
S0470,17,Male,Medium,Secondary,Joint,No,2.31,Medium,0,95,6,Yes,70,3,50,54,17.4,18,7,Visual,4,6,3,Medium,0
S0471,22,Male,High,Secondary,Nuclear,Yes,2.39,Medium,4,27,4,Yes,83,9,62,87,11.3,18,3,Kinesthetic,4,9,4,High,0
S0472,21,Male,Low,Secondary,Joint,Yes,1.6,Medium,2,98,5,No,99,5,80,52,9.1,10,9,Visual,2,2,4,Medium,0
S0473,25,Female,Low,Primary,Nuclear,No,2.49,High,1,83,7,No,93,6,83,84,10.5,1,1,Visual,3,6,4,Medium,0
S0474,20,Male,Low,Secondary,Single Parent,No,2.82,High,5,96,3,Yes,47,10,56,49,4.7,4,6,Mixed,3,8,2,Medium,0
S0475,22,Female,Low,Graduate,Joint,Yes,3.72,Medium,1,50,7,No,72,3,37,66,7.2,16,4,Kinesthetic,1,6,2,Low,0
S0476,23,Female,High,Graduate,Nuclear,No,3.36,Medium,4,93,7,No,89,5,76,43,8.8,20,8,Kinesthetic,2,9,4,Medium,0
S0477,21,Female,Medium,Secondary,Nuclear,No,2.58,Low,2,98,4,No,82,5,48,24,9.2,6,4,Visual,2,5,1,Medium,0
S0478,23,Male,Medium,Secondary,Nuclear,No,1.75,Medium,0,64,5,No,65,2,45,52,13.0,11,10,Visual,3,0,5,Medium,0
S0479,22,Female,Medium,Graduate,Nuclear,Yes,1.79,Medium,4,66,3,Yes,79,5,36,30,6.0,3,5,Auditory,5,7,1,Medium,0
S0480,17,Male,High,Secondary,Nuclear,Yes,3.45,High,5,108,7,No,80,3,54,61,3.0,14,2,Auditory,4,2,2,Medium,0
S0481,19,Female,Medium,Graduate,Nuclear,No,3.82,Low,1,47,7,No,47,2,87,48,3.5,15,2,Kinesthetic,1,8,1,Medium,1
S0482,25,Male,Medium,Primary,Nuclear,Yes,3.37,Medium,2,32,3,No,98,6,42,61,9.5,13,5,Auditory,2,4,4,Medium,0
S0483,24,Female,Medium,Graduate,Joint,No,3.67,Medium,0,119,3,No,95,5,38,43,12.6,17,8,Visual,5,2,1,Medium,0
S0484,17,Female,Medium,Postgraduate,Joint,Yes,3.49,High,5,108,3,No,69,1,97,100,13.2,28,8,Visual,1,7,0,High,0
S0485,19,Male,High,Primary,Single Parent,No,2.06,Medium,2,111,3,Yes,71,9,84,30,15.7,6,2,Kinesthetic,4,4,4,High,0
S0486,18,Male,High,Postgraduate,Nuclear,No,2.08,Medium,1,60,4,No,68,0,43,67,8.4,17,4,Kinesthetic,4,10,1,High,0
S0487,22,Female,Low,Graduate,Nuclear,No,2.9,Medium,2,27,4,No,67,1,84,26,14.4,19,3,Auditory,4,10,5,Medium,0
S0488,24,Other,Medium,Primary,Joint,Yes,3.03,Medium,3,93,6,No,54,10,86,74,5.6,29,6,Mixed,4,1,4,Medium,0
S0489,21,Female,Medium,Secondary,Nuclear,No,3.76,Medium,1,101,6,Yes,89,10,30,29,12.8,20,10,Visual,1,7,3,Low,0
S0490,24,Female,High,Graduate,Joint,Yes,3.58,Low,3,90,3,Yes,83,6,46,61,15.7,4,3,Visual,5,9,3,High,0
S0491,25,Male,Low,Secondary,Nuclear,Yes,1.8,Medium,3,116,4,No,86,5,35,33,16.0,27,2,Visual,3,6,2,Medium,1
S0492,22,Male,Medium,Postgraduate,Nuclear,No,3.27,Low,1,70,3,No,41,9,38,47,5.6,24,3,Kinesthetic,1,8,0,High,1
S0493,19,Male,Low,Secondary,Guardian,No,3.21,Medium,1,96,5,No,83,5,68,75,8.6,12,9,Mixed,2,1,0,Medium,0
S0494,19,Female,High,Secondary,Nuclear,No,2.56,Low,5,41,4,Yes,65,9,95,41,11.7,6,9,Auditory,2,6,0,Medium,0
S0495,21,Female,Low,Postgraduate,Joint,Yes,2.65,Medium,5,119,4,No,75,1,96,74,15.3,18,1,Mixed,2,0,1,Low,0
S0496,21,Female,High,Graduate,Joint,No,3.4,Medium,2,112,6,Yes,69,6,93,97,7.6,16,3,Kinesthetic,4,0,1,Medium,0
S0497,18,Male,High,Graduate,Joint,No,2.35,Low,0,72,3,No,47,10,70,100,11.4,23,6,Visual,3,0,2,Medium,0
S0498,19,Male,High,Primary,Joint,No,2.47,Medium,5,73,5,Yes,85,0,46,73,19.4,13,1,Kinesthetic,5,10,4,Low,0
S0499,23,Male,Medium,Graduate,Nuclear,No,3.46,Medium,3,23,7,No,77,3,70,90,12.9,6,8,Auditory,2,3,5,Medium,0
S0500,24,Male,Medium,Graduate,Nuclear,No,1.74,Medium,0,117,7,Yes,88,3,92,92,4.3,29,1,Auditory,5,3,4,High,1
S0501,23,Female,Medium,Secondary,Nuclear,Yes,1.66,Medium,2,52,4,No,54,6,50,84,19.6,26,1,Mixed,2,6,1,High,1
S0502,21,Female,Low,Secondary,Joint,No,3.29,Medium,3,49,4,Yes,64,5,39,56,1.8,8,1,Kinesthetic,3,9,3,High,0
S0503,24,Female,High,Secondary,Joint,No,2.42,Medium,4,81,4,Yes,55,9,86,59,16.9,7,2,Auditory,5,7,3,Low,1
S0504,21,Male,Medium,Secondary,Nuclear,No,2.52,Medium,2,75,3,Yes,89,2,46,82,8.6,3,7,Auditory,3,1,3,Medium,0
S0505,17,Male,Medium,Secondary,Single Parent,No,3.93,High,4,118,3,No,80,9,68,59,14.2,15,7,Visual,3,5,2,Low,0
S0506,17,Female,Medium,Primary,Nuclear,Yes,3.54,Medium,5,64,7,No,49,9,63,87,6.0,11,8,Mixed,1,0,4,Medium,0
S0507,19,Female,Medium,Postgraduate,Nuclear,No,3.58,Medium,4,47,3,No,58,0,64,72,7.5,28,6,Mixed,1,2,5,Medium,0
S0508,17,Female,Medium,Secondary,Joint,Yes,1.62,Low,3,85,4,No,57,3,94,71,7.0,8,8,Auditory,5,1,2,Medium,1
S0509,25,Female,Medium,Primary,Guardian,No,2.18,Medium,2,103,6,No,45,1,39,51,4.1,15,3,Visual,1,8,4,Medium,1
S0510,25,Female,Medium,Primary,Nuclear,No,3.87,Medium,0,36,7,No,85,0,44,52,3.5,10,2,Visual,3,2,2,Low,0
S0511,21,Other,Medium,Graduate,Nuclear,No,3.95,Medium,5,94,7,No,55,1,83,49,1.7,23,3,Visual,1,2,5,Medium,1
S0512,21,Female,Medium,None,Single Parent,No,1.6,Medium,5,56,7,No,78,10,52,93,6.8,17,1,Visual,2,1,0,Low,1
S0513,24,Female,Medium,Secondary,Nuclear,No,3.87,Low,4,87,4,No,60,8,92,41,3.8,19,8,Auditory,2,6,5,High,0
S0514,18,Male,High,Graduate,Nuclear,No,1.6,Medium,3,32,3,No,55,8,76,99,10.3,4,6,Kinesthetic,5,7,1,Medium,1
S0515,17,Female,Medium,Secondary,Joint,No,3.14,Medium,2,56,3,No,70,1,92,46,14.2,22,7,Auditory,3,9,3,Medium,0
S0516,22,Female,Medium,Postgraduate,Nuclear,Yes,2.14,Medium,4,106,5,No,55,10,42,39,13.4,29,1,Mixed,4,6,3,Low,1
S0517,21,Female,High,Graduate,Nuclear,No,1.5,High,1,51,7,Yes,78,7,81,77,14.1,20,9,Visual,3,5,2,Medium,0
S0518,25,Female,Medium,Primary,Nuclear,No,3.17,High,5,73,5,No,60,2,49,86,12.5,14,3,Kinesthetic,1,9,0,Medium,0
S0519,23,Female,High,Graduate,Guardian,Yes,3.09,Low,0,104,4,No,53,3,85,35,14.9,7,10,Mixed,2,7,5,Medium,0
S0520,23,Female,Low,Postgraduate,Nuclear,No,3.56,Low,0,118,5,No,97,5,53,21,9.2,24,2,Visual,1,8,5,High,0
S0521,24,Female,Medium,Secondary,Single Parent,No,2.16,Low,0,34,3,No,94,2,94,96,3.4,3,3,Mixed,5,8,5,Medium,0
S0522,23,Male,High,Graduate,Nuclear,Yes,3.65,Medium,5,35,6,No,45,7,71,40,11.6,22,8,Kinesthetic,4,4,2,Low,0
S0523,21,Male,Low,Graduate,Nuclear,No,1.74,High,5,110,7,No,48,4,54,45,6.5,25,5,Mixed,2,9,0,High,1
S0524,20,Male,Low,None,Joint,No,1.87,Low,5,69,3,No,63,9,78,96,7.4,6,10,Mixed,5,4,2,High,1
S0525,25,Male,Medium,Primary,Joint,Yes,2.14,Medium,2,93,3,No,82,2,47,75,1.9,27,5,Mixed,2,2,3,High,0
S0526,22,Female,Low,Primary,Joint,No,3.46,Medium,5,32,5,No,55,5,44,71,7.8,24,2,Mixed,1,6,5,Medium,1
S0527,19,Male,Medium,Graduate,Nuclear,No,3.74,Low,0,25,6,No,96,4,98,86,2.7,4,10,Mixed,1,9,0,Medium,0
S0528,25,Male,Medium,Postgraduate,Nuclear,No,3.25,Low,0,80,5,Yes,98,3,74,76,4.1,2,4,Visual,3,10,2,High,0
S0529,20,Male,Low,Graduate,Joint,No,2.81,Medium,5,45,7,No,78,8,94,71,7.0,16,7,Auditory,2,0,1,Medium,0
S0530,20,Female,Medium,Primary,Nuclear,No,3.51,Medium,4,20,3,Yes,51,3,34,63,5.4,22,2,Mixed,2,5,4,Medium,1
S0531,21,Male,Medium,Primary,Nuclear,No,3.56,High,3,109,6,Yes,81,5,68,57,19.7,26,2,Visual,3,8,2,Medium,0
S0532,20,Other,Low,Graduate,Joint,No,2.0,Low,3,30,5,Yes,87,0,55,78,9.6,6,7,Mixed,1,9,4,Medium,0
S0533,22,Female,Medium,Secondary,Guardian,No,1.58,Medium,5,46,6,No,41,9,99,36,2.8,6,4,Visual,3,9,2,High,1
S0534,21,Female,Low,Secondary,Nuclear,Yes,2.88,Medium,0,52,5,Yes,42,10,56,36,9.3,16,3,Visual,4,0,4,Medium,1
S0535,17,Female,Low,Graduate,Nuclear,Yes,3.16,Low,5,102,3,No,50,9,69,97,17.1,15,3,Mixed,1,1,2,Medium,1
S0536,21,Female,Medium,Primary,Nuclear,No,3.73,Medium,0,67,5,No,81,4,93,42,5.3,20,9,Auditory,1,10,5,Medium,0
S0537,25,Male,Low,Secondary,Nuclear,No,2.72,High,0,26,4,No,79,2,85,85,3.2,9,6,Mixed,5,8,5,Low,0
S0538,24,Male,Medium,Graduate,Joint,Yes,2.83,Medium,1,85,7,No,52,5,44,69,17.2,26,6,Visual,3,5,3,Medium,0
S0539,21,Male,Low,Primary,Guardian,No,3.71,Low,4,43,5,Yes,82,9,90,91,18.3,14,9,Kinesthetic,1,3,0,Low,0
S0540,17,Female,Low,Primary,Joint,Yes,3.42,Low,5,58,4,No,90,0,69,96,19.7,20,2,Visual,1,2,1,High,0
S0541,22,Male,Medium,Primary,Nuclear,Yes,3.73,Medium,3,40,6,No,86,10,78,41,16.0,19,9,Auditory,4,6,4,High,0
S0542,23,Male,Low,Secondary,Joint,No,3.18,Medium,2,116,3,No,42,0,39,91,11.9,9,5,Auditory,1,3,3,Low,0
S0543,23,Male,Low,Primary,Nuclear,Yes,3.87,High,4,100,6,No,68,8,91,51,17.5,14,7,Kinesthetic,1,1,2,Low,0
S0544,22,Female,Medium,Secondary,Nuclear,No,1.86,Low,5,61,5,No,93,3,48,86,4.3,27,6,Auditory,5,8,5,Medium,0
S0545,21,Male,Medium,Primary,Nuclear,Yes,2.58,Low,4,88,3,Yes,57,7,83,92,10.5,10,8,Visual,3,9,2,Low,0
S0546,21,Male,High,Primary,Nuclear,No,3.69,High,4,41,3,Yes,54,4,72,49,7.3,19,4,Visual,2,7,2,Low,0
S0547,24,Male,Medium,Primary,Nuclear,Yes,1.98,Medium,3,66,5,Yes,77,6,46,82,15.3,21,1,Mixed,3,3,5,Low,1
S0548,23,Male,High,Secondary,Single Parent,No,2.23,Medium,4,48,3,No,78,9,67,50,10.6,17,6,Auditory,1,4,0,Low,0
S0549,25,Male,Medium,Graduate,Joint,No,3.87,Medium,2,40,5,No,63,7,88,40,3.0,14,7,Auditory,3,0,3,High,0
S0550,18,Female,Low,Primary,Joint,No,2.76,Medium,1,100,3,No,86,10,31,40,7.0,15,10,Visual,5,7,1,Medium,0
S0551,22,Male,Medium,None,Nuclear,Yes,3.35,Medium,0,105,6,No,66,8,69,39,2.7,17,10,Mixed,5,6,0,High,0
S0552,19,Female,Low,Primary,Joint,Yes,3.12,Medium,0,22,7,No,64,0,84,89,13.0,9,1,Kinesthetic,1,9,2,Low,0
S0553,21,Female,High,Secondary,Nuclear,No,2.61,Medium,4,70,5,Yes,73,9,68,21,17.3,14,6,Mixed,3,0,4,Medium,0
S0554,17,Male,Low,Secondary,Joint,Yes,2.84,Low,1,23,7,No,56,5,86,92,13.9,9,10,Kinesthetic,4,8,3,High,1
S0555,18,Male,High,Postgraduate,Single Parent,No,1.75,Medium,3,74,4,Yes,54,0,68,30,2.2,2,2,Auditory,5,10,0,Low,1
S0556,18,Other,Low,Secondary,Nuclear,No,2.86,Low,1,113,4,No,41,1,35,46,1.4,7,10,Mixed,3,5,0,Low,0
S0557,17,Female,Medium,Primary,Nuclear,No,1.55,Medium,5,36,7,Yes,42,8,100,95,8.7,5,3,Visual,2,5,2,High,1
S0558,24,Female,Low,Graduate,Nuclear,No,3.11,Medium,2,36,3,No,62,2,40,89,14.4,25,2,Auditory,5,5,0,High,0
S0559,24,Male,Low,Primary,Single Parent,No,1.75,Medium,0,84,4,No,79,8,52,50,11.9,19,6,Kinesthetic,5,0,3,Medium,0
S0560,25,Female,Medium,Graduate,Nuclear,No,3.39,High,2,90,5,No,48,4,38,72,17.2,18,5,Mixed,2,2,3,High,1
S0561,22,Male,Medium,Graduate,Nuclear,No,2.62,Medium,2,39,7,No,62,4,56,64,10.6,4,2,Kinesthetic,2,6,1,High,0
S0562,25,Female,Low,Secondary,Nuclear,Yes,3.31,Low,4,57,3,No,77,0,68,54,7.0,22,5,Visual,3,3,4,Low,0
S0563,18,Male,High,Primary,Nuclear,No,2.22,High,1,86,4,Yes,59,1,51,58,12.2,17,10,Mixed,5,3,3,Medium,0
S0564,22,Male,High,Secondary,Joint,Yes,2.44,Medium,4,117,7,No,69,1,52,91,6.1,20,8,Auditory,5,4,1,Medium,0
S0565,24,Male,Low,Secondary,Single Parent,No,1.63,Medium,1,98,6,No,54,10,50,23,7.8,22,3,Auditory,2,10,4,Medium,1
S0566,20,Other,Medium,Graduate,Nuclear,No,3.34,High,4,26,5,No,63,2,42,62,10.1,24,10,Kinesthetic,3,8,4,Medium,0
S0567,19,Male,Low,Primary,Joint,No,2.48,Medium,0,61,6,No,69,0,41,64,19.5,8,3,Kinesthetic,2,0,4,High,0
S0568,21,Other,Medium,Secondary,Nuclear,No,3.62,Medium,5,106,7,No,61,1,81,36,15.9,20,3,Mixed,1,6,0,Medium,0
S0569,22,Male,Low,Postgraduate,Joint,Yes,1.73,Low,3,90,7,Yes,54,5,87,65,14.8,24,3,Mixed,2,6,1,Medium,1
S0570,20,Female,Low,Postgraduate,Nuclear,No,4.0,Low,2,102,4,No,40,8,76,59,11.8,4,9,Mixed,3,2,2,Low,0
S0571,17,Male,Medium,None,Single Parent,No,3.44,High,1,90,7,No,49,5,51,40,3.6,12,5,Visual,3,6,0,Low,0
S0572,22,Female,High,Primary,Nuclear,No,1.9,High,5,35,5,No,57,4,59,20,16.6,5,2,Kinesthetic,5,4,0,High,1
S0573,23,Male,High,Graduate,Nuclear,No,1.76,Low,2,117,3,No,94,0,57,40,6.3,7,4,Mixed,1,9,4,High,1
S0574,17,Female,Low,Secondary,Nuclear,No,1.96,Medium,4,46,5,No,44,9,76,58,6.8,7,7,Visual,1,1,2,High,1
S0575,20,Female,High,Secondary,Joint,No,1.58,Low,4,60,7,Yes,69,3,38,82,12.8,29,8,Mixed,3,3,1,Medium,0
S0576,25,Female,Medium,Postgraduate,Nuclear,Yes,3.09,Low,5,40,6,No,94,8,75,79,13.1,5,8,Mixed,1,2,1,Medium,0
S0577,18,Male,Medium,Primary,Nuclear,Yes,2.92,High,0,81,6,No,91,7,91,77,15.1,7,4,Auditory,2,9,0,Medium,0
S0578,20,Male,Low,Postgraduate,Nuclear,Yes,3.32,Medium,3,82,3,Yes,44,6,100,38,19.0,13,2,Kinesthetic,2,5,4,Medium,1
S0579,25,Male,High,Postgraduate,Single Parent,No,3.5,High,5,43,3,Yes,66,4,84,45,1.7,29,1,Visual,1,1,0,High,0
S0580,18,Male,Low,Graduate,Nuclear,Yes,1.85,Low,0,81,3,No,72,10,83,22,15.7,23,1,Auditory,2,4,5,Medium,1
S0581,25,Female,Medium,Graduate,Joint,Yes,3.13,High,1,84,5,No,53,9,45,100,8.5,15,10,Mixed,3,2,0,Low,0
S0582,22,Other,Low,None,Joint,Yes,2.98,Medium,4,85,6,Yes,40,1,76,26,6.6,19,2,Visual,1,6,4,High,1
S0583,17,Male,Low,Secondary,Nuclear,No,2.37,Medium,2,103,5,No,79,2,30,88,15.9,4,6,Mixed,3,9,1,High,0
S0584,21,Male,Low,Secondary,Guardian,No,2.53,High,4,88,4,Yes,66,0,71,36,7.8,29,4,Visual,3,6,1,Medium,0
S0585,17,Female,Medium,Secondary,Nuclear,No,2.75,Low,1,25,4,No,92,6,47,48,14.5,14,8,Kinesthetic,4,6,4,Medium,0
S0586,22,Female,Low,Secondary,Nuclear,No,2.11,High,5,76,5,No,82,1,92,94,9.9,22,1,Auditory,2,2,0,Low,0
S0587,25,Male,Low,Secondary,Nuclear,No,2.76,Medium,4,115,5,No,59,6,99,91,9.7,18,4,Auditory,1,2,0,High,1
S0588,24,Female,Low,None,Single Parent,No,2.2,Low,3,26,6,Yes,56,7,32,61,5.9,9,7,Kinesthetic,5,4,0,Medium,0
S0589,17,Male,Medium,Primary,Nuclear,Yes,3.59,Medium,2,114,7,No,63,4,83,86,19.8,27,9,Auditory,3,1,3,Medium,0
S0590,17,Female,Medium,Graduate,Joint,No,2.89,Medium,4,47,5,No,96,1,71,80,9.4,8,1,Kinesthetic,4,6,0,Medium,0
S0591,25,Male,Low,Secondary,Nuclear,No,3.47,Medium,0,31,4,Yes,87,0,87,90,5.1,14,1,Auditory,3,0,0,Low,0
S0592,19,Female,High,Graduate,Joint,No,2.83,Low,3,98,5,No,90,0,85,52,1.1,3,6,Visual,2,10,0,Medium,0
S0593,22,Male,Low,Postgraduate,Joint,No,3.49,High,0,70,6,No,45,5,98,31,11.1,14,5,Mixed,3,4,3,Medium,0
S0594,22,Female,Low,Secondary,Nuclear,Yes,1.8,Low,3,72,3,Yes,77,0,50,64,18.8,20,6,Visual,2,6,2,Low,0
S0595,21,Female,Medium,Postgraduate,Nuclear,No,3.46,Medium,3,46,6,No,53,1,62,91,8.9,18,3,Auditory,3,8,0,Medium,1
S0596,24,Male,Medium,Secondary,Joint,Yes,2.8,High,1,80,6,No,84,5,56,72,16.7,8,6,Visual,4,8,0,Low,0
S0597,25,Male,Low,Secondary,Single Parent,Yes,3.08,Medium,4,118,7,No,63,1,53,42,16.1,16,1,Visual,3,0,5,Low,0
S0598,25,Female,Medium,Postgraduate,Joint,Yes,2.96,Medium,3,53,7,No,88,6,61,46,16.5,12,9,Visual,5,9,1,Medium,0
S0599,17,Female,High,Postgraduate,Joint,No,2.45,Medium,5,23,7,No,76,7,46,51,10.1,4,9,Kinesthetic,2,3,4,Medium,0
S0600,21,Other,Low,None,Nuclear,No,3.15,Medium,2,99,3,No,79,9,39,96,13.2,2,10,Visual,1,9,4,Low,0
S0601,18,Male,Medium,None,Single Parent,No,1.56,High,4,94,6,No,60,3,95,63,12.3,20,2,Kinesthetic,2,3,3,High,1
S0602,22,Male,High,Postgraduate,Joint,No,3.17,Medium,3,81,5,No,98,9,38,66,15.2,13,6,Auditory,2,0,1,Medium,0
S0603,17,Male,Low,Postgraduate,Joint,Yes,3.15,Low,5,83,5,No,40,4,53,90,15.2,18,1,Visual,3,7,5,High,1
S0604,25,Female,Low,Primary,Nuclear,No,1.71,Low,1,31,4,No,99,5,99,27,2.3,6,8,Visual,5,5,0,High,1
S0605,21,Male,Medium,Secondary,Guardian,Yes,2.13,Low,1,116,5,No,95,3,74,94,20.0,11,10,Mixed,2,2,5,Medium,0
S0606,22,Male,Medium,Secondary,Joint,No,2.09,Low,2,63,4,No,95,5,94,28,4.4,19,3,Kinesthetic,1,5,5,Medium,0
S0607,24,Male,High,Primary,Nuclear,No,2.86,Medium,3,82,4,Yes,71,7,57,66,7.9,18,3,Visual,5,0,1,Medium,0
S0608,24,Female,Low,Graduate,Nuclear,No,2.36,Medium,0,53,3,No,99,0,73,63,16.9,22,9,Auditory,3,1,4,High,0
S0609,23,Male,Low,Primary,Nuclear,Yes,1.93,Low,4,58,6,No,40,7,89,75,19.0,3,8,Auditory,1,7,1,Medium,1
S0610,22,Female,Medium,Secondary,Single Parent,Yes,1.81,Low,4,59,3,No,40,4,93,89,1.3,24,3,Auditory,2,9,1,Low,1
S0611,24,Male,Medium,Secondary,Joint,Yes,2.99,Medium,0,57,4,No,81,8,44,83,6.6,28,3,Mixed,3,3,3,High,0
S0612,17,Male,Low,Primary,Nuclear,No,1.66,Low,3,103,4,No,56,9,65,45,14.5,29,6,Mixed,5,4,1,Medium,1
S0613,21,Male,Low,Secondary,Nuclear,Yes,1.52,Medium,1,65,3,No,68,7,39,68,12.5,28,10,Kinesthetic,2,1,2,Medium,0
S0614,24,Male,Low,Graduate,Nuclear,No,1.96,Low,5,91,4,Yes,92,8,64,93,16.8,23,8,Kinesthetic,5,0,1,High,1
S0615,19,Male,Low,Graduate,Joint,Yes,3.27,Low,2,62,6,Yes,86,5,44,91,19.7,19,1,Auditory,5,1,4,Medium,0
S0616,25,Female,Medium,Primary,Nuclear,No,3.05,Low,0,48,7,No,91,9,83,37,17.1,28,7,Mixed,2,0,1,High,0
S0617,21,Female,Medium,Secondary,Joint,Yes,3.83,Low,5,24,6,Yes,81,0,36,65,7.7,20,2,Auditory,2,2,1,High,0
S0618,19,Male,Medium,Primary,Nuclear,No,3.16,Medium,5,37,5,No,79,1,64,44,1.3,20,1,Visual,3,0,2,High,0
S0619,25,Female,Medium,None,Nuclear,No,2.82,High,5,52,3,No,95,7,35,98,5.7,23,4,Visual,3,10,0,Low,0
S0620,19,Male,Low,Postgraduate,Single Parent,No,1.51,High,0,86,5,Yes,58,9,56,77,16.3,25,8,Mixed,2,1,1,Medium,1
S0621,17,Male,High,Postgraduate,Joint,No,2.3,Low,2,117,5,No,71,6,56,91,11.5,16,6,Auditory,3,7,5,Low,0
S0622,19,Male,Low,Primary,Joint,Yes,2.38,Low,3,79,7,No,76,6,91,72,12.8,12,9,Mixed,2,1,2,Medium,0
S0623,25,Female,Medium,Primary,Nuclear,No,3.64,Low,0,34,7,Yes,86,10,52,68,6.2,4,9,Auditory,1,2,3,Low,0
S0624,24,Male,Medium,Graduate,Joint,No,2.95,Low,2,30,3,No,75,10,85,90,1.7,3,2,Visual,3,9,3,Low,0
S0625,21,Female,Medium,Secondary,Joint,No,1.83,Low,3,81,7,Yes,45,1,96,20,13.3,14,8,Visual,5,2,0,Medium,1
S0626,18,Male,High,Secondary,Joint,No,3.83,Low,3,69,6,Yes,68,7,85,65,17.3,13,10,Visual,3,4,0,Medium,0
S0627,25,Female,High,Secondary,Single Parent,No,1.52,Low,5,65,7,No,49,2,85,81,18.0,26,5,Auditory,2,7,5,Medium,1
S0628,19,Male,High,Secondary,Single Parent,No,2.17,Low,0,58,6,Yes,71,2,46,45,6.2,1,2,Kinesthetic,3,1,5,Medium,0
S0629,20,Female,Medium,None,Single Parent,No,3.46,Low,3,77,6,No,72,6,39,22,13.7,10,2,Auditory,5,9,4,Medium,0
S0630,19,Female,Medium,Secondary,Nuclear,Yes,2.76,Low,1,47,6,No,78,4,57,96,16.8,5,1,Mixed,5,2,4,High,0
S0631,18,Male,High,Secondary,Nuclear,Yes,2.67,Medium,4,39,5,No,84,0,56,67,9.9,6,8,Auditory,5,6,0,Low,0
S0632,21,Male,High,None,Nuclear,Yes,2.81,Medium,5,118,3,Yes,70,6,80,74,2.9,19,7,Visual,5,2,4,High,0
S0633,19,Female,Medium,Graduate,Joint,No,2.19,Low,5,109,6,No,62,6,85,67,10.3,3,10,Mixed,4,9,3,Low,0
S0634,18,Male,Medium,Primary,Joint,No,2.7,Medium,1,66,5,No,74,3,93,51,10.6,12,8,Mixed,1,7,5,Low,0
S0635,17,Male,Low,Primary,Single Parent,No,1.56,Low,0,65,7,No,56,0,49,31,1.2,27,1,Mixed,5,4,1,Medium,1
S0636,19,Female,Medium,Primary,Nuclear,Yes,3.59,High,3,25,4,Yes,58,7,98,48,5.3,15,7,Kinesthetic,3,10,1,High,1
S0637,23,Male,Medium,Postgraduate,Nuclear,No,2.24,Medium,5,112,4,Yes,95,0,97,76,14.4,12,6,Auditory,2,3,1,Low,0
S0638,25,Male,High,Graduate,Nuclear,No,1.73,Medium,0,96,6,No,47,2,84,88,9.6,3,6,Kinesthetic,5,3,2,Medium,1
S0639,20,Female,Medium,Primary,Single Parent,Yes,3.72,High,5,118,4,No,92,10,49,27,9.5,7,7,Mixed,2,4,2,High,0
S0640,21,Female,Low,Graduate,Nuclear,Yes,3.17,Low,4,94,6,Yes,73,5,30,82,19.2,23,2,Mixed,3,8,1,Medium,0
S0641,25,Female,High,Graduate,Nuclear,No,2.1,Medium,1,45,3,No,74,4,45,92,16.5,3,9,Auditory,1,0,3,High,0
S0642,21,Female,Medium,Primary,Joint,Yes,3.73,High,3,49,3,No,76,9,51,76,13.1,12,5,Kinesthetic,2,6,0,Medium,0
S0643,23,Female,High,Postgraduate,Single Parent,No,3.0,Medium,2,63,4,No,96,0,78,35,11.1,16,6,Kinesthetic,4,2,5,Medium,0
S0644,22,Male,Medium,Postgraduate,Guardian,Yes,3.78,Medium,0,94,4,Yes,52,9,39,34,19.9,8,5,Auditory,4,0,2,Medium,0
S0645,25,Male,Medium,None,Nuclear,No,2.83,Low,4,117,7,No,74,8,57,45,6.3,6,7,Visual,2,10,0,High,0
S0646,25,Female,Low,Primary,Nuclear,Yes,3.05,Low,4,35,5,No,58,3,55,96,5.1,20,7,Auditory,3,4,0,Medium,0
S0647,19,Female,Low,None,Nuclear,Yes,2.31,Medium,3,86,5,Yes,88,7,38,100,18.7,13,7,Auditory,3,10,5,Medium,0
S0648,24,Female,Low,Graduate,Nuclear,Yes,3.13,Medium,5,105,5,No,69,5,42,74,13.3,16,4,Auditory,4,9,4,Medium,0
S0649,17,Male,Medium,Postgraduate,Nuclear,Yes,3.8,Low,4,58,6,No,63,8,97,88,11.1,28,9,Visual,4,10,3,Low,0
S0650,19,Male,Low,Postgraduate,Joint,No,3.9,Low,0,85,3,No,66,0,71,48,12.2,10,8,Kinesthetic,1,4,2,Medium,0
S0651,25,Male,Medium,Graduate,Joint,Yes,2.66,High,3,95,7,No,41,6,98,43,20.0,23,1,Visual,3,2,0,Medium,1
S0652,24,Male,Medium,Postgraduate,Single Parent,Yes,1.98,Low,4,71,3,No,78,10,47,22,12.8,20,9,Mixed,1,10,3,Low,0
S0653,22,Male,Low,Primary,Nuclear,Yes,3.22,High,2,92,5,No,74,9,84,82,15.5,18,5,Mixed,3,7,2,Medium,0
S0654,22,Male,High,Secondary,Nuclear,Yes,1.63,Medium,3,91,3,No,68,0,39,87,8.8,8,7,Kinesthetic,3,3,3,Medium,0
S0655,20,Female,Medium,Secondary,Nuclear,No,1.96,Low,1,20,4,No,85,5,43,82,19.0,3,9,Kinesthetic,4,5,3,Medium,0
S0656,20,Male,Medium,None,Guardian,No,1.73,Low,5,25,4,No,61,6,54,20,9.9,1,1,Visual,2,10,1,High,1
S0657,24,Male,Medium,Primary,Joint,No,2.06,Medium,2,55,3,No,44,0,44,27,10.0,23,1,Kinesthetic,4,5,2,Medium,1
S0658,18,Female,High,Primary,Nuclear,Yes,3.08,Low,3,103,5,No,45,3,46,40,6.0,3,10,Visual,4,8,2,High,1
S0659,18,Female,Low,Primary,Joint,No,1.61,Low,0,83,6,No,85,5,93,67,14.2,13,7,Mixed,3,7,2,Medium,0
S0660,20,Female,Medium,Secondary,Joint,No,3.84,Medium,2,89,7,No,53,5,100,85,5.1,11,6,Kinesthetic,1,8,2,Low,0
S0661,19,Male,Low,Graduate,Single Parent,No,3.49,Low,3,22,4,No,79,6,31,44,17.0,17,2,Visual,4,6,4,Medium,0
S0662,18,Female,High,None,Joint,Yes,2.76,Medium,2,85,7,Yes,65,1,71,70,4.9,15,10,Visual,4,10,2,Medium,0
S0663,21,Female,Low,Graduate,Single Parent,No,3.44,High,3,86,7,No,56,0,94,72,3.1,13,4,Auditory,4,0,4,High,1
S0664,21,Female,Medium,Graduate,Joint,No,3.56,Medium,5,77,7,Yes,69,2,87,54,11.4,23,5,Mixed,3,8,0,Medium,0
S0665,22,Male,Medium,Primary,Nuclear,Yes,2.67,Medium,2,89,6,No,61,9,99,92,1.7,24,9,Mixed,1,5,1,Medium,0
S0666,25,Female,Medium,Secondary,Single Parent,Yes,1.6,Medium,2,45,5,Yes,67,5,80,85,2.9,3,10,Mixed,5,7,5,Low,0
S0667,19,Male,High,Postgraduate,Nuclear,Yes,3.79,Low,3,113,4,No,43,4,57,39,13.8,28,2,Mixed,4,2,0,Medium,1
S0668,20,Female,Low,Graduate,Guardian,No,1.75,Low,2,49,3,Yes,63,5,82,70,2.6,5,5,Auditory,2,5,3,Medium,0
S0669,21,Female,Medium,Secondary,Nuclear,No,2.78,Medium,2,55,5,No,43,0,32,20,13.7,1,4,Visual,2,9,4,Low,0
S0670,17,Male,Medium,None,Nuclear,No,1.86,Medium,5,39,3,No,80,0,79,51,6.0,22,3,Kinesthetic,3,8,3,Medium,1
S0671,20,Male,Low,Secondary,Joint,Yes,1.5,High,0,104,6,No,94,6,54,28,10.5,23,2,Auditory,1,0,0,High,1
S0672,24,Female,Low,Secondary,Joint,No,2.12,Medium,3,114,5,No,85,2,55,44,15.5,16,8,Mixed,4,4,2,Low,0
S0673,18,Male,Medium,Postgraduate,Single Parent,No,2.38,High,1,102,6,Yes,87,9,82,74,15.3,1,9,Auditory,5,0,0,High,0
S0674,18,Male,Medium,Secondary,Joint,Yes,2.35,Medium,0,64,5,No,94,3,34,22,11.8,23,9,Visual,2,6,4,Medium,0
S0675,25,Male,Medium,Graduate,Nuclear,No,1.66,Medium,4,76,7,No,57,0,49,40,11.1,10,10,Auditory,4,0,1,High,1
S0676,17,Male,Medium,Graduate,Nuclear,No,2.58,Low,4,64,6,No,93,0,86,48,8.4,15,2,Kinesthetic,5,8,3,Low,0
S0677,23,Male,Low,Secondary,Nuclear,No,1.86,Medium,0,107,7,No,76,6,77,55,10.4,13,4,Visual,5,10,5,Medium,0
S0678,19,Male,Medium,Secondary,Joint,Yes,3.95,Medium,3,32,3,Yes,55,10,86,51,1.6,16,3,Mixed,4,10,2,Low,1
S0679,24,Male,Low,Secondary,Nuclear,No,1.83,Medium,3,76,7,Yes,47,0,61,47,7.8,28,4,Mixed,4,3,0,High,1
S0680,18,Female,Medium,None,Nuclear,Yes,3.79,Medium,1,88,5,Yes,92,4,89,76,18.2,29,10,Visual,4,0,4,High,0
S0681,21,Female,Medium,Primary,Guardian,Yes,1.85,Medium,4,112,4,No,80,6,90,81,5.3,15,4,Auditory,3,7,4,Medium,0
S0682,17,Female,Medium,Postgraduate,Joint,Yes,2.91,Low,0,29,3,Yes,89,8,97,92,1.4,13,9,Kinesthetic,1,8,1,Low,0
S0683,25,Male,Medium,Secondary,Nuclear,No,2.04,Medium,2,49,4,No,41,1,73,93,10.7,12,8,Mixed,4,5,4,Low,0
S0684,20,Female,Low,Postgraduate,Nuclear,No,1.93,Low,5,29,4,No,69,2,55,98,1.1,24,2,Mixed,3,5,1,Medium,1
S0685,23,Male,Low,None,Single Parent,Yes,3.48,Medium,5,86,6,Yes,69,1,92,58,6.3,22,2,Mixed,1,8,5,Medium,0
S0686,21,Female,High,Graduate,Nuclear,No,2.02,Medium,4,84,4,No,40,6,56,88,2.0,14,5,Kinesthetic,4,1,5,Low,0
S0687,23,Female,Low,Secondary,Single Parent,No,1.91,Medium,1,86,4,No,59,3,56,89,13.9,5,3,Mixed,3,5,2,Medium,1
S0688,25,Male,Medium,Graduate,Joint,Yes,1.61,Medium,1,62,4,No,60,2,37,66,5.7,28,1,Auditory,5,1,1,High,1
S0689,23,Female,Low,Graduate,Nuclear,No,2.75,High,2,95,7,No,49,3,44,56,6.2,27,2,Kinesthetic,3,7,5,High,1
S0690,25,Male,Low,Postgraduate,Nuclear,No,2.51,Low,2,106,5,No,57,5,39,64,16.8,22,2,Kinesthetic,4,7,3,Low,1
S0691,17,Male,High,Secondary,Nuclear,Yes,2.98,High,2,106,5,Yes,79,5,44,81,14.0,9,5,Auditory,3,5,3,High,0
S0692,18,Male,Medium,Secondary,Nuclear,Yes,1.86,High,0,85,6,No,54,9,66,51,10.4,5,5,Visual,3,9,1,Medium,1
S0693,20,Female,High,Primary,Nuclear,No,3.16,Medium,1,41,6,No,50,6,73,46,16.2,23,9,Kinesthetic,3,5,3,Medium,0
S0694,19,Other,Medium,Postgraduate,Joint,No,2.55,High,3,43,6,No,58,8,64,43,8.6,23,2,Auditory,1,4,3,Medium,1
S0695,24,Female,Low,Graduate,Nuclear,Yes,3.35,Low,2,39,7,No,60,8,37,89,2.4,1,4,Kinesthetic,3,6,0,Low,0
S0696,18,Male,High,Graduate,Nuclear,Yes,3.77,Medium,1,41,3,No,44,1,38,59,7.0,10,3,Visual,2,2,5,Medium,1
S0697,18,Female,Low,Postgraduate,Guardian,No,3.07,High,5,73,7,No,86,0,65,51,12.4,10,9,Visual,3,0,0,Medium,0
S0698,24,Male,High,Graduate,Single Parent,No,3.61,Low,4,39,4,No,50,4,63,50,2.2,26,9,Visual,5,6,0,Low,0
S0699,21,Male,Low,Primary,Nuclear,No,1.5,High,5,41,5,No,67,1,76,91,9.8,14,8,Mixed,2,5,2,High,1
S0700,23,Female,High,Secondary,Nuclear,Yes,2.13,High,2,25,5,No,80,3,89,48,11.5,19,5,Visual,4,3,4,Medium,0
S0701,19,Male,Low,None,Joint,No,1.86,Medium,5,105,4,No,85,4,68,100,4.0,27,5,Kinesthetic,3,8,4,Medium,0
S0702,20,Female,Low,Secondary,Nuclear,No,2.99,High,1,92,6,Yes,76,9,68,99,11.3,18,9,Visual,2,4,1,High,0
S0703,23,Female,Medium,Graduate,Joint,No,3.01,Low,5,20,6,Yes,72,6,50,60,8.6,5,7,Auditory,3,3,2,Medium,0
S0704,18,Male,High,None,Nuclear,No,1.89,High,5,54,5,No,92,10,72,65,12.8,10,10,Kinesthetic,3,4,0,High,1
S0705,25,Male,Low,Primary,Nuclear,Yes,1.63,Medium,3,118,5,Yes,69,7,44,60,13.2,28,5,Auditory,5,7,0,High,1
S0706,21,Male,Medium,Primary,Nuclear,No,2.57,Low,0,87,6,No,49,2,63,61,1.5,7,1,Mixed,2,2,2,High,1
S0707,23,Female,Low,Graduate,Joint,No,2.09,Medium,5,90,4,No,89,9,64,46,19.5,10,6,Mixed,2,2,3,Medium,0
S0708,17,Female,Medium,Secondary,Single Parent,No,3.94,High,5,116,5,Yes,81,6,93,89,8.3,22,1,Auditory,4,10,5,Medium,0
S0709,25,Male,Low,Primary,Nuclear,Yes,3.48,Medium,0,38,5,No,44,10,96,29,1.9,21,7,Mixed,5,2,3,Medium,0
S0710,22,Female,Low,Secondary,Joint,Yes,1.51,Medium,2,86,3,Yes,70,9,80,92,6.9,25,6,Visual,2,5,5,Low,0
S0711,21,Female,Low,Primary,Nuclear,No,1.72,Low,3,44,4,No,45,7,79,79,14.9,5,1,Visual,5,2,2,Low,1
S0712,19,Female,Medium,Postgraduate,Nuclear,No,1.96,Low,4,44,4,Yes,87,10,90,78,5.4,16,1,Mixed,3,8,0,High,1
S0713,24,Male,Low,Secondary,Joint,Yes,3.65,Medium,4,50,4,No,46,7,40,52,19.9,16,7,Mixed,4,4,3,Medium,0
S0714,19,Male,Low,Secondary,Single Parent,Yes,3.74,Low,4,58,3,No,74,10,38,29,7.9,25,3,Mixed,4,4,1,High,0
S0715,19,Female,Medium,Primary,Nuclear,No,3.08,Medium,1,66,3,No,88,2,46,91,17.0,10,1,Mixed,5,7,4,Medium,0
S0716,20,Male,Medium,Graduate,Nuclear,No,3.62,Medium,4,73,3,No,85,1,56,62,13.9,27,3,Auditory,5,1,1,Low,0
S0717,25,Female,High,Secondary,Joint,No,1.94,Low,1,68,4,No,97,1,92,78,17.6,23,6,Visual,2,10,3,High,1
S0718,25,Male,High,Secondary,Nuclear,Yes,2.86,Low,3,118,7,Yes,89,4,53,47,11.3,18,3,Auditory,5,7,4,Medium,0
S0719,23,Female,Medium,Secondary,Joint,No,3.64,Medium,0,71,7,No,55,10,49,48,10.5,23,7,Mixed,3,9,2,Medium,0
S0720,21,Male,Low,None,Nuclear,No,3.19,Medium,0,105,7,No,60,4,67,25,3.6,27,8,Auditory,4,1,2,Low,0
S0721,21,Female,Medium,Graduate,Single Parent,No,3.85,Medium,5,65,4,No,77,8,84,97,18.0,11,3,Auditory,3,8,1,Medium,0
S0722,22,Female,Medium,Primary,Nuclear,Yes,1.62,Medium,4,48,7,No,69,5,53,89,15.6,21,5,Mixed,4,9,4,Low,0
S0723,25,Female,Low,Primary,Guardian,No,3.98,High,3,32,3,No,83,1,65,53,12.9,10,2,Visual,2,5,0,Medium,0
S0724,25,Female,High,Secondary,Nuclear,No,3.31,Medium,1,93,3,Yes,93,9,100,84,10.4,22,9,Kinesthetic,1,1,2,Medium,0
S0725,25,Male,Low,Primary,Joint,No,2.08,Medium,5,36,6,No,61,9,77,42,19.1,24,10,Auditory,4,1,5,High,0
S0726,22,Male,Medium,Graduate,Nuclear,Yes,3.12,Low,4,45,7,Yes,93,4,97,65,10.5,10,10,Visual,2,10,3,Medium,0
S0727,24,Female,Low,Graduate,Nuclear,No,3.56,Medium,3,117,7,Yes,87,7,61,87,1.5,15,6,Auditory,4,8,4,Low,0
S0728,24,Female,Low,Primary,Single Parent,No,3.8,Low,2,91,7,No,95,5,89,77,3.4,23,7,Auditory,5,10,5,Medium,0
S0729,24,Female,Low,Secondary,Single Parent,Yes,3.85,Medium,2,112,6,Yes,95,2,56,34,3.5,18,8,Mixed,3,5,0,Low,0
S0730,25,Male,Low,Primary,Joint,No,3.27,Medium,1,113,3,No,81,4,70,52,2.8,5,9,Kinesthetic,3,7,1,Low,0
S0731,20,Other,Low,Postgraduate,Nuclear,No,2.37,Medium,5,67,7,Yes,93,6,86,64,11.1,6,10,Visual,4,1,2,Low,0
S0732,18,Male,Low,Secondary,Nuclear,Yes,3.67,Medium,2,88,4,No,70,1,55,68,5.3,21,8,Kinesthetic,2,1,0,Medium,0
S0733,21,Male,Medium,Graduate,Single Parent,Yes,2.11,High,5,56,6,No,88,8,69,47,19.2,17,9,Mixed,3,4,3,Low,0
S0734,24,Male,Medium,Graduate,Nuclear,No,3.69,Medium,3,46,6,No,76,8,40,31,3.9,26,4,Visual,1,6,3,Medium,0
S0735,24,Male,Low,Graduate,Nuclear,No,2.72,Low,1,30,5,No,89,7,98,90,8.9,1,9,Mixed,1,4,4,High,0
S0736,22,Female,Medium,Secondary,Nuclear,No,1.5,Low,3,45,4,No,61,6,52,29,3.4,28,7,Visual,5,4,1,Low,0
S0737,23,Female,Low,Primary,Single Parent,Yes,2.7,Medium,3,104,3,No,63,0,100,63,15.5,10,1,Visual,4,9,3,High,0
S0738,20,Female,Low,None,Nuclear,No,3.06,Medium,4,108,7,Yes,69,10,42,99,7.0,3,2,Visual,4,5,2,Medium,0
S0739,21,Male,High,Primary,Nuclear,No,3.97,Medium,1,35,6,No,40,7,56,24,6.8,11,9,Visual,5,0,0,Low,0
S0740,20,Female,Medium,Postgraduate,Nuclear,Yes,3.8,High,0,62,3,Yes,84,2,93,31,19.2,19,3,Visual,4,5,1,High,0
S0741,22,Female,Low,Postgraduate,Nuclear,No,2.12,Low,5,111,5,No,43,2,68,96,16.0,16,5,Mixed,2,0,1,Low,0
S0742,21,Female,Medium,Primary,Nuclear,No,1.75,High,3,43,3,No,82,0,66,68,5.5,25,10,Visual,4,10,5,High,1
S0743,18,Female,Medium,Graduate,Nuclear,Yes,2.19,Medium,0,107,7,Yes,83,2,62,61,10.4,16,9,Auditory,1,6,2,Medium,0
S0744,22,Male,Medium,Postgraduate,Nuclear,No,2.68,Medium,4,115,6,No,86,1,45,91,3.0,24,8,Visual,4,9,4,Medium,0
S0745,19,Male,Low,None,Nuclear,Yes,2.67,Low,1,60,6,Yes,92,7,80,65,1.0,5,3,Visual,5,5,2,High,0
S0746,22,Male,Low,Primary,Joint,No,3.38,Low,4,23,6,No,88,3,73,38,9.2,14,10,Visual,2,10,3,Low,0
S0747,19,Male,Low,Secondary,Single Parent,Yes,2.39,Low,4,113,6,No,55,0,99,42,12.3,9,10,Visual,5,0,2,Medium,0
S0748,21,Female,Medium,Graduate,Nuclear,No,2.26,Medium,2,29,7,No,88,10,81,95,16.3,25,5,Mixed,4,6,4,Medium,0
S0749,24,Female,Low,Secondary,Single Parent,No,3.93,High,3,50,4,No,68,6,55,21,16.9,8,6,Auditory,4,9,0,Medium,0
S0750,17,Male,Medium,Secondary,Nuclear,No,2.5,Low,1,82,7,No,98,4,86,80,11.8,23,6,Auditory,3,2,5,Medium,0
S0751,19,Male,High,Primary,Single Parent,Yes,3.58,High,2,103,6,Yes,80,9,65,54,11.3,29,1,Mixed,5,0,4,High,0
S0752,23,Female,Medium,Primary,Nuclear,Yes,3.83,Low,3,48,4,Yes,61,10,86,81,12.3,13,9,Mixed,3,4,5,High,0
S0753,21,Female,Medium,Secondary,Nuclear,No,3.85,Low,0,48,5,No,45,3,86,77,3.9,24,4,Mixed,1,0,3,Medium,0
S0754,23,Male,Low,Secondary,Nuclear,No,2.51,Medium,1,59,6,No,88,4,71,45,1.8,21,5,Auditory,2,9,1,Low,0
S0755,25,Male,Low,Graduate,Guardian,Yes,1.83,Medium,5,98,3,No,61,9,54,75,2.8,25,6,Auditory,5,5,1,Low,0
S0756,23,Female,Medium,Graduate,Nuclear,No,3.72,Medium,1,56,6,Yes,43,1,90,59,10.1,22,4,Auditory,3,3,0,High,1
S0757,18,Female,Low,Primary,Nuclear,Yes,2.68,Medium,2,96,4,No,66,10,57,51,8.0,19,6,Mixed,5,10,4,High,0
S0758,18,Male,Low,Primary,Nuclear,Yes,1.56,Medium,2,88,4,No,70,10,74,31,15.2,19,3,Visual,5,8,3,Low,1
S0759,22,Female,Medium,Primary,Nuclear,No,1.73,Medium,0,101,7,No,67,3,62,43,5.9,6,2,Visual,4,1,2,Medium,1
S0760,18,Female,Low,Secondary,Single Parent,No,1.52,Low,5,46,7,No,46,8,92,94,9.2,4,1,Auditory,2,6,5,Medium,1
S0761,19,Female,Medium,Postgraduate,Nuclear,Yes,3.01,Medium,5,32,3,No,52,4,32,89,16.2,1,4,Visual,5,6,4,Medium,0
S0762,20,Male,Medium,Secondary,Joint,No,2.66,Medium,0,81,7,No,86,1,86,46,11.9,23,9,Auditory,1,7,4,Medium,0
S0763,20,Male,Medium,Graduate,Single Parent,No,2.53,High,1,64,4,No,52,10,88,22,9.6,10,2,Kinesthetic,1,7,1,Medium,1
S0764,18,Female,High,Graduate,Single Parent,No,2.11,Medium,3,20,4,No,41,5,58,35,2.3,19,8,Kinesthetic,3,8,2,Medium,0
S0765,22,Female,Medium,None,Joint,Yes,3.28,Low,3,35,4,No,99,5,47,45,16.1,26,2,Visual,3,4,5,Low,0
S0766,21,Female,Low,None,Nuclear,No,3.05,Medium,4,71,5,No,78,8,94,28,3.4,15,3,Mixed,3,9,5,Medium,0
S0767,21,Male,High,Graduate,Joint,Yes,2.53,Low,3,56,6,No,92,0,98,63,11.7,27,3,Mixed,4,5,2,Low,0
S0768,21,Female,Low,Graduate,Single Parent,No,1.82,Medium,2,20,5,No,68,4,37,50,13.3,1,3,Visual,2,9,3,Medium,1
S0769,21,Male,High,Secondary,Nuclear,Yes,3.4,High,4,66,3,Yes,42,4,72,25,5.7,24,2,Kinesthetic,2,4,0,High,1
S0770,21,Female,Low,Graduate,Single Parent,No,3.78,Medium,0,30,3,No,51,5,68,28,12.1,28,4,Auditory,2,7,2,Medium,0
S0771,25,Male,High,Graduate,Single Parent,Yes,2.55,Low,3,39,7,Yes,43,2,95,98,2.7,2,4,Kinesthetic,3,1,1,High,1
S0772,18,Male,High,Postgraduate,Joint,No,3.73,High,1,95,5,No,69,2,63,93,8.2,19,10,Mixed,5,1,1,Medium,0
S0773,23,Male,Low,Secondary,Nuclear,No,3.17,Medium,3,91,4,No,96,1,38,52,4.6,27,2,Mixed,3,0,0,Medium,0
S0774,18,Male,High,Graduate,Nuclear,No,1.76,Low,0,89,7,No,65,8,68,60,9.1,9,7,Mixed,2,4,3,High,1
S0775,22,Female,Low,Primary,Joint,Yes,3.79,Low,2,20,7,Yes,50,7,59,63,3.3,8,6,Kinesthetic,2,0,2,Low,0
S0776,21,Female,High,Secondary,Joint,No,2.65,Low,1,20,5,No,97,1,90,26,13.5,17,1,Visual,1,1,4,Low,0
S0777,18,Female,High,Secondary,Nuclear,No,1.97,Medium,3,55,5,No,68,10,32,25,19.7,7,10,Mixed,5,1,1,High,1
S0778,19,Male,Low,Primary,Nuclear,No,2.72,Medium,0,88,6,No,59,3,60,79,14.3,24,1,Kinesthetic,4,5,4,Medium,1
S0779,17,Female,Low,Primary,Nuclear,No,3.25,Medium,1,95,5,No,48,6,52,89,11.0,14,8,Kinesthetic,4,1,5,Medium,0
S0780,21,Female,Medium,Primary,Nuclear,No,2.98,High,0,93,3,No,80,4,33,21,16.8,22,8,Auditory,5,4,4,Medium,0
S0781,22,Male,Medium,Secondary,Single Parent,Yes,3.09,High,2,42,6,No,96,0,96,80,3.0,10,2,Kinesthetic,3,0,3,High,0
S0782,19,Female,Low,Primary,Nuclear,No,2.05,High,5,23,7,No,58,3,58,33,18.3,11,9,Visual,4,4,5,Medium,0
S0783,23,Male,Low,Graduate,Nuclear,No,2.56,Medium,0,101,3,No,45,9,98,48,13.6,25,3,Mixed,3,10,5,Low,1
S0784,24,Female,Low,Postgraduate,Single Parent,No,2.15,Low,4,63,6,Yes,87,1,77,77,14.6,9,6,Kinesthetic,3,1,4,High,0
S0785,21,Female,Medium,Graduate,Single Parent,No,3.91,Medium,2,83,5,Yes,44,0,89,30,16.6,2,2,Kinesthetic,3,4,4,Medium,1
S0786,20,Male,Medium,Secondary,Single Parent,Yes,1.69,Medium,4,45,6,No,76,7,80,61,3.6,10,3,Mixed,5,2,1,Low,1
S0787,25,Female,Medium,Graduate,Joint,No,2.37,Medium,3,38,4,No,57,9,72,66,14.7,12,1,Mixed,4,7,2,Medium,1
S0788,18,Female,Medium,None,Nuclear,No,3.53,Medium,0,106,4,No,74,5,68,34,10.4,7,10,Visual,4,6,2,Medium,0
S0789,22,Male,Low,Primary,Single Parent,No,3.5,High,3,83,6,No,98,4,31,22,1.1,17,8,Visual,4,5,3,Medium,0
S0790,18,Male,Low,Primary,Nuclear,No,3.42,Medium,5,113,7,No,86,4,69,82,16.1,13,1,Mixed,2,2,0,Medium,0
S0791,20,Female,Low,Secondary,Nuclear,Yes,2.53,Low,4,42,7,No,73,7,54,31,19.2,7,6,Visual,4,2,1,Medium,0
S0792,20,Male,Low,Secondary,Guardian,No,2.99,High,1,117,4,No,81,1,94,68,2.9,12,8,Visual,1,4,0,Low,0
S0793,24,Male,Medium,Secondary,Nuclear,Yes,2.95,Low,3,21,6,Yes,59,1,85,96,10.5,8,7,Kinesthetic,4,7,3,Medium,0
S0794,19,Male,Medium,Secondary,Nuclear,No,3.96,Medium,5,109,7,No,74,7,47,54,3.9,26,8,Mixed,3,10,3,Low,0
S0795,20,Female,High,Primary,Nuclear,No,1.73,High,3,36,7,No,64,5,30,43,20.0,22,5,Kinesthetic,3,10,1,Medium,0
S0796,20,Male,Low,Graduate,Nuclear,No,1.91,Low,5,88,3,No,73,1,62,48,20.0,7,1,Visual,3,3,2,Medium,1
S0797,23,Female,Low,Graduate,Nuclear,Yes,1.87,Medium,0,103,4,No,56,9,92,68,13.4,4,1,Auditory,1,8,0,High,1
S0798,23,Female,Low,Graduate,Nuclear,No,3.99,Medium,5,82,6,No,76,2,45,49,10.4,25,9,Kinesthetic,1,7,5,Low,0
S0799,21,Female,High,Secondary,Nuclear,Yes,2.25,Medium,1,31,6,No,90,9,56,94,16.0,22,4,Mixed,1,10,3,Medium,0
S0800,23,Female,Low,Primary,Nuclear,Yes,3.96,Low,1,85,5,No,84,5,99,29,14.0,16,9,Visual,4,7,1,High,0
S0801,24,Male,High,Secondary,Single Parent,Yes,3.36,High,4,99,5,No,44,7,30,50,8.3,24,2,Visual,1,8,5,Medium,1
S0802,22,Female,Medium,Secondary,Nuclear,No,1.73,Medium,5,73,7,No,50,2,99,72,5.7,4,2,Auditory,1,4,5,Medium,1
S0803,20,Female,High,Secondary,Nuclear,No,2.93,Medium,4,76,4,No,97,7,63,21,12.1,16,9,Visual,5,10,3,Medium,0
S0804,23,Female,Medium,Secondary,Nuclear,No,3.84,Medium,2,102,7,Yes,50,4,65,31,9.0,10,7,Visual,5,3,4,High,1
S0805,20,Female,Medium,Secondary,Single Parent,No,2.23,High,1,79,3,Yes,98,8,50,72,6.3,20,9,Visual,5,10,2,Medium,0
S0806,23,Male,Low,Primary,Nuclear,Yes,3.41,Low,3,24,5,No,56,5,77,69,15.2,16,1,Visual,2,6,2,Medium,1
S0807,17,Male,Low,Postgraduate,Nuclear,No,1.77,Low,1,76,5,Yes,41,1,70,69,11.2,1,8,Mixed,3,10,3,Low,1
S0808,18,Male,Medium,Graduate,Nuclear,No,1.83,Medium,3,64,5,No,93,6,31,43,12.6,15,5,Auditory,5,3,1,Low,0
S0809,20,Male,Low,Secondary,Nuclear,Yes,3.74,Medium,3,57,5,Yes,75,6,83,42,17.7,10,1,Auditory,4,2,2,Medium,0
S0810,21,Male,Medium,Secondary,Single Parent,No,2.49,Low,1,84,5,No,57,9,56,33,17.7,26,2,Mixed,2,0,4,Low,1
S0811,18,Male,High,Postgraduate,Single Parent,Yes,1.94,High,5,61,3,No,88,7,86,93,9.1,17,4,Auditory,3,1,3,Low,0
S0812,20,Female,Low,Primary,Joint,Yes,1.96,Medium,5,39,6,No,44,8,35,82,10.0,23,6,Auditory,3,5,0,High,1
S0813,25,Female,Low,None,Nuclear,Yes,2.13,Low,4,89,5,No,95,1,74,40,3.1,8,2,Auditory,2,8,3,Medium,0
S0814,19,Female,Low,Graduate,Nuclear,Yes,3.31,Medium,0,116,4,No,77,0,87,62,19.4,8,5,Auditory,5,3,4,Medium,0
S0815,18,Female,Medium,None,Nuclear,Yes,1.58,High,4,78,4,No,66,10,60,96,7.9,14,2,Visual,1,7,1,Low,1
S0816,24,Female,Low,Postgraduate,Joint,Yes,1.76,Medium,5,107,4,No,52,9,39,42,15.6,3,7,Kinesthetic,3,3,0,Medium,1
S0817,22,Female,Low,Primary,Single Parent,No,2.77,Medium,4,94,7,No,56,5,35,68,9.0,25,6,Visual,2,0,4,Low,0
S0818,17,Female,Medium,Graduate,Nuclear,Yes,2.84,Medium,2,28,6,No,86,3,71,58,6.6,12,4,Mixed,3,5,2,High,0
S0819,22,Male,Medium,Primary,Nuclear,Yes,2.08,Medium,5,39,5,No,96,0,33,59,17.9,20,2,Auditory,5,3,0,Medium,0
S0820,25,Female,High,Secondary,Nuclear,No,1.56,Low,1,49,3,No,71,8,84,41,13.6,21,7,Auditory,2,6,0,High,1
S0821,24,Other,Medium,Secondary,Nuclear,Yes,2.22,Medium,5,46,4,No,59,7,92,48,19.1,29,6,Visual,5,7,0,Medium,0
S0822,22,Female,Medium,Secondary,Single Parent,No,2.78,Medium,2,119,7,Yes,55,3,80,38,6.7,25,7,Kinesthetic,1,1,3,Low,0
S0823,18,Male,Low,Graduate,Joint,No,2.92,Medium,3,95,6,Yes,85,8,30,38,5.0,25,4,Kinesthetic,4,7,3,High,0
S0824,25,Male,Medium,Postgraduate,Nuclear,Yes,3.55,Medium,3,27,7,No,68,1,99,40,15.6,14,2,Kinesthetic,1,8,4,Medium,0
S0825,20,Female,Low,Secondary,Joint,No,3.23,High,4,113,6,No,42,5,45,52,12.9,13,9,Auditory,1,8,4,Medium,0
S0826,22,Male,Medium,None,Single Parent,No,2.18,Medium,4,73,7,Yes,46,1,44,72,6.7,7,4,Kinesthetic,5,3,4,Low,0
S0827,17,Female,Medium,Secondary,Nuclear,No,2.35,Medium,5,33,5,Yes,84,4,93,22,12.9,19,1,Mixed,1,2,0,Low,0
S0828,22,Female,High,None,Nuclear,No,3.86,Low,4,56,7,No,45,3,81,94,8.7,27,3,Visual,5,10,2,Medium,1
S0829,20,Female,Low,Graduate,Joint,Yes,2.62,Medium,5,110,4,No,96,5,48,76,4.3,3,10,Visual,3,7,0,High,0
S0830,22,Female,Low,Graduate,Joint,No,3.45,Low,1,38,7,No,51,1,44,84,1.7,3,10,Auditory,2,7,1,Low,0
S0831,18,Female,Low,Secondary,Guardian,No,2.97,Medium,4,62,5,Yes,95,7,51,80,9.5,18,2,Auditory,1,1,3,Low,0
S0832,19,Male,Low,Graduate,Joint,No,1.81,Medium,2,61,4,No,69,7,91,88,11.4,19,9,Visual,5,1,2,Medium,0
S0833,23,Male,Medium,Postgraduate,Nuclear,No,3.31,Medium,0,97,5,No,96,10,72,53,13.4,12,4,Auditory,1,3,1,Medium,0
S0834,19,Female,Low,Postgraduate,Guardian,No,3.59,Medium,2,56,6,No,69,2,30,44,8.5,4,5,Auditory,5,0,0,Medium,0
S0835,19,Male,Medium,Graduate,Nuclear,No,1.58,Medium,2,63,5,No,86,3,68,72,9.5,19,6,Visual,3,1,2,Medium,0
S0836,17,Female,Low,Primary,Single Parent,No,1.58,Medium,4,87,5,Yes,71,10,57,61,14.8,21,8,Mixed,5,2,0,Low,0
S0837,21,Female,Medium,Primary,Guardian,No,2.12,Medium,2,114,3,No,90,2,56,53,8.2,3,8,Visual,4,8,0,Medium,0
S0838,23,Female,High,Graduate,Single Parent,Yes,3.52,Low,2,73,6,No,43,7,30,30,15.8,26,2,Kinesthetic,1,0,3,Medium,1
S0839,23,Male,Medium,Graduate,Nuclear,Yes,2.0,High,3,67,7,No,92,10,86,91,10.3,20,4,Auditory,2,8,4,Medium,0
S0840,21,Female,Low,Postgraduate,Nuclear,No,2.87,Medium,4,102,6,No,52,0,60,26,12.5,11,9,Visual,2,7,3,High,1
S0841,21,Male,Medium,Secondary,Single Parent,No,3.01,Medium,4,97,7,Yes,70,1,84,70,18.9,5,1,Kinesthetic,2,4,4,High,0
S0842,22,Female,Medium,Postgraduate,Nuclear,Yes,2.92,Medium,4,78,7,No,68,5,84,36,6.3,7,4,Visual,3,4,2,Low,0
S0843,18,Male,Medium,None,Nuclear,Yes,3.39,Low,5,46,5,Yes,73,1,71,40,8.1,15,3,Auditory,5,8,5,Low,0
S0844,19,Female,Medium,Graduate,Joint,No,3.96,High,2,99,5,No,74,10,30,64,15.2,16,10,Auditory,2,0,0,High,0
S0845,22,Female,Low,Graduate,Nuclear,No,2.66,Low,2,91,3,No,40,7,96,94,9.3,16,7,Mixed,3,2,1,Low,0
S0846,21,Male,Low,Postgraduate,Nuclear,Yes,3.53,Low,3,107,6,No,84,3,59,65,12.7,9,4,Kinesthetic,4,0,1,Medium,0
S0847,21,Male,Low,Secondary,Joint,Yes,3.39,Medium,5,31,7,No,80,7,44,27,14.1,5,1,Auditory,5,9,3,High,0
S0848,20,Female,Low,None,Joint,No,2.79,Medium,4,94,3,No,98,8,93,27,10.9,6,6,Auditory,5,1,3,Low,0
S0849,24,Female,Medium,Secondary,Guardian,No,3.68,Medium,3,36,7,Yes,98,6,99,50,3.8,8,5,Visual,5,8,2,Low,0
S0850,19,Female,Medium,Secondary,Nuclear,No,2.39,High,4,45,3,No,65,6,68,63,16.1,5,10,Auditory,5,2,5,Medium,0
S0851,18,Male,Low,Postgraduate,Nuclear,No,3.86,Low,0,30,7,No,80,0,40,29,10.5,11,6,Mixed,5,10,3,Medium,0
S0852,20,Female,Low,Graduate,Nuclear,No,2.17,Medium,3,107,5,Yes,98,7,61,93,7.2,1,5,Mixed,1,2,1,Low,0
S0853,22,Female,Medium,Graduate,Joint,No,3.75,Low,1,75,3,No,96,6,30,79,17.0,29,2,Kinesthetic,4,9,3,High,0
S0854,20,Male,Medium,Secondary,Nuclear,No,2.93,High,5,85,6,No,81,3,34,46,19.1,23,7,Mixed,5,7,3,High,0
S0855,17,Male,High,Primary,Joint,Yes,3.98,Medium,0,47,7,No,62,3,43,22,11.4,11,8,Mixed,5,0,3,Low,0
S0856,25,Male,Low,Primary,Nuclear,No,2.89,Medium,1,102,3,Yes,85,6,58,28,9.0,24,2,Mixed,2,3,0,High,0
S0857,17,Female,Medium,Postgraduate,Joint,Yes,4.0,High,2,42,4,No,82,1,52,87,7.9,2,1,Mixed,1,4,1,Low,0
S0858,19,Male,Medium,Primary,Single Parent,No,1.53,High,5,105,5,Yes,84,2,75,82,4.8,14,1,Kinesthetic,4,5,2,Medium,1
S0859,21,Male,Low,Primary,Nuclear,No,2.77,High,4,57,6,No,56,4,96,91,7.3,23,6,Visual,1,3,3,Medium,0
S0860,21,Male,Low,Secondary,Nuclear,No,2.82,Medium,2,73,5,No,73,8,65,32,11.1,3,3,Visual,1,3,1,High,0
S0861,23,Male,Medium,Postgraduate,Nuclear,No,3.86,Low,0,93,7,No,62,3,54,73,1.7,20,1,Visual,2,4,1,Medium,0
S0862,17,Male,Low,Secondary,Nuclear,No,2.45,Medium,0,94,7,Yes,99,3,60,65,15.4,6,8,Auditory,4,0,3,Low,0
S0863,24,Male,Medium,Primary,Joint,No,3.17,Medium,0,34,4,No,68,1,34,44,9.9,24,1,Kinesthetic,3,7,4,Medium,0
S0864,21,Male,Low,Secondary,Nuclear,No,3.16,Medium,4,116,7,Yes,49,1,86,32,19.0,25,3,Visual,4,9,1,Medium,1
S0865,19,Female,High,Postgraduate,Joint,No,1.95,Medium,0,26,4,No,64,1,48,32,18.6,12,8,Mixed,3,3,3,High,1
S0866,23,Female,Low,None,Joint,No,3.33,Medium,4,42,3,Yes,74,0,89,73,3.3,22,5,Visual,1,7,5,Low,0
S0867,18,Female,Low,None,Nuclear,No,3.52,Medium,5,25,3,No,40,7,66,59,12.5,24,5,Visual,3,7,3,Medium,0
S0868,20,Male,Medium,Primary,Nuclear,Yes,3.23,Medium,3,85,7,No,41,10,62,52,14.1,5,8,Auditory,3,3,5,Medium,0
S0869,19,Female,Medium,Graduate,Joint,No,3.68,High,5,22,6,No,80,4,32,79,19.3,19,7,Visual,1,4,5,Medium,0
S0870,19,Female,High,Graduate,Nuclear,Yes,1.89,High,1,112,7,No,89,4,37,66,3.3,8,4,Visual,4,7,5,Medium,0
S0871,19,Male,Medium,None,Joint,No,3.51,Medium,5,59,5,Yes,42,10,96,78,8.7,14,8,Auditory,5,9,2,Medium,0
S0872,24,Female,Medium,Primary,Nuclear,No,2.53,Medium,5,29,7,No,77,10,92,38,19.8,20,9,Visual,3,0,1,Low,0
S0873,18,Female,High,Secondary,Nuclear,Yes,3.18,High,4,50,4,No,79,10,81,28,13.9,4,5,Kinesthetic,1,5,0,Low,0
S0874,18,Male,Medium,Graduate,Joint,Yes,3.91,High,3,84,6,No,54,7,83,76,4.7,23,2,Mixed,5,5,2,Medium,1
S0875,21,Male,Medium,None,Nuclear,No,3.71,Medium,4,27,5,Yes,53,3,41,63,14.9,21,6,Mixed,1,9,0,High,1
S0876,23,Male,Medium,None,Nuclear,No,1.58,Medium,4,20,6,No,44,6,57,53,19.4,24,8,Visual,5,3,3,High,1
S0877,23,Female,Low,Graduate,Nuclear,No,2.74,Medium,3,92,4,No,47,7,50,36,9.8,1,6,Auditory,4,7,2,Medium,0
S0878,18,Male,Low,None,Nuclear,Yes,1.99,Medium,0,77,5,No,79,4,63,46,8.1,29,9,Mixed,5,4,4,High,1
S0879,24,Female,High,Graduate,Joint,No,2.05,Medium,4,86,3,No,54,6,88,56,4.6,5,10,Kinesthetic,3,8,4,Medium,0
S0880,17,Female,Low,Primary,Nuclear,No,2.51,Medium,0,33,6,No,95,8,49,30,11.4,24,4,Visual,1,5,5,Medium,0
S0881,21,Female,Low,Graduate,Nuclear,No,1.86,Medium,5,28,6,No,65,2,63,88,15.1,28,2,Visual,5,10,1,High,1
S0882,22,Female,Medium,Graduate,Joint,No,3.75,Medium,3,102,5,No,88,8,87,20,17.0,28,6,Auditory,5,0,3,Low,0
S0883,25,Male,Low,Secondary,Nuclear,Yes,2.79,Medium,1,29,5,No,80,2,100,85,4.6,20,3,Visual,5,9,3,Low,0
S0884,17,Female,Medium,Primary,Nuclear,Yes,1.81,Medium,4,98,3,No,91,6,86,50,16.5,6,8,Auditory,1,1,5,High,1
S0885,19,Male,Low,Postgraduate,Nuclear,No,3.08,Low,3,95,3,No,84,8,79,97,9.9,15,9,Auditory,1,3,5,Low,0
S0886,21,Female,High,Graduate,Joint,Yes,2.81,High,5,34,3,Yes,46,8,53,65,16.5,5,7,Auditory,2,2,0,Medium,0
S0887,22,Male,Medium,Graduate,Nuclear,No,3.32,Medium,1,36,3,No,76,7,88,28,18.6,17,5,Visual,2,1,5,Low,0
S0888,22,Female,Medium,Graduate,Nuclear,No,2.36,Medium,1,49,4,No,79,7,75,48,8.9,4,2,Mixed,4,3,0,Low,0
S0889,20,Female,Low,Secondary,Joint,Yes,1.62,Medium,4,102,4,No,54,3,97,34,17.4,21,9,Mixed,3,1,0,Medium,1
S0890,17,Female,Low,Graduate,Joint,No,2.03,High,5,21,6,No,89,10,44,72,11.7,24,2,Mixed,4,0,5,Medium,0
S0891,24,Male,Medium,Postgraduate,Nuclear,Yes,2.36,High,2,48,5,No,54,0,75,81,1.8,26,7,Kinesthetic,5,5,4,High,1
S0892,25,Female,Low,Secondary,Nuclear,No,3.38,Medium,2,82,4,No,52,7,49,98,10.7,8,4,Mixed,1,2,4,Low,0
S0893,25,Female,Low,Secondary,Nuclear,Yes,2.33,Medium,0,23,5,Yes,93,5,32,60,6.4,14,5,Visual,4,10,1,Medium,0
S0894,17,Male,Low,Graduate,Nuclear,Yes,1.68,Medium,2,110,6,No,54,0,79,90,4.9,18,3,Auditory,1,1,1,Medium,1
S0895,17,Female,Medium,Graduate,Nuclear,Yes,3.81,Low,0,89,3,No,77,9,74,79,7.8,20,8,Mixed,2,6,2,Medium,0
S0896,23,Male,Low,Graduate,Nuclear,No,3.22,Low,2,29,7,Yes,64,10,83,86,11.3,18,9,Mixed,5,10,3,Medium,0
S0897,19,Female,Medium,Secondary,Single Parent,No,1.99,Low,3,73,4,No,88,6,31,59,18.4,25,7,Mixed,1,9,0,Medium,0
S0898,21,Female,Medium,Graduate,Nuclear,No,2.68,Low,4,53,4,No,71,3,80,24,7.5,15,3,Visual,5,0,4,Medium,0
S0899,20,Male,Low,Secondary,Nuclear,No,2.87,Low,3,91,6,No,70,1,65,99,10.8,20,2,Auditory,2,10,2,High,0
S0900,21,Female,Low,None,Nuclear,No,1.54,Low,3,97,4,No,53,8,49,89,6.1,9,1,Auditory,1,6,1,Low,1
S0901,23,Male,Low,Secondary,Nuclear,Yes,3.92,Low,1,107,5,No,79,8,48,69,11.5,16,3,Auditory,1,5,4,Medium,0
S0902,18,Female,Low,Postgraduate,Nuclear,Yes,2.27,High,3,54,7,No,41,1,74,46,12.6,6,6,Auditory,3,0,5,Medium,0
S0903,20,Male,Medium,Primary,Guardian,No,3.89,Medium,3,84,4,No,94,8,49,22,1.4,28,5,Mixed,5,9,2,Medium,0
S0904,21,Female,Medium,Secondary,Guardian,No,3.76,High,1,114,4,No,52,6,96,40,19.7,13,2,Kinesthetic,3,6,3,High,1
S0905,22,Male,Medium,Graduate,Nuclear,No,2.08,Low,2,80,6,No,48,5,82,71,3.7,23,4,Visual,5,8,4,Low,0
S0906,21,Female,High,Postgraduate,Single Parent,No,2.4,Low,5,78,4,No,86,6,47,42,15.5,10,6,Kinesthetic,5,10,3,Medium,0
S0907,22,Female,Low,Primary,Joint,No,2.47,Medium,3,80,4,No,98,5,40,48,2.5,5,6,Kinesthetic,3,0,3,Medium,0
S0908,22,Female,Low,Postgraduate,Single Parent,Yes,3.2,High,4,96,5,No,90,1,67,23,12.2,7,5,Mixed,3,4,4,High,0
S0909,22,Female,Low,Secondary,Joint,No,2.26,Low,5,63,6,Yes,94,0,65,39,14.2,3,4,Mixed,5,10,5,Low,0
S0910,18,Male,High,None,Nuclear,No,1.63,Low,3,74,6,No,86,5,46,25,13.5,24,3,Auditory,4,7,3,Low,1
S0911,17,Female,High,Graduate,Joint,No,3.3,Low,4,98,6,No,72,2,60,60,1.8,14,10,Kinesthetic,3,2,4,High,0
S0912,24,Male,High,Secondary,Nuclear,No,1.53,Low,0,115,6,No,85,5,90,64,15.6,8,2,Visual,5,8,2,Medium,1
S0913,19,Male,Low,Graduate,Nuclear,No,3.96,High,0,54,3,No,81,8,82,35,19.8,19,7,Auditory,5,10,3,Medium,0
S0914,18,Male,Medium,Graduate,Single Parent,No,1.58,High,1,114,5,No,95,7,90,32,1.1,10,6,Auditory,5,4,2,Medium,0
S0915,22,Female,Medium,Secondary,Nuclear,No,3.0,Low,5,90,4,Yes,97,4,46,45,4.1,26,5,Auditory,2,3,3,Medium,0
S0916,17,Female,Low,Primary,Nuclear,No,2.79,Medium,2,64,6,Yes,96,1,95,37,12.0,29,9,Visual,3,2,4,Medium,0
S0917,19,Other,Low,None,Single Parent,No,3.58,Medium,1,107,6,Yes,56,0,46,100,10.5,29,3,Mixed,4,5,3,Low,1
S0918,20,Female,Low,Primary,Single Parent,No,1.69,High,0,77,7,No,59,0,46,25,12.0,22,10,Auditory,5,0,2,High,1
S0919,17,Male,Low,None,Nuclear,Yes,1.67,Medium,4,57,6,Yes,43,6,48,25,17.3,19,2,Mixed,2,8,3,Medium,1
S0920,22,Other,Medium,Primary,Nuclear,No,2.62,Medium,4,35,7,Yes,65,10,67,26,16.7,23,5,Kinesthetic,4,2,3,Medium,0
S0921,20,Female,High,Secondary,Nuclear,Yes,3.49,High,3,107,4,No,76,7,83,87,16.6,12,6,Mixed,3,4,3,Medium,0
S0922,17,Male,Medium,Graduate,Single Parent,No,2.48,High,3,48,7,No,91,2,39,95,5.1,14,6,Visual,5,2,3,Medium,0
S0923,22,Female,High,Secondary,Nuclear,No,1.69,Low,2,86,7,No,49,8,68,66,13.4,13,9,Visual,2,6,0,Low,1
S0924,21,Male,Medium,Graduate,Nuclear,No,3.13,Medium,3,113,3,No,69,10,51,77,11.0,7,8,Kinesthetic,3,9,4,Medium,0
S0925,23,Female,Low,Graduate,Joint,No,1.76,Medium,4,77,7,No,72,6,97,67,5.7,28,10,Visual,3,5,2,High,1
S0926,23,Female,Medium,Primary,Nuclear,No,2.13,High,2,97,6,No,89,0,95,87,10.2,15,8,Mixed,2,1,0,Medium,0
S0927,20,Female,Medium,Primary,Single Parent,No,3.31,Medium,4,113,7,No,74,9,37,97,1.6,19,8,Kinesthetic,3,9,5,Medium,0
S0928,17,Female,Low,Primary,Nuclear,No,3.46,Medium,3,57,4,No,60,2,69,99,15.2,16,7,Visual,4,1,4,Low,0
S0929,21,Male,High,Secondary,Nuclear,Yes,2.11,Medium,3,93,6,Yes,64,3,32,51,8.1,7,7,Visual,4,5,3,Low,0
S0930,20,Male,Medium,Graduate,Nuclear,No,3.68,High,5,71,6,Yes,87,7,51,80,15.7,23,4,Kinesthetic,2,9,2,Medium,0
S0931,21,Male,Low,Primary,Joint,No,1.9,High,4,49,5,No,92,6,53,59,5.2,5,5,Visual,2,9,3,Medium,0
S0932,18,Female,Medium,Graduate,Nuclear,No,2.74,High,5,72,3,Yes,89,3,49,89,5.5,23,9,Visual,1,6,2,Medium,0
S0933,20,Male,Medium,Postgraduate,Joint,No,2.09,Low,5,87,6,No,71,0,30,54,7.1,2,9,Visual,4,9,5,Medium,0
S0934,19,Male,Medium,Graduate,Joint,No,3.61,Low,4,93,6,No,73,2,52,77,16.7,23,8,Mixed,3,1,4,Medium,0
S0935,21,Male,Medium,Secondary,Nuclear,Yes,2.63,Low,0,82,3,No,98,5,72,98,8.6,20,2,Visual,1,10,1,High,0
S0936,23,Male,Medium,Postgraduate,Nuclear,No,2.72,High,4,36,6,No,70,10,88,100,12.2,21,7,Mixed,5,7,2,Low,0
S0937,23,Male,Low,Secondary,Joint,No,1.9,Medium,4,29,6,No,66,1,69,33,18.4,23,6,Auditory,3,5,3,High,1
S0938,25,Male,Low,Primary,Nuclear,No,3.2,Medium,0,58,6,No,60,3,80,42,12.6,13,8,Visual,2,3,4,Medium,0
S0939,20,Male,Low,Graduate,Nuclear,Yes,2.86,Low,0,77,3,Yes,48,8,54,66,15.2,21,4,Mixed,5,4,3,Low,0
S0940,17,Male,Medium,Primary,Joint,No,3.35,Medium,0,28,5,No,65,7,92,67,2.0,23,3,Visual,2,3,4,Low,0
S0941,23,Male,Medium,Primary,Nuclear,Yes,3.31,High,4,89,4,No,95,9,76,93,4.8,14,1,Visual,1,8,5,Medium,0
S0942,18,Male,Low,Secondary,Single Parent,No,2.54,Low,5,97,7,No,96,5,34,90,18.1,1,9,Mixed,3,3,0,High,0
S0943,21,Male,Medium,Primary,Nuclear,No,2.52,Low,2,103,7,No,54,3,30,48,1.1,16,5,Mixed,5,6,5,High,1
S0944,21,Female,Medium,Primary,Single Parent,No,3.02,Medium,0,43,3,No,46,5,73,79,9.7,29,4,Visual,3,8,3,Medium,0
S0945,18,Female,Medium,Postgraduate,Single Parent,Yes,2.3,Medium,3,100,7,Yes,57,1,63,81,1.7,16,2,Kinesthetic,2,10,2,Medium,1
S0946,20,Male,Medium,Primary,Nuclear,No,2.24,Low,0,106,4,Yes,51,2,45,45,14.5,23,1,Auditory,3,1,4,Medium,1
S0947,19,Female,Medium,Primary,Nuclear,Yes,2.77,Medium,0,33,3,Yes,88,10,97,38,9.4,12,10,Kinesthetic,3,8,1,Medium,0
S0948,22,Female,Medium,None,Nuclear,Yes,3.12,High,0,45,7,Yes,59,3,33,96,19.8,19,4,Visual,1,10,4,High,1
S0949,22,Male,Medium,Secondary,Guardian,No,2.47,Medium,4,112,7,Yes,96,7,46,82,1.4,2,2,Auditory,3,4,5,Low,0
S0950,22,Male,Medium,Postgraduate,Nuclear,Yes,2.0,Medium,2,76,3,No,53,2,94,31,1.2,4,4,Mixed,1,4,4,Medium,0
S0951,22,Male,Medium,Graduate,Single Parent,No,3.13,Low,3,26,7,No,49,8,44,55,2.9,5,3,Visual,3,3,5,Medium,1
S0952,24,Female,Medium,Primary,Nuclear,No,1.53,Low,3,80,4,No,47,8,68,22,7.6,27,2,Auditory,4,2,3,Low,1
S0953,18,Male,Medium,None,Guardian,Yes,1.98,Low,1,111,4,No,79,8,97,39,2.1,24,7,Auditory,5,4,2,Medium,0
S0954,22,Female,Medium,Postgraduate,Nuclear,No,3.0,Medium,4,34,5,No,49,2,53,66,17.3,26,7,Mixed,2,5,5,High,1
S0955,20,Male,Low,Graduate,Single Parent,No,1.87,Medium,3,22,4,No,56,5,55,40,17.0,23,6,Mixed,4,1,1,High,1
S0956,20,Male,Medium,Secondary,Joint,No,2.7,Low,1,111,3,No,70,8,60,45,17.3,14,6,Auditory,4,0,0,Low,0
S0957,17,Male,Medium,Postgraduate,Single Parent,No,3.41,Medium,1,98,4,Yes,99,3,46,45,11.4,5,5,Mixed,4,6,0,Low,0
S0958,18,Female,Medium,Graduate,Nuclear,Yes,3.72,Low,0,95,7,No,88,1,87,69,11.7,1,4,Mixed,2,9,2,Low,0
S0959,17,Female,Low,Graduate,Nuclear,No,2.06,Low,3,85,3,Yes,77,6,37,83,4.4,26,9,Kinesthetic,4,4,2,Low,0
S0960,18,Male,Low,Secondary,Joint,No,3.62,Low,0,114,6,No,73,7,81,72,14.0,13,4,Kinesthetic,1,3,0,Medium,0
S0961,21,Male,Medium,Graduate,Joint,No,3.0,Medium,1,73,5,No,47,5,85,92,16.2,2,5,Mixed,2,4,5,High,1
S0962,20,Male,Medium,Secondary,Joint,Yes,2.66,Low,4,62,5,No,52,9,98,80,1.9,5,7,Mixed,4,3,2,Medium,0
S0963,23,Male,Low,Secondary,Nuclear,No,1.66,Medium,5,47,6,No,97,10,75,29,10.0,28,4,Visual,1,5,0,Medium,0
S0964,18,Female,High,Graduate,Joint,No,2.53,Medium,3,119,5,Yes,63,10,51,93,10.9,5,9,Visual,5,3,4,Medium,0
S0965,22,Male,High,Postgraduate,Single Parent,No,3.71,Medium,4,97,4,Yes,47,2,46,94,14.0,10,8,Mixed,4,6,5,Medium,0
S0966,20,Male,Low,Graduate,Joint,No,2.59,Medium,0,22,3,No,98,3,70,23,4.6,16,9,Visual,1,9,5,Medium,0
S0967,22,Other,High,Secondary,Nuclear,Yes,3.45,Low,5,48,7,Yes,47,7,100,49,3.9,18,1,Mixed,2,1,0,High,1
S0968,19,Male,Low,None,Nuclear,Yes,3.77,Low,5,80,3,Yes,94,4,45,32,16.5,14,2,Visual,4,4,1,Low,0
S0969,22,Male,Medium,Secondary,Joint,No,3.9,Medium,5,42,7,No,49,8,58,23,17.2,23,3,Mixed,2,1,0,Low,1
S0970,19,Male,High,Primary,Joint,Yes,2.56,Medium,0,103,6,No,56,3,51,79,17.6,25,5,Mixed,3,6,2,Medium,0
S0971,20,Other,Medium,Postgraduate,Single Parent,No,3.43,Medium,2,42,6,No,63,2,55,28,13.8,13,7,Visual,1,6,3,Low,0
S0972,17,Male,Medium,Secondary,Nuclear,No,3.39,Medium,3,64,7,Yes,43,7,43,95,8.6,14,4,Kinesthetic,4,10,1,Low,0
S0973,19,Female,Medium,Postgraduate,Nuclear,Yes,3.28,Medium,3,99,3,No,59,5,67,43,9.2,18,8,Visual,4,6,0,Medium,0
S0974,20,Male,Medium,Primary,Nuclear,Yes,3.75,Medium,5,118,3,No,54,7,67,33,16.1,27,9,Kinesthetic,2,0,1,Medium,0
S0975,22,Female,High,Graduate,Joint,Yes,3.77,Low,3,98,4,No,54,0,92,89,8.2,16,2,Visual,4,1,2,Low,1
S0976,18,Male,High,Primary,Nuclear,Yes,3.44,Low,5,100,7,No,86,5,60,62,12.8,26,8,Mixed,5,2,1,Low,0
S0977,24,Female,Low,Postgraduate,Nuclear,Yes,3.54,Medium,1,96,6,No,65,3,49,91,2.1,8,7,Visual,2,6,0,Low,0
S0978,18,Female,Medium,Graduate,Nuclear,Yes,2.56,Medium,2,108,4,No,56,8,68,32,12.1,19,1,Mixed,5,0,4,High,1
S0979,24,Female,Low,Postgraduate,Single Parent,Yes,3.34,Medium,0,42,5,Yes,50,9,45,41,3.0,25,7,Kinesthetic,4,6,4,High,1
S0980,23,Other,Medium,Graduate,Nuclear,No,2.9,Medium,0,44,4,No,44,8,83,96,2.6,3,10,Visual,2,1,1,High,1
S0981,18,Female,Low,Postgraduate,Nuclear,No,3.26,High,5,114,7,No,43,9,39,62,9.1,6,1,Mixed,1,0,1,High,1
S0982,22,Female,Low,Postgraduate,Nuclear,Yes,2.08,Low,2,115,7,No,77,0,46,86,7.6,20,8,Visual,3,10,3,Medium,0
S0983,22,Female,Low,Postgraduate,Nuclear,Yes,2.7,Low,3,34,6,Yes,81,7,90,79,15.6,10,4,Visual,4,9,2,Medium,0
S0984,18,Female,Medium,Primary,Nuclear,No,3.83,Medium,0,24,7,Yes,54,5,58,83,2.8,8,5,Mixed,1,4,4,High,1
S0985,21,Female,High,Postgraduate,Single Parent,Yes,1.62,Low,3,88,7,No,91,2,89,89,14.3,26,7,Auditory,1,6,4,High,1
S0986,17,Female,Medium,None,Nuclear,No,2.66,Medium,3,88,4,No,57,7,37,68,5.3,12,10,Kinesthetic,2,6,0,Medium,0
S0987,23,Male,Low,Primary,Joint,No,3.7,High,5,65,3,No,58,8,99,36,7.7,18,1,Auditory,5,9,4,Low,1
S0988,21,Male,Medium,Secondary,Nuclear,No,2.69,High,3,69,5,Yes,49,2,93,94,15.8,11,2,Visual,3,7,4,Low,1
S0989,18,Male,Low,Secondary,Nuclear,No,2.71,Medium,3,82,3,No,72,2,32,92,4.7,4,3,Visual,5,7,0,Low,0
S0990,18,Female,Low,Secondary,Nuclear,No,3.71,Medium,2,56,7,No,90,9,86,54,5.2,9,5,Visual,2,5,4,Low,0
S0991,24,Male,Low,Primary,Nuclear,Yes,2.86,Medium,0,36,7,No,73,2,94,32,14.8,9,6,Auditory,3,1,2,Medium,0
S0992,23,Female,Medium,Primary,Joint,No,3.06,Low,1,85,6,No,97,0,74,25,11.6,11,7,Mixed,5,5,3,Low,0
S0993,24,Female,Low,Secondary,Nuclear,Yes,3.33,Medium,4,30,7,No,74,0,33,51,8.1,14,1,Visual,4,0,2,Medium,0
S0994,20,Female,Low,Secondary,Nuclear,Yes,2.92,High,2,94,5,Yes,52,0,37,87,10.7,1,6,Kinesthetic,4,10,5,Medium,0
S0995,25,Other,Low,Secondary,Nuclear,Yes,2.51,Low,3,109,4,No,89,9,67,37,3.1,8,5,Visual,4,7,5,Low,0
S0996,19,Female,Low,None,Joint,No,3.92,Medium,3,63,7,No,62,0,63,24,11.9,19,5,Auditory,5,8,4,Medium,0
S0997,25,Female,Medium,Primary,Joint,No,1.98,Low,5,87,5,No,65,10,76,96,11.8,24,3,Mixed,4,0,2,Low,1
S0998,20,Male,Medium,None,Nuclear,No,3.13,Low,4,60,5,No,40,2,43,21,2.5,25,3,Kinesthetic,2,5,0,Low,1
S0999,21,Male,Low,Secondary,Joint,No,3.33,High,5,32,5,No,62,1,39,28,8.0,22,9,Kinesthetic,5,7,2,Low,0
S1000,21,Male,Medium,None,Joint,Yes,3.04,Medium,3,45,6,No,95,3,36,48,11.3,10,6,Visual,4,8,4,Low,0
S1001,18,Female,Medium,Graduate,Nuclear,No,2.04,Low,5,110,5,No,56,0,82,54,9.7,23,7,Visual,1,7,0,Medium,0
S1002,17,Female,Medium,Postgraduate,Nuclear,No,3.65,High,0,73,4,No,98,10,68,93,4.2,28,8,Mixed,4,5,4,High,0
S1003,17,Male,High,None,Nuclear,Yes,3.11,Low,2,55,6,Yes,88,5,82,86,14.8,18,5,Kinesthetic,1,7,4,Medium,0
S1004,20,Female,Low,Postgraduate,Joint,No,2.23,High,5,37,7,Yes,57,6,41,67,16.6,20,10,Visual,4,7,2,High,1
S1005,24,Male,Low,Graduate,Joint,Yes,1.84,Low,2,74,4,No,62,10,43,78,4.6,5,6,Visual,2,4,2,Low,0
S1006,25,Male,Low,Secondary,Single Parent,No,1.66,High,0,74,3,No,79,9,89,46,6.9,13,9,Kinesthetic,4,10,4,Low,0
S1007,18,Male,Low,Postgraduate,Joint,Yes,2.2,Medium,0,64,7,No,57,6,53,71,19.7,9,4,Mixed,2,10,2,Medium,0
S1008,22,Male,High,Secondary,Joint,No,3.5,Medium,2,66,6,No,42,3,83,43,19.0,14,6,Mixed,4,6,5,Medium,0
S1009,20,Female,Low,None,Single Parent,No,1.54,High,4,91,6,Yes,44,6,99,28,7.4,6,3,Auditory,4,10,0,Low,1
S1010,17,Male,Medium,Primary,Nuclear,No,2.66,High,1,104,6,No,45,0,88,27,15.3,28,9,Visual,4,9,3,High,1
S1011,18,Female,Medium,Secondary,Nuclear,Yes,3.76,Medium,3,46,3,Yes,74,2,45,48,5.6,10,8,Auditory,2,3,0,Low,0
S1012,24,Male,Low,None,Nuclear,No,2.31,Low,0,59,7,No,87,0,43,90,14.1,3,9,Visual,5,6,3,High,0
S1013,19,Male,Low,Postgraduate,Nuclear,No,3.12,Medium,2,116,3,No,63,0,97,22,7.9,24,9,Visual,4,8,5,Medium,0
S1014,24,Male,Medium,Postgraduate,Joint,No,3.41,Medium,4,119,6,No,95,7,31,97,16.6,5,8,Kinesthetic,2,1,5,Medium,0
S1015,21,Female,Medium,Primary,Nuclear,No,2.91,Medium,0,109,7,No,47,1,70,70,10.8,14,7,Mixed,1,1,4,Medium,0
S1016,19,Female,High,None,Nuclear,Yes,3.32,Low,0,72,4,No,66,2,43,92,18.0,18,6,Kinesthetic,2,2,1,Medium,0
S1017,21,Male,Low,None,Nuclear,No,2.06,Low,3,41,4,No,87,6,53,41,16.6,13,4,Visual,5,3,4,High,0
S1018,23,Female,Low,None,Nuclear,No,1.68,Medium,0,83,3,Yes,41,4,68,73,2.5,27,6,Mixed,3,10,1,High,1
S1019,19,Male,High,Primary,Guardian,Yes,3.53,Low,2,63,4,Yes,98,2,85,72,9.0,22,3,Kinesthetic,2,8,1,Medium,0
S1020,23,Female,Medium,Primary,Nuclear,No,2.95,Medium,1,40,5,No,42,4,87,41,16.2,19,9,Mixed,5,6,5,Medium,0
S1021,23,Female,Low,Graduate,Nuclear,Yes,3.64,Low,4,94,7,No,47,0,33,33,10.5,28,7,Mixed,4,2,5,Medium,0
S1022,20,Female,Low,Secondary,Nuclear,No,3.97,Low,1,21,7,No,56,6,100,26,6.6,1,9,Kinesthetic,4,3,2,Low,0
S1023,20,Male,Medium,Postgraduate,Nuclear,No,2.3,Low,1,33,5,Yes,68,9,41,78,17.3,24,5,Mixed,2,7,2,Medium,0
S1024,17,Male,Medium,Postgraduate,Single Parent,Yes,3.78,Low,5,112,3,No,96,5,92,50,15.0,22,10,Visual,2,5,5,Medium,0
S1025,21,Female,Low,Graduate,Joint,No,2.66,Medium,4,103,3,No,69,2,65,28,13.2,15,7,Auditory,1,2,2,Low,0
S1026,24,Male,Medium,Postgraduate,Nuclear,No,2.86,High,5,22,5,Yes,99,5,74,37,8.8,12,1,Mixed,5,9,1,High,0
S1027,21,Female,Medium,Graduate,Single Parent,No,2.93,Medium,0,88,4,Yes,98,0,67,77,16.8,20,5,Kinesthetic,4,8,5,Medium,0
S1028,19,Male,High,Secondary,Nuclear,No,2.08,High,1,60,7,No,88,9,42,44,5.5,15,4,Visual,1,2,1,Medium,0
S1029,21,Female,Medium,Secondary,Guardian,Yes,3.93,Medium,5,34,7,No,89,10,78,94,19.8,23,2,Kinesthetic,5,6,4,Medium,0
S1030,19,Female,Low,Primary,Guardian,No,3.4,Low,1,86,7,Yes,45,7,64,86,17.5,2,1,Visual,3,8,4,Medium,1
S1031,23,Female,Medium,Primary,Single Parent,No,3.37,Medium,5,35,4,No,40,0,84,100,13.9,6,4,Kinesthetic,1,1,4,Medium,0
S1032,20,Male,Medium,Secondary,Joint,No,3.59,High,5,89,3,Yes,79,8,91,56,6.4,20,1,Mixed,1,1,5,Low,0
S1033,17,Female,Low,Secondary,Single Parent,No,2.2,Medium,3,44,7,No,68,3,57,29,11.6,1,10,Mixed,4,5,2,Medium,0
S1034,20,Female,Low,Secondary,Nuclear,No,3.73,Medium,5,69,6,No,56,10,60,75,4.6,12,7,Kinesthetic,2,8,2,Medium,0
S1035,24,Male,Low,Graduate,Nuclear,Yes,1.63,High,2,21,5,Yes,98,6,31,77,17.0,9,8,Auditory,3,10,4,Medium,0
S1036,21,Male,Medium,Primary,Single Parent,No,2.58,Medium,2,115,6,Yes,69,9,70,49,8.0,2,10,Auditory,5,5,5,Medium,0
S1037,20,Other,Medium,Secondary,Joint,Yes,1.57,Low,4,105,7,No,44,0,31,39,5.0,21,1,Auditory,2,9,1,Medium,1
S1038,18,Female,Low,Graduate,Nuclear,Yes,3.29,High,2,88,7,No,72,4,89,100,9.9,20,5,Auditory,1,7,4,Medium,0
S1039,18,Male,Low,Postgraduate,Nuclear,No,3.16,Low,5,92,7,No,62,5,67,64,10.1,2,10,Auditory,2,5,1,Medium,0
S1040,25,Male,High,Secondary,Nuclear,No,3.73,Low,4,110,6,No,40,1,77,76,19.2,4,4,Kinesthetic,3,5,1,High,1
S1041,18,Male,Medium,Primary,Nuclear,Yes,2.37,High,4,52,4,Yes,86,10,35,82,12.5,11,8,Auditory,4,3,0,High,0
S1042,25,Male,Medium,Secondary,Single Parent,No,3.6,Low,0,54,7,No,69,6,80,69,9.0,19,3,Mixed,4,3,3,High,0
S1043,22,Male,Low,Primary,Joint,No,3.96,Low,0,79,6,No,92,9,69,92,12.8,10,8,Auditory,3,6,4,High,0
S1044,24,Female,Low,Primary,Nuclear,Yes,3.51,Medium,0,89,3,No,42,7,69,90,1.5,14,3,Kinesthetic,5,5,5,Medium,1
S1045,24,Male,Low,Primary,Nuclear,Yes,3.08,High,0,51,3,No,89,3,86,76,3.2,2,3,Kinesthetic,2,1,4,Medium,0
S1046,22,Female,Low,None,Nuclear,No,3.13,Low,5,86,3,No,97,6,55,89,15.3,15,5,Visual,2,0,3,Low,0
S1047,23,Male,Medium,Graduate,Nuclear,No,2.51,Medium,1,31,6,No,82,6,81,86,15.3,5,8,Visual,2,8,3,Low,0
S1048,17,Male,Low,Graduate,Single Parent,No,2.96,Low,2,119,7,Yes,45,3,87,25,13.3,24,8,Visual,1,7,0,Medium,0
S1049,18,Male,Low,Graduate,Guardian,No,3.27,Low,3,44,6,No,72,2,95,59,18.7,1,6,Visual,5,9,0,Medium,0
S1050,24,Male,Medium,Secondary,Nuclear,No,2.53,Medium,5,115,3,No,59,7,43,27,3.6,14,7,Visual,3,1,1,High,1
S1051,24,Female,Low,Secondary,Nuclear,No,3.5,High,3,20,3,No,99,2,74,34,19.9,26,8,Visual,1,10,0,Medium,0
S1052,21,Female,High,Secondary,Joint,No,1.77,Medium,4,42,5,No,41,3,67,81,14.3,9,3,Visual,4,2,2,Medium,1
S1053,21,Male,High,Primary,Nuclear,Yes,2.12,Medium,3,74,3,No,90,3,96,41,1.8,14,5,Mixed,1,6,5,High,0
S1054,21,Male,Low,Graduate,Joint,No,2.84,Medium,0,117,6,Yes,87,0,39,43,6.9,1,5,Visual,4,4,1,Low,0
S1055,25,Female,Low,None,Nuclear,Yes,2.87,Medium,5,85,4,No,76,0,36,55,4.2,17,1,Mixed,3,0,0,Medium,0
S1056,17,Other,High,Postgraduate,Nuclear,Yes,1.85,Low,5,102,5,Yes,77,10,32,47,6.9,9,1,Visual,5,0,2,Medium,1
S1057,24,Female,Medium,Secondary,Single Parent,Yes,3.12,Medium,0,104,3,Yes,57,1,52,85,10.3,29,9,Visual,2,4,4,Low,0
S1058,19,Male,Medium,Secondary,Nuclear,No,3.95,Low,4,49,3,Yes,76,4,57,100,11.8,13,10,Mixed,4,3,4,High,0
S1059,22,Male,Low,Primary,Nuclear,Yes,1.54,High,2,40,6,No,40,3,86,23,17.7,27,3,Kinesthetic,1,1,3,Medium,1
S1060,17,Female,Medium,Primary,Joint,No,1.99,Medium,2,97,6,Yes,55,1,85,90,4.6,6,9,Visual,2,10,3,Medium,1
S1061,25,Female,Low,Secondary,Nuclear,No,1.83,Medium,3,51,4,No,50,4,68,64,7.5,7,1,Visual,1,7,0,Low,1
S1062,18,Female,Low,Primary,Nuclear,Yes,3.79,Low,1,28,4,No,47,0,77,23,19.7,23,10,Mixed,4,2,2,Low,0
S1063,18,Female,Medium,Secondary,Guardian,No,2.06,Medium,0,118,7,No,98,6,96,94,10.6,17,4,Mixed,1,1,3,Low,0
S1064,22,Male,Medium,Secondary,Nuclear,Yes,1.83,Medium,3,57,4,Yes,53,5,35,42,5.6,22,7,Visual,5,0,0,Medium,1
S1065,21,Female,Low,Primary,Joint,No,3.76,High,5,80,7,Yes,91,10,56,94,9.5,13,8,Kinesthetic,3,7,1,High,0
S1066,20,Male,Low,Postgraduate,Nuclear,No,2.59,Low,0,82,6,No,52,1,38,91,17.2,13,6,Visual,3,0,3,Medium,0
S1067,19,Female,Medium,Graduate,Joint,Yes,3.2,High,3,43,4,No,86,8,50,43,18.5,8,5,Kinesthetic,4,1,3,Low,0
S1068,25,Female,Medium,Primary,Joint,No,1.91,Medium,5,71,5,No,92,7,83,65,3.1,13,2,Mixed,4,3,2,High,1
S1069,19,Female,Medium,Postgraduate,Joint,No,2.6,Medium,2,106,4,No,63,1,47,61,4.1,12,4,Mixed,3,2,3,High,0
S1070,21,Female,Medium,Postgraduate,Nuclear,Yes,3.01,Medium,1,80,7,Yes,75,7,43,52,15.0,21,7,Auditory,2,8,1,Medium,0
S1071,24,Female,High,Postgraduate,Joint,Yes,1.88,High,1,65,4,No,96,8,56,70,1.8,4,6,Visual,5,7,2,Low,0
S1072,20,Female,Low,Postgraduate,Nuclear,No,1.56,Medium,2,65,4,No,63,10,69,77,9.4,10,10,Mixed,5,3,2,Medium,0
S1073,18,Other,Low,Primary,Nuclear,No,3.3,Medium,0,70,3,No,47,10,79,52,2.7,23,9,Visual,5,1,2,Medium,0
S1074,17,Female,High,Secondary,Guardian,No,3.52,Medium,3,68,7,No,94,9,38,32,14.9,9,8,Kinesthetic,5,3,1,Low,0
S1075,25,Male,Low,Graduate,Joint,No,3.41,High,5,118,4,No,45,10,59,98,12.9,3,2,Visual,3,1,0,Medium,1
S1076,20,Female,Medium,Graduate,Nuclear,Yes,1.65,Medium,2,39,4,No,59,7,61,40,9.9,19,9,Visual,5,5,2,Medium,1
S1077,22,Male,Medium,Secondary,Nuclear,No,2.58,Medium,3,44,4,No,88,6,41,75,3.6,11,2,Kinesthetic,1,2,4,Low,0
S1078,25,Other,Low,Primary,Nuclear,Yes,3.36,High,1,52,7,Yes,43,9,85,71,12.7,2,9,Mixed,1,4,4,Medium,0
S1079,23,Male,Low,Secondary,Nuclear,No,3.48,Medium,5,49,7,No,64,5,60,88,5.4,7,8,Mixed,1,7,3,Low,0
S1080,19,Female,High,Graduate,Nuclear,Yes,3.29,Low,2,95,6,No,49,7,68,49,2.7,2,2,Auditory,3,4,3,Medium,1
S1081,17,Female,High,Primary,Nuclear,No,3.78,High,4,79,5,No,42,8,42,48,14.1,9,1,Visual,4,10,0,High,1
S1082,21,Female,Medium,Secondary,Nuclear,Yes,2.58,Low,4,107,6,Yes,52,5,39,40,6.1,20,1,Auditory,3,6,0,Low,1
S1083,25,Female,Medium,Graduate,Nuclear,No,1.55,Medium,2,115,7,Yes,95,5,93,92,5.3,8,6,Mixed,3,9,4,Low,0
S1084,23,Male,Low,Primary,Nuclear,No,2.71,High,3,98,7,Yes,51,7,82,68,3.5,24,9,Mixed,1,6,0,Low,0
S1085,22,Female,Medium,Secondary,Joint,Yes,3.48,High,0,75,7,Yes,94,3,31,86,17.9,17,7,Visual,3,7,4,Low,0
S1086,20,Female,Medium,Primary,Joint,Yes,3.55,Low,4,80,4,No,49,8,44,79,6.9,3,5,Mixed,1,10,0,Medium,0
S1087,25,Female,Low,Secondary,Nuclear,Yes,1.8,Medium,2,30,3,No,68,1,36,24,5.3,19,7,Kinesthetic,3,6,3,Low,0
S1088,24,Male,Medium,Graduate,Nuclear,Yes,3.76,Low,3,81,4,No,73,3,83,81,1.8,15,7,Visual,2,1,3,Low,0
S1089,20,Female,Low,None,Joint,Yes,1.62,Low,3,116,6,No,95,1,88,47,13.7,20,7,Kinesthetic,3,5,0,High,1
S1090,19,Male,Medium,None,Nuclear,Yes,2.48,Medium,2,113,6,No,63,9,85,20,5.6,13,6,Mixed,2,7,5,Low,0
S1091,23,Female,Low,Primary,Nuclear,No,3.15,Medium,1,106,5,No,70,7,54,28,13.3,11,8,Mixed,1,7,3,Medium,0
S1092,24,Male,Low,None,Nuclear,Yes,3.18,Medium,5,88,6,No,50,1,95,98,9.3,16,9,Auditory,1,9,3,Low,0
S1093,21,Female,Medium,Secondary,Joint,No,1.58,High,1,112,3,Yes,70,4,33,83,8.7,25,7,Auditory,1,6,3,Medium,0
S1094,22,Male,Medium,Primary,Nuclear,No,2.37,Medium,5,95,7,No,55,2,51,73,3.2,11,8,Mixed,5,8,1,Medium,0
S1095,20,Male,Medium,Secondary,Nuclear,No,3.78,Low,1,115,3,Yes,63,0,86,87,19.9,17,7,Kinesthetic,5,1,0,Low,0
S1096,24,Female,Low,None,Nuclear,No,2.44,Medium,4,25,5,No,99,6,63,57,19.2,22,9,Kinesthetic,1,9,2,High,0
S1097,25,Female,Low,Secondary,Nuclear,No,1.6,Low,5,102,3,Yes,93,8,84,53,3.5,13,7,Auditory,2,3,5,Medium,0
S1098,23,Female,Medium,Primary,Single Parent,No,2.25,Medium,2,119,3,Yes,55,10,96,52,2.1,16,8,Auditory,3,9,3,Low,0
S1099,23,Male,Medium,Graduate,Nuclear,No,3.86,High,2,91,4,No,86,6,52,27,18.4,3,7,Auditory,3,2,3,Medium,0
S1100,25,Male,High,Graduate,Single Parent,No,2.28,Low,1,97,5,No,79,1,49,58,10.5,16,7,Visual,2,10,0,Low,0
S1101,20,Male,Low,Primary,Nuclear,Yes,1.73,Medium,5,68,5,Yes,88,8,91,65,3.3,20,10,Mixed,2,7,5,High,1
S1102,18,Female,Medium,Secondary,Joint,Yes,2.35,Medium,3,24,4,Yes,51,4,82,84,13.9,13,10,Auditory,1,7,0,High,1
S1103,22,Female,Medium,Secondary,Nuclear,Yes,3.36,Medium,1,81,4,Yes,85,3,54,65,7.5,6,2,Auditory,1,1,2,Low,0
S1104,23,Male,Medium,Secondary,Nuclear,No,3.7,Medium,0,112,7,No,61,1,44,93,18.7,25,9,Auditory,3,0,3,High,0
S1105,25,Other,Medium,Postgraduate,Nuclear,Yes,3.08,Medium,2,60,3,Yes,48,6,65,83,12.1,2,2,Auditory,3,2,3,Medium,1
S1106,19,Male,Medium,None,Nuclear,No,3.0,High,2,108,5,No,97,5,89,50,19.6,16,5,Kinesthetic,3,4,3,High,0
S1107,23,Male,Low,Secondary,Joint,No,2.21,High,2,80,5,Yes,59,2,91,58,12.4,21,5,Visual,3,8,2,Medium,0
S1108,24,Male,Medium,Primary,Joint,No,3.24,Low,4,33,4,Yes,52,5,47,55,9.6,28,9,Kinesthetic,3,4,1,Medium,0
S1109,22,Male,Medium,Primary,Nuclear,Yes,2.04,High,2,93,5,No,97,9,83,47,1.2,1,8,Mixed,2,4,3,Medium,0
S1110,21,Male,Medium,None,Nuclear,No,2.69,Low,5,110,7,No,54,8,96,73,4.0,20,5,Visual,4,8,1,High,1
S1111,22,Female,Low,Graduate,Nuclear,No,2.04,Medium,2,79,6,No,48,0,94,93,19.4,16,9,Mixed,3,5,3,High,1
S1112,25,Male,High,Primary,Joint,No,3.01,Medium,0,32,5,No,96,4,89,92,14.1,14,9,Visual,3,10,0,High,0
S1113,22,Male,Medium,Secondary,Joint,Yes,3.99,High,0,84,3,No,67,3,95,86,6.7,9,6,Mixed,2,5,5,Medium,0
S1114,20,Male,Low,None,Nuclear,Yes,2.49,Medium,2,68,5,Yes,49,5,84,96,1.8,27,3,Auditory,3,8,4,High,1
S1115,22,Male,Low,Graduate,Guardian,Yes,3.44,Low,0,68,7,No,99,4,47,65,2.4,27,9,Mixed,3,8,4,Medium,0
S1116,17,Female,Medium,None,Guardian,No,2.92,Medium,5,78,6,Yes,64,10,60,62,16.5,10,6,Mixed,5,0,3,Medium,0
S1117,18,Female,High,Primary,Guardian,No,3.55,High,2,72,5,No,95,5,86,95,7.2,21,5,Visual,5,7,4,Medium,0
S1118,22,Female,Medium,Secondary,Nuclear,Yes,2.04,Medium,5,79,4,No,91,2,81,57,19.2,28,1,Mixed,2,9,2,Low,0
S1119,25,Male,Medium,Secondary,Nuclear,No,2.28,Low,2,79,3,No,70,2,98,63,7.0,22,1,Mixed,5,5,2,Medium,0
S1120,17,Female,Low,Postgraduate,Nuclear,Yes,3.59,Low,0,112,3,No,89,10,41,88,17.6,3,9,Auditory,5,3,0,Low,0
S1121,19,Female,Medium,Graduate,Single Parent,No,3.56,Low,2,45,4,No,75,4,60,22,1.0,2,2,Auditory,2,7,0,Medium,0
S1122,17,Male,Low,Secondary,Joint,Yes,1.72,Medium,5,85,3,No,75,10,62,69,11.1,6,10,Visual,5,4,0,High,1
S1123,19,Male,Low,Postgraduate,Nuclear,No,3.72,Medium,1,44,3,Yes,87,2,76,73,10.2,12,9,Mixed,4,9,0,High,0
S1124,20,Male,Medium,Primary,Nuclear,No,3.82,Medium,0,63,7,No,73,3,68,66,14.0,24,7,Kinesthetic,2,7,2,Medium,0
S1125,19,Female,Medium,None,Nuclear,Yes,2.62,Low,0,109,4,Yes,70,8,72,39,1.8,23,2,Kinesthetic,5,9,2,Low,0
S1126,18,Female,Low,Graduate,Nuclear,Yes,2.77,Medium,4,68,4,No,69,1,34,53,6.4,17,5,Mixed,2,4,2,High,0
S1127,22,Female,Medium,Secondary,Nuclear,No,3.07,Medium,1,42,6,No,88,2,80,64,2.4,24,7,Mixed,1,3,5,High,0
S1128,24,Female,Medium,Graduate,Joint,No,3.82,Medium,5,89,6,No,77,9,53,23,9.0,17,2,Mixed,3,7,3,High,0
S1129,17,Male,High,Graduate,Nuclear,No,1.72,High,0,106,5,Yes,98,1,75,37,3.7,6,6,Visual,5,3,5,Low,0
S1130,17,Male,Medium,Secondary,Nuclear,Yes,3.27,Medium,0,53,5,No,76,4,89,36,19.8,25,9,Auditory,2,7,0,Medium,0
S1131,20,Female,Medium,Secondary,Nuclear,No,3.82,Medium,5,70,5,No,70,2,80,99,17.7,5,10,Mixed,5,0,5,Medium,0
S1132,20,Male,Medium,Graduate,Nuclear,No,2.83,Medium,5,79,3,Yes,46,8,83,41,7.4,29,2,Kinesthetic,4,10,0,Medium,1
S1133,22,Male,Medium,None,Nuclear,Yes,2.39,Medium,3,83,5,Yes,41,2,80,37,7.5,23,2,Auditory,4,4,1,Low,1
S1134,17,Male,Low,Secondary,Single Parent,Yes,1.87,Medium,3,51,4,No,99,6,71,67,3.5,8,10,Visual,4,6,3,High,1
S1135,24,Male,High,None,Nuclear,No,3.45,Low,2,30,6,No,78,9,67,21,19.8,19,8,Visual,1,7,0,Low,0
S1136,18,Male,Low,Graduate,Nuclear,Yes,1.69,High,3,69,4,No,64,4,61,21,11.8,28,9,Kinesthetic,5,2,3,High,1
S1137,18,Female,Low,Postgraduate,Nuclear,Yes,3.19,Medium,3,107,4,No,58,0,88,32,3.2,18,5,Mixed,1,0,5,Medium,0
S1138,21,Female,Low,Secondary,Nuclear,Yes,2.0,Medium,1,71,5,No,52,2,62,78,5.0,10,5,Mixed,4,9,2,Medium,0
S1139,19,Female,Medium,None,Nuclear,No,2.14,High,4,110,6,No,87,0,32,80,7.6,4,7,Visual,2,2,3,Medium,0
S1140,21,Female,Medium,Graduate,Joint,Yes,2.83,Low,0,54,4,No,58,4,54,90,10.8,5,1,Mixed,4,4,3,Medium,1
S1141,23,Female,Low,Graduate,Nuclear,Yes,3.65,Low,3,111,7,No,42,3,40,56,14.0,8,7,Mixed,3,2,1,High,1
S1142,19,Female,Medium,Graduate,Joint,Yes,2.24,Medium,2,115,7,No,57,1,53,53,6.8,7,2,Mixed,5,2,4,Medium,1
S1143,20,Male,Low,Secondary,Nuclear,No,3.98,Medium,5,85,5,No,74,8,54,60,10.6,3,6,Visual,5,0,2,High,0
S1144,23,Male,Low,Graduate,Single Parent,No,3.42,Medium,0,118,7,Yes,75,5,44,44,5.7,23,2,Kinesthetic,2,1,2,High,0
S1145,24,Other,High,Postgraduate,Nuclear,No,2.99,High,0,106,5,Yes,88,5,100,68,17.6,15,7,Mixed,3,9,3,Low,0
S1146,25,Male,Low,Primary,Nuclear,Yes,2.76,High,1,80,3,No,95,4,79,49,1.6,10,1,Auditory,3,5,3,Low,0
S1147,20,Male,Medium,Primary,Nuclear,No,2.42,Medium,2,40,7,No,69,0,57,27,13.0,28,9,Visual,2,2,0,Low,0
S1148,20,Male,Low,Secondary,Nuclear,No,1.99,Low,1,115,5,No,69,9,60,50,13.7,4,3,Visual,4,6,3,Low,1
S1149,25,Male,Medium,Primary,Guardian,Yes,3.87,Low,0,98,3,No,82,1,64,92,13.6,26,5,Mixed,3,8,3,Medium,0
S1150,21,Male,Medium,Postgraduate,Single Parent,No,3.16,Medium,0,46,7,Yes,50,4,52,49,2.5,3,5,Visual,3,8,0,Medium,0
S1151,25,Male,Medium,Graduate,Nuclear,No,3.04,Medium,0,118,5,No,70,10,61,52,17.0,3,6,Kinesthetic,4,9,1,Low,0
S1152,24,Female,Low,Primary,Joint,No,2.59,Medium,5,33,6,No,65,1,63,91,10.1,10,9,Visual,5,0,2,Low,0
S1153,18,Female,Low,Graduate,Nuclear,No,2.92,Medium,3,96,3,No,73,6,98,87,5.1,15,10,Mixed,2,4,1,Medium,0
S1154,19,Male,Low,Graduate,Joint,Yes,2.75,Medium,3,119,3,Yes,81,6,45,65,18.0,1,7,Mixed,3,4,1,Medium,0
S1155,20,Male,Low,Postgraduate,Joint,Yes,2.76,Medium,0,44,6,No,64,7,37,53,15.0,7,3,Mixed,1,9,5,Low,0
S1156,21,Male,Medium,None,Single Parent,No,3.84,Low,1,100,3,No,44,7,77,20,18.8,1,1,Kinesthetic,1,2,0,Low,1
S1157,17,Female,Medium,None,Joint,No,3.55,Medium,0,116,5,No,70,6,40,32,19.2,24,6,Kinesthetic,4,5,2,High,0
S1158,18,Female,Low,Graduate,Nuclear,Yes,3.62,High,4,66,7,Yes,70,8,68,54,8.4,25,7,Visual,1,3,5,Medium,0
S1159,24,Female,Low,None,Joint,No,2.93,Medium,0,104,4,Yes,55,2,54,90,16.9,4,10,Visual,3,6,4,High,1
S1160,17,Male,Medium,Postgraduate,Nuclear,No,1.77,High,2,53,6,No,59,7,84,96,14.0,25,9,Auditory,4,9,5,High,1
S1161,24,Male,High,Secondary,Nuclear,Yes,3.77,High,1,93,7,No,66,4,98,72,3.6,17,8,Mixed,1,2,2,High,0
S1162,20,Female,Low,Secondary,Single Parent,No,2.49,Low,4,73,7,No,65,10,54,77,18.3,20,2,Visual,1,8,3,Medium,0
S1163,19,Female,High,Graduate,Nuclear,No,2.92,Medium,3,102,5,Yes,48,1,77,20,7.5,4,6,Kinesthetic,3,8,0,Medium,0
S1164,17,Female,Low,Secondary,Nuclear,No,2.53,Medium,2,32,7,Yes,44,0,93,90,6.3,3,3,Visual,1,10,3,Medium,1
S1165,23,Male,High,Primary,Joint,Yes,1.6,Low,1,27,5,No,51,2,95,71,1.9,16,8,Mixed,1,0,0,Medium,1
S1166,21,Female,High,Primary,Joint,Yes,2.56,Medium,1,65,6,No,84,8,53,26,13.1,8,8,Kinesthetic,4,8,4,Medium,0
S1167,23,Other,Medium,Primary,Joint,Yes,2.25,Medium,0,88,6,Yes,86,8,75,70,7.2,11,1,Auditory,3,9,0,Low,0
S1168,17,Female,Medium,Postgraduate,Joint,No,2.99,Medium,5,77,7,Yes,48,6,30,65,12.7,20,4,Mixed,2,8,4,Low,0
S1169,20,Male,Low,None,Nuclear,No,3.15,High,2,96,6,Yes,74,4,59,54,13.6,10,6,Kinesthetic,4,4,0,Medium,0
S1170,23,Male,Low,Graduate,Nuclear,Yes,2.11,High,4,73,7,No,50,2,67,21,2.7,17,8,Kinesthetic,1,5,4,Low,0
S1171,20,Male,Low,Postgraduate,Joint,No,1.74,Medium,3,52,3,Yes,95,6,94,29,1.8,19,5,Mixed,5,10,0,Medium,0
S1172,19,Male,High,None,Nuclear,No,1.89,Low,0,48,3,No,44,8,77,95,17.5,17,1,Auditory,2,10,0,Low,1
S1173,19,Female,Low,Primary,Nuclear,No,2.58,Medium,1,60,7,No,54,3,41,38,18.5,27,10,Mixed,2,3,3,Medium,0
S1174,22,Male,High,Graduate,Single Parent,No,3.71,High,2,108,5,Yes,77,5,100,86,11.2,11,4,Visual,2,1,5,Low,0
S1175,22,Female,Medium,Secondary,Nuclear,Yes,3.38,Medium,3,38,5,No,50,3,73,44,18.1,6,5,Auditory,3,10,0,Low,0
S1176,20,Female,Low,Primary,Nuclear,No,3.32,Low,0,29,4,No,42,4,99,57,13.4,26,3,Mixed,3,4,0,Low,1
S1177,22,Male,Low,None,Guardian,No,3.08,High,5,33,3,No,64,10,60,39,9.5,18,1,Visual,5,10,1,High,0
S1178,21,Male,Low,Primary,Nuclear,No,3.48,Medium,1,71,5,Yes,43,9,72,24,3.5,1,8,Auditory,5,3,2,Medium,0
S1179,19,Female,Medium,Primary,Nuclear,No,1.87,Medium,3,114,5,Yes,94,10,92,36,18.3,10,4,Kinesthetic,1,8,1,Medium,0
S1180,20,Female,Low,Graduate,Nuclear,Yes,3.75,High,2,47,4,Yes,57,9,30,61,15.3,28,10,Mixed,5,5,1,Medium,0
S1181,25,Female,High,Primary,Single Parent,Yes,1.79,High,2,108,4,No,98,1,59,43,12.7,1,1,Kinesthetic,3,3,3,Medium,1
S1182,24,Female,High,Primary,Joint,No,3.74,Low,3,84,3,No,75,2,65,78,7.4,16,9,Visual,1,0,3,Medium,0
S1183,23,Female,Medium,Graduate,Nuclear,Yes,2.71,Low,2,76,7,No,71,3,100,64,7.2,27,5,Mixed,1,8,1,Medium,0
S1184,23,Female,Medium,Graduate,Nuclear,No,3.25,Medium,0,78,6,No,65,6,42,57,4.9,3,2,Auditory,4,0,1,Medium,0
S1185,24,Male,Low,Secondary,Guardian,Yes,3.85,Medium,1,39,5,No,54,6,99,68,17.0,9,2,Kinesthetic,4,2,4,Medium,1
S1186,18,Male,Medium,Secondary,Single Parent,No,3.05,Medium,3,29,5,No,51,8,84,92,12.7,14,3,Visual,5,0,0,High,1
S1187,17,Male,Medium,Secondary,Joint,No,2.07,Medium,5,65,5,Yes,57,8,94,55,12.8,9,1,Kinesthetic,5,2,0,Medium,1
S1188,21,Male,Medium,Postgraduate,Single Parent,Yes,1.64,Low,3,73,5,No,80,6,43,37,13.6,16,8,Auditory,3,9,2,Low,0
S1189,21,Male,High,Postgraduate,Nuclear,No,3.58,Low,1,74,7,No,87,9,68,21,10.8,7,6,Mixed,5,6,4,Medium,0
S1190,21,Female,High,Secondary,Joint,No,2.12,Medium,4,96,3,No,42,3,54,36,19.5,24,2,Kinesthetic,5,9,0,Medium,1
S1191,21,Female,High,Primary,Nuclear,No,2.46,Medium,2,46,3,No,51,9,58,33,3.7,2,10,Auditory,5,0,2,High,1
S1192,22,Male,High,Secondary,Nuclear,No,2.82,Medium,3,23,6,No,58,7,71,71,16.5,8,5,Auditory,2,2,2,Low,0
S1193,17,Female,Low,Secondary,Nuclear,No,3.63,Low,2,94,5,No,81,6,66,36,17.6,24,1,Mixed,1,1,1,High,0
S1194,20,Male,Low,Postgraduate,Joint,Yes,2.79,Medium,4,117,6,Yes,71,6,42,99,11.6,27,7,Mixed,3,5,5,Low,0
S1195,19,Other,High,Primary,Nuclear,No,3.0,Low,4,63,4,No,40,3,73,80,3.5,16,5,Kinesthetic,1,9,0,Medium,0
S1196,20,Male,Low,Postgraduate,Nuclear,No,3.2,Low,3,48,4,No,61,4,42,76,7.8,7,1,Visual,1,5,4,Low,0
S1197,20,Male,Low,Graduate,Joint,No,3.21,Medium,5,58,7,Yes,86,8,56,77,9.7,16,8,Mixed,2,9,0,Low,0
S1198,22,Female,High,Postgraduate,Nuclear,No,2.53,Medium,0,70,4,No,59,4,82,64,7.4,26,3,Visual,3,10,4,Medium,1
S1199,17,Other,Medium,Primary,Nuclear,Yes,1.93,Low,1,43,3,No,62,3,92,42,6.1,3,2,Visual,4,7,2,Medium,1
S1200,23,Male,High,Primary,Nuclear,Yes,2.43,Medium,5,49,7,Yes,85,1,81,81,7.2,20,1,Mixed,5,9,5,Medium,0
S1201,24,Female,Low,Primary,Nuclear,Yes,2.0,High,3,48,6,No,60,4,44,28,16.1,1,3,Kinesthetic,4,3,1,Low,0
S1202,18,Female,Medium,None,Single Parent,No,2.48,Low,3,61,3,No,63,7,37,85,10.7,23,5,Auditory,3,10,1,High,0
S1203,24,Female,Medium,Secondary,Nuclear,No,3.87,High,5,53,4,No,59,7,35,32,3.9,19,1,Mixed,5,1,2,Medium,1
S1204,17,Female,Medium,Postgraduate,Joint,No,2.35,Low,0,24,4,Yes,40,10,56,64,6.2,26,9,Kinesthetic,1,10,0,Medium,0
S1205,19,Female,Low,Secondary,Joint,No,2.25,Medium,5,101,4,No,66,8,44,24,13.1,1,4,Visual,2,3,4,High,0
S1206,22,Male,Medium,Graduate,Nuclear,No,2.95,Low,0,84,7,No,99,7,100,22,17.2,28,6,Visual,3,0,4,Medium,0
S1207,25,Female,Medium,Graduate,Nuclear,Yes,1.87,Medium,5,54,4,Yes,74,6,33,64,1.9,28,9,Kinesthetic,3,4,2,High,1
S1208,21,Female,High,Secondary,Nuclear,Yes,3.19,Medium,3,86,4,No,53,9,65,91,12.1,29,10,Auditory,1,6,1,Low,0
S1209,22,Male,Medium,None,Nuclear,Yes,2.27,Low,0,54,6,Yes,56,1,69,86,9.1,11,2,Visual,3,2,5,Low,1
S1210,23,Male,Medium,Secondary,Joint,No,1.99,Medium,2,49,7,Yes,61,7,51,78,19.3,23,8,Auditory,2,3,1,Medium,0
S1211,17,Male,Medium,None,Nuclear,Yes,1.93,Medium,4,47,3,No,56,4,31,90,14.2,24,7,Auditory,1,8,0,High,1
S1212,23,Female,Medium,Primary,Nuclear,No,2.83,High,4,115,7,No,91,10,30,75,11.8,15,9,Mixed,3,10,2,Low,0
S1213,17,Female,Medium,Graduate,Single Parent,No,3.78,Medium,4,105,4,Yes,97,5,48,93,6.1,2,3,Mixed,5,6,4,High,0
S1214,24,Male,Medium,Primary,Joint,Yes,3.29,Low,3,107,5,Yes,71,4,90,44,5.4,10,2,Visual,1,6,2,Low,0
S1215,21,Female,Medium,Secondary,Joint,Yes,1.94,Medium,4,112,4,No,52,5,33,83,16.1,17,10,Visual,5,3,1,Medium,1
S1216,20,Female,Low,Graduate,Nuclear,No,2.64,Low,5,35,5,Yes,80,4,84,86,8.0,12,9,Mixed,1,8,1,Low,0
S1217,20,Male,Medium,Graduate,Nuclear,No,3.02,Medium,5,29,4,No,88,10,60,36,15.7,7,2,Mixed,4,6,3,Medium,0
S1218,23,Female,Medium,Postgraduate,Single Parent,No,2.76,Medium,1,21,3,No,88,9,71,68,9.4,23,5,Visual,1,6,2,Low,0
S1219,22,Male,Medium,Secondary,Nuclear,No,3.9,Low,3,43,5,No,78,2,77,57,9.9,25,10,Auditory,4,6,1,Medium,0
S1220,25,Male,Medium,Postgraduate,Nuclear,No,2.74,Low,2,43,4,No,96,0,48,75,12.0,8,6,Mixed,4,8,2,Low,0
S1221,18,Male,Low,Postgraduate,Single Parent,Yes,2.62,High,2,106,6,Yes,61,3,82,51,15.8,17,6,Visual,2,6,1,High,0
S1222,23,Male,Medium,Secondary,Nuclear,Yes,2.95,Low,0,74,6,Yes,90,9,62,97,13.2,16,6,Visual,2,10,1,Low,0
S1223,24,Female,Low,Secondary,Joint,Yes,2.65,Medium,3,84,6,Yes,79,0,88,34,2.7,16,7,Mixed,3,4,1,Medium,0
S1224,22,Female,Low,Primary,Nuclear,Yes,2.14,Medium,3,95,6,No,60,8,32,95,18.7,21,8,Visual,2,5,2,Medium,0
S1225,24,Male,Medium,Postgraduate,Joint,Yes,1.8,High,2,84,3,Yes,70,4,55,74,3.1,1,1,Mixed,4,0,0,Medium,1
S1226,17,Male,Medium,Primary,Nuclear,No,3.07,Medium,0,25,5,Yes,56,6,52,23,15.4,20,2,Kinesthetic,5,7,1,Medium,1
S1227,22,Female,Low,Secondary,Guardian,No,2.9,Medium,5,86,3,Yes,63,5,75,22,1.8,27,6,Auditory,1,10,3,Low,0
S1228,25,Male,Low,Primary,Joint,No,2.83,Medium,1,69,3,Yes,50,10,38,39,2.9,1,7,Auditory,4,3,5,Low,0
S1229,19,Other,Low,Primary,Nuclear,No,1.73,Medium,4,22,7,No,59,0,61,73,4.6,12,10,Mixed,5,1,1,High,1
S1230,17,Male,Medium,Graduate,Joint,No,2.19,Medium,1,118,3,Yes,90,6,66,39,16.7,23,8,Mixed,3,2,0,Low,0
S1231,21,Female,Medium,Graduate,Joint,No,2.16,Low,5,108,6,No,47,3,61,26,8.4,10,1,Auditory,3,6,3,Medium,1
S1232,20,Female,Low,Postgraduate,Joint,No,3.12,Low,3,35,7,No,55,1,54,83,4.6,28,10,Visual,5,2,2,Medium,0
S1233,25,Female,Medium,Primary,Single Parent,No,2.98,Medium,3,21,7,No,91,0,79,35,4.8,3,8,Visual,5,3,3,Medium,0
S1234,24,Female,Medium,Postgraduate,Nuclear,No,3.39,High,4,114,4,No,69,2,94,71,18.8,19,3,Auditory,5,7,3,Medium,0
S1235,21,Female,Medium,Secondary,Nuclear,No,3.34,Medium,4,76,3,No,61,2,38,28,14.1,21,4,Mixed,3,2,4,High,0
S1236,18,Male,Low,Primary,Joint,No,1.6,Low,3,43,3,Yes,72,10,43,66,12.4,12,9,Kinesthetic,3,8,5,Medium,0
S1237,21,Female,Medium,Graduate,Nuclear,No,2.99,High,1,31,4,No,50,8,35,63,2.1,19,9,Mixed,1,10,1,Medium,0
S1238,22,Other,Low,Graduate,Nuclear,Yes,2.37,Low,3,24,5,No,69,2,50,64,5.2,2,9,Kinesthetic,5,10,5,Medium,0
S1239,21,Male,Medium,Secondary,Joint,No,2.1,Low,1,30,6,No,67,3,53,83,18.7,8,8,Kinesthetic,5,0,0,Low,0
S1240,19,Female,High,Postgraduate,Joint,No,3.92,Medium,4,42,5,No,81,9,73,64,13.3,7,6,Visual,4,9,4,Medium,0
S1241,25,Male,Medium,Graduate,Joint,Yes,3.74,Medium,1,42,3,Yes,80,3,53,61,18.0,21,7,Auditory,4,9,0,High,0
S1242,22,Male,Medium,Secondary,Single Parent,No,2.76,High,2,46,6,Yes,48,6,61,49,17.3,13,8,Auditory,2,10,4,Medium,0
S1243,20,Female,High,Primary,Joint,No,3.94,Medium,0,22,7,No,54,0,30,62,4.8,26,9,Mixed,1,7,5,Medium,0
S1244,19,Male,Low,Primary,Single Parent,No,2.32,Low,3,45,5,No,72,4,33,96,12.0,20,9,Visual,2,3,2,Medium,0
S1245,19,Female,Low,Postgraduate,Nuclear,Yes,3.13,High,3,83,7,No,46,8,43,40,11.9,12,6,Auditory,5,6,0,Low,0
S1246,17,Female,Low,Secondary,Joint,Yes,3.21,Medium,1,44,7,Yes,86,3,59,90,15.0,7,1,Visual,4,6,2,Low,0
S1247,17,Female,Low,None,Joint,Yes,2.91,Low,1,44,3,No,60,6,32,89,5.6,2,6,Kinesthetic,4,6,0,High,0
S1248,22,Male,Medium,Primary,Nuclear,Yes,2.56,Low,4,71,7,No,87,3,71,67,6.0,24,9,Kinesthetic,5,5,1,Medium,0
S1249,19,Female,Low,Secondary,Nuclear,No,3.54,Low,0,116,3,No,42,7,50,78,15.0,14,1,Auditory,3,10,2,Medium,1
S1250,25,Male,Medium,Secondary,Joint,Yes,1.63,Low,2,60,6,Yes,50,6,78,33,18.2,14,4,Auditory,3,3,1,Medium,1
S1251,19,Male,Medium,Postgraduate,Nuclear,No,2.43,Low,3,33,3,No,56,7,67,49,4.5,6,6,Visual,3,4,2,Low,0
S1252,17,Female,Low,Graduate,Joint,Yes,3.68,Medium,3,88,7,No,73,2,56,58,19.8,25,3,Mixed,5,2,1,High,0
S1253,19,Male,Medium,Graduate,Nuclear,No,2.67,Medium,1,69,6,No,56,2,67,83,11.2,14,1,Auditory,3,10,3,High,1
S1254,20,Female,Low,Graduate,Nuclear,No,1.72,Low,1,56,7,No,46,8,100,42,6.0,28,7,Kinesthetic,1,4,3,High,1
S1255,23,Other,Medium,None,Nuclear,No,1.94,Medium,3,73,5,No,62,8,89,21,17.6,24,6,Kinesthetic,1,6,1,Low,0
S1256,25,Female,Medium,Graduate,Nuclear,No,3.3,Low,4,118,4,No,74,4,34,29,7.9,18,6,Auditory,3,2,5,Medium,0
S1257,20,Female,High,None,Nuclear,No,1.68,Medium,3,33,4,No,60,4,98,64,8.3,5,9,Auditory,4,0,4,Low,0
S1258,23,Male,High,Graduate,Nuclear,No,2.12,Medium,0,66,7,Yes,63,1,58,22,17.0,25,8,Mixed,3,4,0,Medium,0
S1259,18,Female,Low,Primary,Joint,Yes,1.57,Medium,3,99,7,No,79,4,51,73,9.0,20,6,Visual,3,8,0,Low,0
S1260,24,Female,Medium,Graduate,Single Parent,No,1.77,Medium,1,116,4,No,45,4,51,84,19.2,15,9,Visual,5,4,1,High,1
S1261,18,Male,Medium,Secondary,Single Parent,Yes,1.92,Low,4,118,6,No,64,5,73,53,7.4,7,5,Auditory,1,1,4,Medium,0
S1262,19,Female,Medium,Graduate,Nuclear,No,3.94,Medium,1,91,7,No,59,8,60,51,14.1,28,2,Visual,1,5,2,Low,1
S1263,23,Female,Medium,Primary,Joint,Yes,2.41,Low,3,65,4,No,90,7,52,49,10.4,15,3,Mixed,2,0,0,Medium,0
S1264,19,Female,Low,Secondary,Single Parent,No,3.54,Medium,4,20,5,Yes,46,2,37,23,11.7,24,4,Auditory,5,4,1,Low,0
S1265,22,Male,Medium,Secondary,Joint,Yes,1.84,Medium,0,111,3,No,46,9,86,29,3.5,29,8,Auditory,5,5,5,Medium,1
S1266,25,Female,Medium,Secondary,Nuclear,No,3.56,Low,4,48,3,No,59,8,74,98,7.6,1,7,Visual,5,0,5,Medium,0
S1267,24,Other,Medium,Graduate,Nuclear,No,1.84,High,2,67,5,Yes,91,4,38,57,9.8,27,2,Mixed,2,3,1,Medium,1
S1268,18,Male,Low,Graduate,Nuclear,Yes,2.84,Medium,4,76,5,No,61,3,95,81,12.1,1,8,Kinesthetic,5,4,4,Medium,0
S1269,18,Female,Medium,None,Joint,No,3.07,High,4,41,5,No,87,10,65,74,17.8,6,6,Kinesthetic,5,9,0,Medium,0
S1270,17,Female,Low,Primary,Nuclear,No,1.64,Low,3,83,6,No,78,2,31,92,3.6,20,3,Auditory,3,7,4,Medium,1
S1271,20,Male,Medium,Graduate,Nuclear,No,3.46,Low,1,110,5,No,41,7,75,22,2.9,23,8,Mixed,2,3,4,Low,0
S1272,18,Female,Low,Secondary,Single Parent,No,3.81,High,2,72,5,Yes,95,6,82,36,17.9,3,2,Kinesthetic,1,7,4,Medium,0
S1273,24,Male,Low,Primary,Single Parent,Yes,3.18,Medium,1,114,7,No,77,0,48,25,1.7,8,2,Visual,2,10,2,Low,0
S1274,21,Male,Medium,Secondary,Nuclear,No,3.08,Low,1,47,5,No,48,7,85,96,14.6,22,6,Visual,3,3,4,Medium,0
S1275,17,Male,Low,Secondary,Single Parent,No,1.76,Low,0,38,3,Yes,79,0,50,96,12.2,8,1,Auditory,1,9,4,Medium,1
S1276,21,Male,Low,Primary,Nuclear,Yes,2.42,High,1,109,7,No,51,1,69,51,10.1,19,4,Kinesthetic,2,8,3,Medium,0
S1277,19,Female,Low,None,Single Parent,No,2.82,Low,2,118,5,Yes,55,6,61,37,19.9,25,9,Auditory,1,6,4,Low,0
S1278,24,Male,Medium,Secondary,Joint,Yes,2.56,High,0,80,3,No,45,7,91,22,10.7,29,1,Visual,3,3,0,Medium,1
S1279,23,Male,Low,Secondary,Nuclear,No,2.08,Low,0,28,4,No,96,7,88,94,5.4,1,9,Visual,5,8,3,Low,0
S1280,17,Female,Low,Secondary,Nuclear,Yes,2.59,Medium,2,21,5,No,72,0,72,44,6.6,19,2,Mixed,5,0,4,Medium,0
S1281,23,Male,Medium,Postgraduate,Nuclear,No,2.73,Medium,1,24,5,Yes,54,1,77,52,15.3,4,6,Visual,1,1,3,Medium,0
S1282,20,Male,Medium,None,Nuclear,No,2.06,High,1,23,7,No,67,8,51,27,1.2,16,8,Kinesthetic,2,1,1,Low,0
S1283,21,Male,Medium,Primary,Nuclear,No,2.68,Medium,3,108,7,No,67,3,32,24,4.8,17,5,Kinesthetic,1,3,4,High,0
S1284,19,Female,Low,Primary,Nuclear,Yes,3.27,Low,5,20,7,No,40,1,75,28,15.8,11,8,Visual,3,6,4,Medium,0
S1285,17,Male,Medium,Graduate,Single Parent,Yes,3.76,Low,0,46,3,No,43,2,71,88,12.9,21,8,Kinesthetic,4,3,0,Medium,0
S1286,21,Male,Medium,Secondary,Single Parent,No,3.85,Medium,3,73,4,Yes,88,2,61,79,3.4,14,6,Mixed,1,7,5,High,0
S1287,24,Male,Medium,Graduate,Guardian,Yes,2.2,Low,0,79,3,Yes,75,8,87,49,19.6,29,10,Mixed,4,5,4,Medium,0
S1288,25,Male,Medium,Primary,Nuclear,Yes,3.35,Medium,3,119,4,Yes,43,1,60,21,15.9,4,4,Visual,5,10,5,Low,0
S1289,22,Male,Medium,Graduate,Single Parent,Yes,1.88,Medium,3,87,5,No,89,2,95,86,3.9,22,1,Mixed,5,3,5,High,1
S1290,25,Female,Medium,Secondary,Nuclear,No,2.31,Medium,0,92,4,Yes,48,8,55,59,10.4,12,4,Kinesthetic,4,3,2,Medium,0
S1291,21,Female,Medium,Primary,Single Parent,No,3.78,Medium,1,55,6,No,55,5,75,36,15.3,9,3,Visual,4,7,3,High,1
S1292,19,Male,Low,Secondary,Nuclear,No,1.97,Low,5,95,3,No,44,0,89,46,7.1,8,1,Auditory,1,6,2,Low,1
S1293,20,Female,Low,Primary,Nuclear,No,3.25,Medium,1,101,7,No,85,1,43,37,5.5,4,1,Auditory,1,2,3,Medium,0
S1294,20,Male,Low,Postgraduate,Nuclear,Yes,1.62,Low,1,64,4,Yes,53,6,55,22,7.7,8,3,Mixed,5,2,2,Medium,1
S1295,20,Female,Low,Secondary,Single Parent,Yes,2.15,Medium,5,81,3,Yes,73,10,63,48,17.3,5,2,Mixed,5,3,4,Low,0
S1296,17,Male,Low,Primary,Nuclear,No,3.2,Low,2,37,4,No,90,5,57,62,7.8,9,10,Kinesthetic,3,3,3,Medium,0
S1297,17,Female,Medium,None,Nuclear,Yes,1.7,Medium,3,88,6,Yes,91,1,39,47,9.3,10,3,Visual,5,1,3,Medium,1
S1298,18,Male,Medium,Primary,Single Parent,No,1.67,Medium,3,84,6,No,76,2,51,25,1.1,16,3,Mixed,4,6,0,Low,1
S1299,25,Male,High,None,Nuclear,Yes,2.68,Medium,4,51,4,Yes,60,5,76,91,5.2,27,8,Auditory,1,9,4,High,0
S1300,19,Female,Medium,Postgraduate,Joint,No,3.26,Medium,3,81,4,No,94,5,47,68,14.9,2,4,Auditory,3,7,2,High,0
S1301,22,Female,Medium,Primary,Joint,Yes,3.12,Low,2,34,4,No,91,0,36,59,17.0,6,2,Mixed,2,1,2,Medium,0
S1302,20,Female,Low,Graduate,Single Parent,Yes,3.6,Low,5,27,3,No,98,10,41,62,1.2,1,1,Kinesthetic,2,10,3,Medium,0
S1303,19,Female,Low,Postgraduate,Nuclear,No,2.72,Low,0,105,7,Yes,92,4,63,37,7.8,26,4,Visual,2,1,4,Medium,0
S1304,19,Female,Medium,Graduate,Nuclear,No,1.69,High,5,33,3,No,90,7,37,69,5.6,6,8,Visual,2,2,5,Low,0
S1305,24,Male,Medium,Primary,Nuclear,Yes,3.06,Medium,3,27,3,Yes,75,6,61,88,7.8,7,9,Visual,5,2,1,Medium,0
S1306,19,Male,Medium,Secondary,Nuclear,No,2.02,Low,0,27,6,No,91,4,85,53,5.6,9,2,Auditory,4,6,3,Low,0
S1307,23,Male,High,Secondary,Nuclear,No,3.64,Low,0,30,7,Yes,85,8,94,95,8.1,2,4,Kinesthetic,1,3,4,Low,0
S1308,24,Male,Low,Secondary,Guardian,No,2.97,Medium,5,50,7,No,76,3,73,30,10.1,7,9,Mixed,1,5,5,Medium,0
S1309,24,Male,Medium,Postgraduate,Nuclear,Yes,2.95,Low,1,116,7,Yes,80,1,97,48,17.6,3,1,Auditory,2,2,2,High,0
S1310,24,Male,Low,Graduate,Joint,Yes,2.1,Low,0,67,5,No,40,7,65,76,16.5,2,2,Kinesthetic,5,5,5,Low,1
S1311,21,Female,Medium,Secondary,Single Parent,No,3.63,Medium,4,42,5,Yes,86,0,95,34,16.3,18,9,Mixed,5,4,2,High,0
S1312,18,Female,Medium,Graduate,Joint,Yes,3.21,Medium,3,32,5,No,63,2,38,42,3.8,21,4,Kinesthetic,3,9,0,Medium,0
S1313,23,Male,Medium,Primary,Nuclear,No,2.24,Low,0,90,4,No,60,3,61,55,6.2,4,6,Visual,2,7,4,Low,0
S1314,25,Other,Medium,Secondary,Joint,No,3.6,High,1,40,7,No,55,3,52,50,17.3,20,5,Visual,1,6,4,Low,0
S1315,23,Female,Medium,Secondary,Joint,No,3.36,Low,5,60,6,No,96,0,56,54,16.6,2,4,Kinesthetic,1,8,3,Medium,0
S1316,19,Male,Medium,Primary,Nuclear,No,3.47,High,0,51,3,No,67,7,60,59,4.8,11,4,Visual,5,2,0,Medium,0
S1317,19,Male,High,Secondary,Joint,Yes,3.72,Medium,2,96,6,No,78,10,54,63,3.3,10,9,Kinesthetic,3,6,2,Medium,0
S1318,18,Male,High,Secondary,Nuclear,No,3.67,Low,0,92,6,No,60,10,75,88,3.9,21,6,Visual,1,5,2,Low,0
S1319,23,Female,Low,Graduate,Joint,Yes,1.93,Low,3,43,6,No,99,6,86,87,9.0,12,8,Mixed,2,9,0,Medium,0
S1320,25,Female,Low,Secondary,Nuclear,No,3.4,Medium,0,106,5,No,92,2,65,52,15.2,15,6,Mixed,2,3,1,Low,0
S1321,25,Female,Low,Graduate,Nuclear,No,2.18,High,2,87,5,No,58,0,32,44,4.2,16,8,Kinesthetic,3,4,3,Medium,0
S1322,23,Male,Medium,Secondary,Joint,No,3.86,Low,2,37,5,No,67,2,43,80,15.3,14,10,Auditory,2,1,2,Medium,0
S1323,18,Male,Medium,Secondary,Nuclear,No,2.43,Medium,5,117,3,No,47,8,64,52,16.0,22,8,Visual,4,2,2,High,1
S1324,24,Male,Medium,Graduate,Nuclear,No,3.15,Medium,1,96,3,Yes,62,4,96,91,19.7,8,4,Visual,1,0,0,High,0
S1325,20,Male,Low,Secondary,Guardian,Yes,1.88,Low,4,95,3,No,64,8,39,51,14.5,26,6,Auditory,2,1,1,High,1
S1326,17,Male,Low,Graduate,Single Parent,Yes,3.95,Medium,1,42,3,No,87,5,90,45,7.3,8,1,Mixed,5,4,4,Low,0
S1327,20,Female,Low,Secondary,Nuclear,No,2.79,High,2,41,3,Yes,68,6,36,81,15.0,16,8,Auditory,2,9,3,Low,0
S1328,21,Male,Medium,Postgraduate,Joint,No,3.12,Medium,0,42,7,No,63,5,90,24,10.3,5,10,Visual,3,10,2,High,0
S1329,20,Male,Low,None,Nuclear,No,1.53,Medium,5,103,4,No,45,10,71,42,9.7,5,1,Mixed,3,5,3,Medium,1
S1330,22,Female,Medium,Secondary,Nuclear,No,2.57,High,4,89,3,No,73,1,34,37,15.7,26,7,Kinesthetic,3,1,5,Low,0
S1331,19,Female,Medium,Primary,Nuclear,No,2.38,Low,3,97,4,No,66,1,31,32,15.3,22,2,Mixed,5,8,2,Low,0
S1332,18,Female,Medium,None,Nuclear,No,3.94,Low,0,82,6,Yes,41,9,82,22,11.1,11,4,Auditory,3,0,4,Medium,0
S1333,19,Male,Medium,Graduate,Single Parent,No,1.98,Low,0,65,5,Yes,82,6,46,81,12.2,27,10,Auditory,3,0,5,Low,0
S1334,23,Other,Medium,Primary,Joint,Yes,2.34,Low,4,42,5,No,57,3,41,71,2.3,10,7,Auditory,3,2,1,Low,0
S1335,24,Female,Medium,Graduate,Nuclear,No,3.33,Low,4,110,7,Yes,46,9,62,30,9.0,5,5,Auditory,1,6,1,Medium,0
S1336,18,Male,Medium,Graduate,Single Parent,Yes,3.8,High,3,44,7,No,68,7,82,43,18.1,11,3,Kinesthetic,2,2,3,High,0
S1337,21,Female,Low,None,Nuclear,Yes,1.51,Medium,1,109,7,No,68,8,100,44,17.5,10,9,Visual,4,8,2,Medium,0
S1338,22,Female,Medium,Secondary,Nuclear,No,3.97,Medium,2,29,5,Yes,99,4,30,54,14.5,15,10,Visual,2,0,1,Medium,0
S1339,17,Female,Medium,Graduate,Single Parent,Yes,1.81,Medium,4,99,3,Yes,44,9,57,45,14.1,4,10,Visual,4,2,3,Low,1
S1340,24,Female,Medium,Postgraduate,Nuclear,No,1.52,Medium,2,58,5,No,61,9,85,81,13.2,1,7,Mixed,3,5,2,High,1
S1341,21,Male,Low,Postgraduate,Single Parent,No,2.59,Medium,1,23,3,No,69,6,35,77,7.1,27,7,Mixed,5,1,3,Low,0
S1342,22,Male,Medium,Primary,Nuclear,No,3.75,Low,3,51,3,Yes,79,1,30,47,2.1,28,7,Visual,2,7,4,Medium,0
S1343,19,Female,High,Secondary,Nuclear,No,1.5,Low,3,119,6,Yes,52,6,82,71,1.6,15,1,Mixed,2,7,3,Low,1
S1344,21,Female,Medium,Secondary,Nuclear,No,3.46,High,5,111,7,No,71,5,33,41,1.6,1,9,Auditory,2,4,2,Medium,0
S1345,20,Male,Low,None,Nuclear,No,2.58,Low,2,116,5,No,94,6,41,46,19.9,25,4,Mixed,3,2,3,Medium,0
S1346,20,Male,High,Secondary,Nuclear,Yes,2.5,Medium,5,61,5,No,66,10,58,90,9.2,9,8,Visual,1,5,3,Medium,0
S1347,24,Male,High,Primary,Nuclear,No,3.94,Low,4,24,7,No,60,1,71,64,4.9,20,2,Visual,4,2,0,Low,0
S1348,17,Male,Medium,None,Nuclear,No,1.93,Medium,5,93,7,Yes,65,5,58,94,17.0,9,4,Auditory,3,4,1,Medium,0
S1349,19,Female,Medium,Secondary,Single Parent,Yes,3.25,Medium,5,98,6,No,48,10,69,33,9.2,20,9,Kinesthetic,5,6,2,Low,0
S1350,21,Male,Medium,Secondary,Nuclear,Yes,1.85,Low,4,102,7,No,49,7,59,56,15.8,10,6,Kinesthetic,4,8,1,Low,1
S1351,24,Female,Medium,Secondary,Nuclear,Yes,1.85,Medium,2,115,4,No,95,7,75,92,8.1,19,1,Visual,5,6,0,High,1
S1352,25,Female,Low,Secondary,Single Parent,No,1.73,Medium,2,104,7,Yes,46,1,71,82,11.8,14,9,Kinesthetic,3,2,5,Medium,1
S1353,19,Other,Low,Primary,Joint,Yes,1.86,High,4,21,7,No,54,8,85,82,9.3,12,5,Kinesthetic,4,5,2,High,1
S1354,19,Male,Low,Graduate,Nuclear,Yes,2.63,Low,0,46,6,No,76,6,37,20,9.7,9,10,Auditory,1,4,4,High,0
S1355,17,Male,Medium,Postgraduate,Nuclear,Yes,3.15,Low,5,49,6,Yes,61,8,90,85,1.6,3,4,Mixed,2,9,1,High,0
S1356,17,Male,Medium,None,Single Parent,No,3.67,Medium,4,31,6,No,59,0,31,77,18.3,11,8,Kinesthetic,2,7,5,Medium,0
S1357,21,Female,Medium,Secondary,Nuclear,No,3.37,Medium,4,50,3,No,63,7,55,65,11.0,2,7,Kinesthetic,3,10,4,Medium,0
S1358,20,Male,Low,Graduate,Nuclear,No,2.75,Low,4,99,4,No,92,1,36,48,7.2,27,7,Visual,2,0,4,High,0
S1359,24,Female,Medium,Postgraduate,Nuclear,No,2.17,Low,4,27,4,No,99,5,30,64,4.8,7,3,Auditory,1,0,1,High,0
S1360,20,Female,Medium,None,Guardian,Yes,3.05,Medium,2,73,3,No,45,0,98,28,19.3,8,5,Kinesthetic,2,10,1,Medium,0
S1361,22,Female,Medium,None,Guardian,No,2.12,Medium,0,60,7,No,98,9,64,72,2.1,27,7,Auditory,5,5,0,Medium,0
S1362,21,Female,High,Secondary,Single Parent,No,1.74,Medium,3,49,5,No,95,5,49,72,14.9,10,6,Kinesthetic,4,8,2,Medium,0
S1363,18,Male,Low,Secondary,Nuclear,No,2.97,Medium,4,46,5,Yes,49,1,85,37,15.9,18,7,Visual,5,5,0,Medium,0
S1364,22,Male,Low,Postgraduate,Nuclear,No,3.78,Medium,0,54,7,No,57,4,82,34,19.9,16,3,Auditory,3,1,4,Medium,1
S1365,24,Male,Medium,Primary,Nuclear,No,1.67,Medium,4,78,5,No,50,2,76,85,8.9,27,5,Auditory,2,0,3,High,1
S1366,22,Female,Medium,Primary,Nuclear,No,2.84,Medium,1,79,3,No,61,9,98,75,3.4,1,1,Visual,5,2,0,Medium,0
S1367,20,Male,Low,Primary,Joint,Yes,3.56,Low,2,39,5,No,52,5,74,33,7.4,6,3,Mixed,5,4,5,Medium,1
S1368,20,Female,Medium,Graduate,Single Parent,No,1.85,Medium,1,116,5,No,40,1,42,94,11.7,17,6,Visual,1,10,1,High,1
S1369,21,Male,Low,Secondary,Joint,Yes,2.0,Medium,3,80,4,No,48,10,98,49,5.7,12,9,Mixed,1,10,2,High,1
S1370,17,Female,Medium,Postgraduate,Nuclear,No,3.0,Medium,3,90,6,No,48,9,79,69,16.2,3,7,Visual,3,8,1,Low,0
S1371,20,Male,Medium,Graduate,Nuclear,No,3.8,High,0,105,7,No,57,6,86,64,11.0,24,9,Kinesthetic,5,1,5,Medium,0
S1372,23,Female,Medium,None,Nuclear,Yes,3.52,Medium,1,30,6,Yes,68,3,38,41,16.3,23,2,Auditory,1,8,0,Low,0
S1373,20,Male,Low,Primary,Joint,No,2.65,High,5,97,5,Yes,55,8,81,56,6.5,16,6,Mixed,2,3,3,Low,0
S1374,24,Female,Low,Secondary,Nuclear,No,2.9,Low,3,101,7,No,61,7,75,38,5.2,6,6,Visual,5,0,4,Medium,0
S1375,22,Male,High,Secondary,Nuclear,No,1.83,Low,5,97,3,Yes,77,0,70,95,1.1,22,2,Kinesthetic,1,2,2,Medium,1
S1376,24,Female,Low,Primary,Nuclear,No,2.34,Low,2,75,4,No,97,7,76,90,2.4,26,3,Auditory,2,2,1,Medium,0
S1377,22,Female,Low,Graduate,Nuclear,No,1.55,Medium,0,114,3,No,75,9,71,77,13.9,22,1,Auditory,4,9,1,Medium,1
S1378,24,Male,Medium,Graduate,Nuclear,No,3.41,Medium,5,26,6,Yes,63,0,66,63,2.5,28,4,Kinesthetic,4,5,3,Medium,0
S1379,21,Female,High,Primary,Nuclear,Yes,2.99,Medium,2,76,3,No,41,10,58,51,15.9,19,1,Auditory,5,2,2,Medium,1
S1380,18,Male,Low,Postgraduate,Guardian,No,2.46,Low,5,47,4,No,71,3,78,94,2.1,21,3,Kinesthetic,2,4,1,Low,0
S1381,21,Female,Medium,Graduate,Nuclear,No,1.77,Low,5,107,4,No,71,1,41,83,9.0,7,10,Visual,3,10,3,Medium,0
S1382,17,Male,Medium,Postgraduate,Joint,Yes,3.79,Medium,4,104,6,No,91,9,34,35,4.9,1,7,Auditory,1,0,5,High,0
S1383,21,Male,Medium,Primary,Joint,Yes,3.23,Medium,0,71,6,No,40,4,79,43,11.8,9,5,Mixed,5,6,1,Medium,0
S1384,22,Male,Low,Graduate,Joint,No,1.96,Low,1,75,5,No,77,6,74,43,14.4,6,5,Mixed,5,6,5,Medium,0
S1385,19,Male,Medium,Secondary,Joint,Yes,2.59,High,2,90,3,No,58,10,99,24,3.8,27,10,Mixed,2,4,2,Low,0
S1386,23,Other,Medium,Primary,Single Parent,No,2.93,Medium,5,22,5,No,46,2,73,84,8.5,21,9,Mixed,3,7,3,High,1
S1387,24,Male,Medium,Primary,Single Parent,No,2.91,Medium,2,92,5,No,90,5,50,52,4.9,10,6,Mixed,5,8,5,Medium,0
S1388,20,Female,Medium,Graduate,Joint,No,3.52,Medium,0,86,5,No,76,10,74,93,11.4,5,9,Mixed,4,0,3,Medium,0
S1389,22,Female,Medium,Secondary,Nuclear,No,1.73,Low,1,66,3,No,45,5,50,49,5.6,14,9,Visual,4,4,5,Medium,1
S1390,22,Female,Low,Primary,Nuclear,Yes,2.38,Medium,1,82,4,Yes,55,0,79,73,17.2,4,7,Auditory,1,8,2,High,1
S1391,23,Female,Low,Graduate,Nuclear,Yes,3.33,Medium,2,110,5,No,66,8,85,98,14.3,16,2,Mixed,2,0,5,Low,0
S1392,22,Female,Medium,Secondary,Single Parent,No,1.8,Medium,0,79,4,No,77,5,46,54,9.8,28,1,Kinesthetic,2,5,4,Medium,1
S1393,18,Male,Low,Primary,Single Parent,No,3.98,Medium,3,45,5,No,63,0,35,52,7.9,9,2,Visual,2,9,5,Medium,0
S1394,20,Male,Low,None,Nuclear,No,3.07,Low,4,64,6,Yes,98,4,95,67,17.0,9,5,Visual,2,0,2,Low,0
S1395,19,Female,Medium,Primary,Single Parent,No,3.94,Medium,0,71,6,No,95,2,66,71,12.2,3,5,Kinesthetic,4,3,2,Medium,0
S1396,25,Male,Medium,Secondary,Single Parent,No,3.93,High,2,87,4,No,69,2,81,94,11.4,2,3,Auditory,1,3,2,Medium,0
S1397,19,Female,Medium,Secondary,Joint,Yes,3.48,High,5,103,3,No,78,5,87,87,8.4,1,3,Auditory,2,3,0,Medium,0
S1398,22,Female,Low,Graduate,Nuclear,No,3.51,Medium,1,53,4,Yes,78,10,64,91,5.3,11,3,Visual,5,3,0,Medium,0
S1399,24,Female,Medium,Primary,Single Parent,No,2.27,Medium,1,62,3,No,70,8,85,63,18.7,26,7,Kinesthetic,4,10,0,Medium,0
S1400,18,Male,Medium,Graduate,Nuclear,Yes,3.01,High,4,101,5,No,42,8,71,42,6.8,14,6,Mixed,4,6,4,High,1
S1401,20,Female,Medium,Postgraduate,Nuclear,No,2.04,High,5,24,6,No,79,3,33,73,10.2,16,8,Visual,1,8,1,High,0
S1402,23,Female,Medium,Primary,Nuclear,Yes,2.9,Low,5,113,3,Yes,64,8,48,75,10.1,25,7,Auditory,2,8,5,Medium,0
S1403,23,Male,Low,Secondary,Nuclear,No,3.98,High,1,51,5,No,90,2,45,22,16.6,15,10,Mixed,1,6,2,Medium,0
S1404,25,Female,Medium,Secondary,Guardian,No,1.87,Low,5,80,4,Yes,95,6,60,31,16.5,23,4,Kinesthetic,5,2,4,High,1
S1405,25,Female,Low,Secondary,Single Parent,No,3.45,High,4,31,6,No,62,9,80,73,18.0,23,3,Auditory,5,5,4,Medium,0
S1406,18,Male,Low,Primary,Nuclear,Yes,2.16,Medium,2,27,5,No,93,5,91,60,17.8,6,5,Mixed,5,0,5,High,0
S1407,21,Female,Medium,Secondary,Nuclear,No,1.87,Medium,3,30,3,No,53,9,33,28,13.0,14,1,Kinesthetic,2,4,5,Medium,1
S1408,23,Female,Medium,Postgraduate,Nuclear,Yes,2.08,Low,5,91,7,No,58,7,34,53,16.5,17,3,Kinesthetic,3,1,4,High,1
S1409,17,Female,Medium,Primary,Nuclear,No,2.96,Medium,4,35,7,No,68,10,80,35,1.9,1,8,Mixed,4,5,4,Low,0
S1410,20,Female,Low,Secondary,Joint,No,2.96,Low,4,20,4,Yes,56,2,51,65,17.4,22,7,Kinesthetic,1,9,1,Medium,0
S1411,21,Male,Medium,Postgraduate,Single Parent,No,1.58,Medium,4,28,7,No,44,7,77,61,15.5,25,1,Visual,5,5,3,Medium,1
S1412,21,Female,Low,Secondary,Joint,No,1.72,Medium,2,78,6,Yes,74,0,70,89,19.2,9,6,Kinesthetic,2,10,0,Low,0
S1413,24,Male,Low,Secondary,Joint,Yes,1.95,Low,2,33,5,No,86,10,96,80,9.2,27,8,Kinesthetic,2,9,4,Low,0
S1414,24,Male,Medium,Secondary,Nuclear,Yes,2.92,Medium,4,63,6,Yes,75,10,82,96,10.8,27,3,Kinesthetic,2,4,4,Medium,0
S1415,20,Female,Medium,Graduate,Nuclear,No,2.5,Medium,0,83,5,No,76,6,32,20,10.9,18,8,Auditory,4,4,3,Low,0
S1416,19,Male,High,Graduate,Single Parent,Yes,2.18,High,4,38,6,No,78,2,78,29,11.7,6,8,Mixed,3,3,5,Low,0
S1417,20,Male,Medium,Graduate,Joint,No,2.16,Medium,3,39,3,No,48,10,35,94,3.4,1,9,Auditory,2,0,0,High,1
S1418,25,Female,Medium,None,Joint,No,2.76,High,0,64,6,No,72,5,50,50,11.5,1,10,Auditory,1,6,4,Low,0
S1419,20,Male,Medium,None,Nuclear,No,3.54,Medium,3,24,7,Yes,51,1,100,98,11.9,26,6,Visual,3,10,0,High,1
S1420,25,Male,Medium,Secondary,Nuclear,No,3.49,High,1,23,5,No,67,2,72,51,10.2,3,4,Mixed,5,8,1,Medium,0
S1421,20,Female,Low,Primary,Nuclear,No,3.94,Medium,3,38,4,Yes,76,9,48,33,2.3,21,8,Visual,1,1,5,High,0
S1422,22,Male,Low,Graduate,Nuclear,Yes,3.58,Medium,4,52,7,Yes,85,4,85,69,10.3,26,8,Kinesthetic,3,1,4,Medium,0
S1423,25,Female,Low,Postgraduate,Single Parent,Yes,1.64,Low,3,119,3,No,88,1,72,66,19.6,29,7,Mixed,1,9,0,Medium,0
S1424,20,Male,Medium,Primary,Joint,Yes,3.09,Medium,3,54,5,No,83,8,41,72,17.8,2,10,Visual,5,2,1,Low,0
S1425,23,Female,Low,None,Nuclear,No,2.83,Medium,5,21,5,No,70,0,77,39,5.4,29,1,Mixed,1,5,0,Medium,0
S1426,21,Female,High,Primary,Guardian,Yes,2.64,Low,2,55,3,No,46,3,84,29,14.0,12,3,Kinesthetic,3,0,1,Low,1
S1427,24,Female,Low,Secondary,Nuclear,No,1.66,High,2,95,7,Yes,83,10,55,77,7.1,3,10,Mixed,2,9,2,Medium,0
S1428,23,Male,Medium,Primary,Single Parent,No,3.99,Medium,5,50,6,Yes,45,10,55,32,11.6,27,7,Auditory,1,10,3,High,1
S1429,19,Female,Low,None,Single Parent,No,2.28,Medium,1,70,4,Yes,67,1,76,82,7.5,2,9,Mixed,3,1,5,High,0
S1430,22,Male,Low,Secondary,Joint,No,3.56,Medium,5,110,5,No,69,6,61,37,1.6,21,10,Visual,3,5,4,Low,0
S1431,21,Male,Low,None,Single Parent,No,2.9,Medium,3,70,5,No,47,3,81,26,19.6,2,9,Mixed,4,1,3,Low,0
S1432,20,Male,Medium,Graduate,Joint,No,3.73,High,2,95,4,No,81,4,85,57,7.3,22,7,Mixed,3,0,3,Medium,0
S1433,17,Female,Medium,Graduate,Joint,No,2.66,Low,3,70,3,Yes,79,4,67,33,9.5,20,8,Mixed,1,5,4,High,0
S1434,17,Female,Medium,Secondary,Nuclear,Yes,3.18,Medium,5,50,5,Yes,90,0,36,79,12.7,15,5,Auditory,2,2,4,Low,0
S1435,24,Female,Low,Graduate,Nuclear,No,3.71,Medium,5,91,6,No,68,1,51,26,12.7,7,1,Visual,3,10,2,Low,0
S1436,25,Male,Medium,Secondary,Joint,No,1.94,Low,2,35,4,No,44,7,96,83,9.9,16,2,Auditory,3,1,3,Low,1
S1437,23,Female,Low,Graduate,Nuclear,No,1.6,Low,4,72,5,No,91,9,96,68,18.0,5,5,Visual,5,4,4,Medium,0
S1438,22,Male,Low,Secondary,Joint,No,3.49,Medium,1,106,7,No,45,5,61,71,10.4,8,10,Visual,3,10,0,Low,0
S1439,17,Male,Medium,Primary,Nuclear,Yes,1.67,Medium,5,23,6,Yes,41,5,51,91,13.4,25,8,Visual,2,0,1,Medium,1
S1440,22,Male,High,Postgraduate,Joint,Yes,3.59,Medium,2,99,3,Yes,45,7,96,56,9.2,16,6,Auditory,2,6,5,Medium,0
S1441,19,Female,Medium,Graduate,Single Parent,No,1.97,Medium,2,97,7,No,69,2,54,33,16.0,25,2,Auditory,4,1,0,Medium,1
S1442,19,Female,Low,Secondary,Nuclear,Yes,3.85,High,2,21,5,No,64,3,34,77,7.9,2,5,Kinesthetic,1,10,3,Medium,0
S1443,25,Male,Medium,Primary,Joint,No,3.17,High,2,20,7,No,86,10,46,43,13.3,15,6,Visual,4,4,0,Low,0
S1444,21,Other,Low,Secondary,Single Parent,Yes,3.56,High,2,70,6,No,91,4,82,98,7.5,24,10,Mixed,4,5,1,Medium,0
S1445,19,Male,Medium,None,Nuclear,Yes,2.88,Medium,3,32,7,No,66,4,33,30,19.9,15,8,Auditory,5,0,4,Medium,0
S1446,23,Female,Low,Graduate,Nuclear,No,2.05,Medium,0,22,5,Yes,79,8,45,34,19.6,16,10,Auditory,3,0,3,Medium,0
S1447,17,Female,Low,Postgraduate,Single Parent,Yes,3.8,Low,2,86,4,No,64,9,41,46,17.0,11,9,Auditory,2,7,2,Low,0
S1448,17,Male,Low,Graduate,Nuclear,Yes,3.76,Low,4,112,6,No,96,1,73,47,19.4,25,10,Visual,3,10,2,Low,0
S1449,20,Female,High,Primary,Joint,No,3.78,Medium,5,110,3,Yes,98,1,36,50,9.9,19,7,Visual,3,1,3,Medium,0
S1450,23,Male,Low,Postgraduate,Joint,No,1.79,High,0,75,5,Yes,87,6,40,42,19.7,20,5,Auditory,4,7,1,High,1
S1451,24,Male,Medium,Secondary,Guardian,Yes,3.42,Low,3,113,6,Yes,59,1,90,27,15.2,28,6,Visual,4,8,0,Medium,0
S1452,24,Female,Low,Postgraduate,Nuclear,No,3.34,High,0,38,7,Yes,62,8,47,99,13.2,5,7,Kinesthetic,1,1,0,High,0
S1453,18,Female,Medium,Secondary,Single Parent,No,2.19,Low,3,77,7,No,73,0,40,34,14.6,26,2,Mixed,2,1,3,High,0
S1454,23,Male,High,None,Nuclear,No,3.93,Low,2,108,4,No,75,1,60,75,10.6,12,7,Kinesthetic,5,2,0,High,0
S1455,22,Female,High,Secondary,Nuclear,No,2.44,Medium,5,77,6,No,99,7,87,30,16.5,19,1,Auditory,2,7,3,Medium,0
S1456,18,Male,Medium,Graduate,Nuclear,No,2.55,Medium,3,62,7,No,99,0,81,23,4.2,19,8,Mixed,4,8,5,Medium,0
S1457,20,Female,Medium,Secondary,Nuclear,No,3.13,Medium,1,79,4,No,74,2,65,58,9.2,11,2,Mixed,2,3,1,High,0
S1458,25,Other,High,Secondary,Single Parent,No,3.55,Medium,1,47,3,Yes,96,0,93,24,18.9,10,7,Kinesthetic,1,7,0,Low,0
S1459,23,Female,Medium,Graduate,Joint,Yes,3.07,Low,5,76,6,No,54,4,96,84,14.6,13,6,Auditory,5,5,5,Medium,0
S1460,25,Male,Low,Primary,Single Parent,No,3.7,Low,2,40,6,No,70,9,99,60,13.6,20,2,Mixed,4,10,4,Medium,0
S1461,21,Female,Medium,Graduate,Joint,No,3.16,Low,5,64,6,Yes,94,4,79,81,13.2,21,2,Mixed,3,7,4,Low,0
S1462,18,Male,High,Secondary,Nuclear,No,2.61,Medium,3,114,6,No,88,8,88,21,18.6,8,9,Kinesthetic,5,6,1,Medium,0
S1463,24,Female,Medium,None,Nuclear,No,2.92,Low,4,118,5,No,78,1,74,35,7.5,27,4,Kinesthetic,3,4,5,Medium,0
S1464,24,Female,Low,Postgraduate,Single Parent,Yes,2.09,High,2,87,7,Yes,41,5,80,21,4.9,4,9,Visual,3,1,4,Medium,0
S1465,25,Female,Medium,Primary,Nuclear,Yes,3.54,Medium,5,77,4,No,97,2,30,80,14.4,22,1,Auditory,4,1,4,High,0
S1466,23,Male,Low,Postgraduate,Nuclear,No,2.93,Low,0,84,3,No,42,10,54,42,3.0,23,6,Visual,5,8,3,Low,0
S1467,19,Female,High,Postgraduate,Nuclear,No,1.78,Low,2,44,6,Yes,93,1,66,85,14.3,7,10,Kinesthetic,4,7,2,Low,0
S1468,21,Male,Medium,Graduate,Nuclear,No,2.77,Low,4,72,6,No,72,3,69,45,5.0,29,10,Visual,5,6,0,Medium,0
S1469,17,Male,Medium,Primary,Nuclear,No,3.73,Low,3,60,5,Yes,46,4,68,67,11.0,14,3,Visual,2,4,4,Low,1
S1470,18,Female,High,None,Nuclear,No,2.32,Medium,1,93,3,No,60,8,53,65,6.9,1,1,Mixed,3,6,2,Low,0
S1471,24,Male,Low,Secondary,Nuclear,No,2.51,Medium,2,112,3,No,64,8,93,100,9.0,26,9,Auditory,1,6,2,Medium,0
S1472,24,Male,Medium,Secondary,Nuclear,Yes,3.84,High,4,72,7,Yes,74,10,91,99,13.3,23,8,Mixed,4,7,1,Low,0
S1473,20,Male,Medium,Secondary,Joint,No,3.95,Low,2,92,5,No,42,9,61,34,2.9,23,9,Kinesthetic,1,8,1,High,1
S1474,23,Male,Low,Graduate,Nuclear,No,2.91,Low,1,103,6,No,57,6,70,62,4.9,8,1,Kinesthetic,3,2,0,Low,1
S1475,24,Male,Medium,Primary,Nuclear,No,2.17,High,0,49,3,Yes,49,4,38,36,16.3,20,9,Kinesthetic,1,10,0,Low,0
S1476,18,Female,Medium,Primary,Guardian,No,3.89,Low,4,39,7,Yes,71,5,48,85,16.5,9,3,Auditory,5,10,4,Low,0
S1477,24,Female,Low,Postgraduate,Joint,Yes,2.16,Low,1,32,3,No,95,9,66,70,17.9,3,3,Visual,1,9,2,Low,0
S1478,22,Male,Low,Secondary,Single Parent,Yes,3.52,Low,0,27,7,No,47,5,63,20,18.1,1,6,Kinesthetic,1,1,5,Medium,0
S1479,20,Male,Medium,Graduate,Single Parent,No,3.99,High,3,44,3,No,80,6,33,66,7.0,9,4,Visual,2,10,5,High,0
S1480,20,Male,High,Secondary,Nuclear,No,1.61,Medium,0,109,4,Yes,97,10,86,84,6.7,28,8,Mixed,3,3,4,Medium,0
S1481,21,Male,Medium,Postgraduate,Single Parent,Yes,3.89,High,2,119,3,Yes,78,3,62,36,8.4,20,5,Auditory,3,1,3,Medium,0
S1482,23,Male,Medium,Secondary,Nuclear,No,3.81,Medium,1,99,7,No,89,6,51,33,7.7,28,9,Visual,5,5,2,Medium,0
S1483,19,Female,Low,Primary,Joint,No,1.57,High,2,113,7,Yes,66,4,72,40,12.3,2,1,Mixed,1,6,0,Medium,1
S1484,21,Male,Medium,Graduate,Joint,No,1.52,Medium,2,91,6,No,43,4,66,79,2.8,8,10,Kinesthetic,4,8,5,Medium,1
S1485,23,Female,Medium,Secondary,Joint,Yes,3.85,High,5,26,7,No,55,8,86,29,6.4,25,10,Visual,5,0,0,Medium,0
S1486,19,Male,High,Secondary,Nuclear,No,3.73,Low,4,54,3,No,78,7,40,81,9.6,8,7,Visual,1,9,4,Medium,0
S1487,20,Female,High,Graduate,Nuclear,No,3.71,High,3,32,7,Yes,82,9,90,53,18.3,20,2,Mixed,1,4,5,Low,0
S1488,18,Male,Medium,Graduate,Joint,Yes,2.76,High,5,24,7,No,93,2,33,64,15.6,6,9,Visual,5,9,4,Medium,0
S1489,25,Male,Medium,Postgraduate,Nuclear,No,1.68,Medium,3,94,6,No,56,8,61,79,19.4,2,4,Visual,3,9,3,Medium,1
S1490,23,Male,Low,Secondary,Single Parent,No,3.63,Low,5,64,6,No,65,6,67,59,17.3,9,6,Mixed,1,1,4,Low,0
S1491,20,Male,Low,Graduate,Nuclear,No,3.31,Medium,4,43,3,Yes,54,8,91,49,10.2,7,1,Visual,2,1,2,Low,1
S1492,19,Male,Medium,Secondary,Nuclear,No,1.56,Medium,4,114,5,No,57,0,46,94,3.4,7,10,Auditory,3,6,2,Medium,1
S1493,24,Female,Medium,Primary,Single Parent,Yes,1.84,Low,0,24,3,No,44,2,34,48,16.9,5,5,Visual,3,3,2,Low,1
S1494,21,Female,Medium,Primary,Nuclear,No,1.66,Medium,3,27,6,Yes,44,3,52,47,14.6,5,3,Kinesthetic,2,9,2,Low,1
S1495,23,Female,Low,Secondary,Nuclear,No,1.88,High,3,109,4,No,44,4,91,26,10.1,19,4,Mixed,1,2,3,Medium,1
S1496,20,Female,High,Graduate,Single Parent,No,3.51,Medium,1,114,3,Yes,46,4,40,79,7.6,4,1,Visual,4,9,1,High,1
S1497,19,Male,High,Graduate,Joint,No,3.33,Low,2,26,5,No,50,5,71,53,16.1,14,5,Visual,3,3,2,Medium,0
S1498,21,Male,Medium,Primary,Nuclear,No,1.91,Medium,1,41,3,No,50,0,92,96,12.3,23,10,Kinesthetic,3,3,1,Medium,1
S1499,21,Male,High,Primary,Guardian,No,3.37,High,0,118,6,Yes,49,7,79,55,12.4,12,4,Visual,4,4,3,Medium,0
S1500,24,Male,Medium,Graduate,Nuclear,Yes,3.08,Low,1,97,7,No,93,9,43,91,19.8,26,6,Auditory,1,8,3,Low,0
S1501,19,Male,Medium,None,Nuclear,No,2.03,Low,3,59,4,Yes,68,10,34,23,18.1,7,2,Auditory,2,6,5,High,0
S1502,22,Male,High,Graduate,Nuclear,Yes,3.55,High,0,87,6,No,79,7,32,98,13.1,19,7,Auditory,4,3,3,Medium,0
S1503,21,Male,Low,Graduate,Nuclear,No,2.23,High,5,20,4,No,85,6,37,58,9.7,5,1,Visual,2,3,4,Low,0
S1504,19,Male,Low,Graduate,Joint,No,2.16,High,0,63,4,No,40,0,41,24,19.5,6,10,Visual,5,10,2,Medium,0
S1505,18,Female,Medium,Secondary,Joint,No,2.6,Medium,2,29,5,No,78,4,52,73,19.6,21,10,Visual,1,7,5,High,0
S1506,24,Male,Low,Primary,Nuclear,No,3.86,Low,1,38,5,Yes,85,0,70,20,17.0,25,6,Mixed,5,1,1,Medium,0
S1507,18,Male,Low,Postgraduate,Nuclear,No,1.81,Medium,4,70,3,No,66,10,30,44,10.3,6,3,Kinesthetic,3,4,0,Medium,1
S1508,19,Female,Medium,Graduate,Joint,No,3.7,High,0,31,5,No,64,0,71,42,17.6,13,6,Visual,4,9,3,Medium,0
S1509,19,Male,Low,Graduate,Joint,No,2.12,High,5,94,4,No,68,0,43,58,3.9,11,2,Auditory,2,8,0,Low,0
S1510,19,Other,Low,Graduate,Single Parent,Yes,2.44,Medium,5,24,6,No,41,3,57,25,17.4,4,8,Visual,5,1,1,High,1
S1511,24,Male,Low,Primary,Nuclear,No,2.27,Medium,0,94,7,No,70,7,46,100,5.8,5,4,Auditory,1,1,2,High,0
S1512,23,Male,Low,None,Nuclear,No,3.76,Low,5,105,4,No,85,7,92,32,1.7,19,10,Visual,5,8,2,Medium,0
S1513,20,Male,Medium,Secondary,Single Parent,Yes,2.14,Medium,2,75,6,No,42,8,99,92,19.0,13,10,Mixed,5,10,3,High,1
S1514,20,Female,High,None,Nuclear,Yes,1.59,High,3,71,5,Yes,46,5,42,36,16.5,18,8,Mixed,4,0,3,Medium,1
S1515,21,Male,Medium,Graduate,Nuclear,Yes,2.33,High,5,76,5,Yes,80,3,45,37,6.7,17,8,Kinesthetic,1,1,0,Medium,0
S1516,17,Female,Low,Postgraduate,Nuclear,No,2.16,Medium,0,50,4,No,67,3,87,41,2.1,2,4,Auditory,4,8,3,Medium,0
S1517,17,Female,Medium,Secondary,Nuclear,No,2.83,Medium,1,84,3,Yes,74,0,66,98,1.8,24,2,Kinesthetic,2,10,4,High,0
S1518,20,Female,Medium,Graduate,Joint,No,2.88,Medium,0,75,7,Yes,56,5,78,60,19.6,20,3,Visual,3,7,5,Low,1
S1519,24,Female,Medium,Primary,Nuclear,Yes,3.61,Medium,2,92,7,Yes,57,0,52,57,4.5,28,10,Auditory,2,7,5,High,1
S1520,18,Female,Medium,Primary,Guardian,No,2.02,Medium,5,68,7,Yes,67,0,72,25,17.0,15,1,Visual,2,2,1,High,0
S1521,19,Female,High,Secondary,Nuclear,No,3.22,Low,0,28,3,No,88,5,87,72,5.0,19,1,Kinesthetic,5,7,3,Medium,0
S1522,20,Male,Medium,Postgraduate,Joint,Yes,2.89,Medium,0,108,5,No,93,6,65,80,17.6,5,9,Mixed,4,10,3,High,0
S1523,23,Female,High,Postgraduate,Single Parent,No,2.05,Medium,1,69,7,No,98,5,63,41,14.9,14,9,Mixed,4,6,0,Low,0
S1524,21,Male,Low,Postgraduate,Guardian,No,3.38,Medium,0,70,4,No,46,0,100,41,1.3,9,8,Mixed,4,5,4,Low,0
S1525,20,Female,Low,Graduate,Single Parent,Yes,3.16,Low,1,81,7,No,41,6,95,44,18.0,26,9,Visual,3,0,0,Medium,0
S1526,19,Female,Low,Graduate,Nuclear,Yes,3.37,Low,3,76,7,No,81,10,62,32,18.4,6,10,Mixed,1,1,5,High,0
S1527,20,Male,Medium,Primary,Nuclear,No,2.02,Medium,2,52,3,No,79,7,63,35,2.4,28,4,Mixed,4,0,1,Medium,0
S1528,22,Female,Low,Secondary,Joint,No,2.98,Low,5,68,7,No,78,10,37,29,7.0,20,4,Mixed,3,2,0,Medium,0
S1529,23,Male,Medium,Secondary,Joint,Yes,3.96,Medium,0,68,4,No,54,9,44,24,15.8,26,3,Visual,4,1,2,Low,1
S1530,25,Male,Medium,Secondary,Single Parent,Yes,3.18,Medium,0,40,7,Yes,87,3,35,80,16.5,18,7,Mixed,4,4,2,Medium,0
S1531,23,Female,Medium,Secondary,Nuclear,No,3.21,Medium,0,57,3,No,48,8,99,49,12.2,6,3,Visual,3,1,2,High,1
S1532,24,Female,Low,Graduate,Nuclear,No,2.66,Low,0,39,5,No,51,9,30,61,5.5,18,7,Auditory,5,6,2,Medium,0
S1533,24,Female,Low,Secondary,Single Parent,Yes,1.85,Low,1,34,5,Yes,97,1,38,33,5.4,21,7,Visual,5,0,2,Low,0
S1534,19,Male,Medium,Secondary,Nuclear,No,2.48,High,3,75,4,No,78,9,36,57,5.9,12,1,Auditory,1,7,2,Low,0
S1535,25,Male,Medium,None,Nuclear,No,3.32,Low,0,76,6,No,54,10,33,59,3.7,29,2,Mixed,4,7,0,Medium,1
S1536,18,Male,Medium,Primary,Single Parent,No,2.34,Low,4,21,5,Yes,74,0,65,29,7.8,5,6,Kinesthetic,5,7,1,Low,0
S1537,20,Male,Medium,Primary,Nuclear,No,3.22,Medium,4,71,5,No,96,10,52,22,10.0,13,9,Visual,4,0,3,Medium,0
S1538,23,Other,Low,Primary,Nuclear,No,1.51,High,4,76,3,Yes,51,5,48,91,15.8,20,10,Mixed,2,4,1,Medium,1
S1539,23,Female,Low,Primary,Nuclear,No,2.44,Low,2,62,3,No,67,8,84,46,7.6,18,3,Kinesthetic,3,5,1,Low,0
S1540,25,Male,Low,None,Guardian,Yes,1.74,Medium,4,106,7,No,69,10,71,33,2.0,28,10,Kinesthetic,3,7,5,High,1
S1541,18,Male,Medium,Postgraduate,Nuclear,No,3.63,Low,5,67,7,No,85,2,66,38,16.7,17,9,Mixed,3,5,4,Low,0
S1542,24,Female,Low,Graduate,Nuclear,No,3.38,Low,2,23,7,Yes,44,5,72,57,14.6,7,1,Visual,3,8,0,Low,1
S1543,18,Male,Low,Graduate,Single Parent,No,1.63,Medium,3,89,4,No,89,1,97,38,18.1,9,2,Visual,3,1,0,Low,1
S1544,22,Female,Medium,Primary,Nuclear,No,3.67,Medium,0,74,7,No,73,7,68,31,12.2,18,3,Auditory,4,2,3,Medium,0
S1545,25,Female,Low,Graduate,Nuclear,No,3.79,Medium,2,53,4,No,77,10,78,23,19.1,13,1,Visual,4,7,2,Medium,0
S1546,23,Male,Medium,Graduate,Nuclear,Yes,2.78,Medium,2,106,3,No,68,7,33,64,6.0,23,6,Mixed,3,8,0,Medium,0
S1547,24,Female,Medium,Graduate,Single Parent,No,3.14,Medium,3,81,3,Yes,58,9,100,97,7.2,20,4,Kinesthetic,2,3,3,High,1
S1548,20,Female,Low,Primary,Joint,No,2.19,High,1,63,3,Yes,78,1,77,37,15.4,2,6,Auditory,1,10,2,Medium,0
S1549,23,Male,Medium,None,Joint,Yes,3.31,Low,4,80,4,No,61,3,85,41,12.6,16,4,Kinesthetic,1,6,0,High,0
S1550,17,Female,High,Primary,Nuclear,No,3.33,High,4,52,6,No,86,7,92,32,8.2,6,5,Auditory,2,1,4,Medium,0
S1551,17,Female,Low,Postgraduate,Joint,No,3.66,Medium,2,76,7,No,62,7,83,52,14.8,14,3,Visual,2,3,5,Low,0
S1552,20,Male,Medium,Secondary,Single Parent,No,3.52,Medium,2,93,7,No,82,1,61,59,15.9,7,9,Mixed,1,0,3,Low,0
S1553,18,Male,Medium,Primary,Single Parent,Yes,3.23,Low,3,105,6,Yes,42,5,56,29,7.2,5,2,Visual,5,4,4,Medium,1
S1554,18,Male,Medium,Graduate,Single Parent,No,2.96,Medium,4,60,6,No,51,3,99,82,8.3,15,10,Visual,5,1,0,Low,0
S1555,25,Male,Medium,Primary,Joint,No,2.56,Medium,5,50,7,No,42,3,41,78,3.9,20,6,Mixed,5,0,4,Medium,0
S1556,20,Female,Medium,Secondary,Nuclear,No,2.46,Low,4,112,5,No,53,3,33,22,12.8,25,3,Visual,4,9,3,Low,1
S1557,20,Female,Medium,Secondary,Nuclear,No,1.65,Medium,5,83,4,Yes,79,9,39,70,11.2,10,6,Auditory,3,0,4,Medium,0
S1558,25,Male,Low,Secondary,Nuclear,No,3.75,Low,4,27,6,No,69,2,69,91,20.0,22,8,Visual,1,0,4,High,0
S1559,19,Female,High,None,Nuclear,No,2.6,High,1,58,4,No,43,5,40,88,18.5,19,8,Visual,1,4,5,Medium,0
S1560,18,Male,Medium,Graduate,Nuclear,Yes,2.9,Medium,4,100,5,Yes,52,4,45,51,16.4,3,2,Visual,5,10,0,High,1
S1561,17,Female,Low,Secondary,Guardian,Yes,3.45,Medium,4,118,4,No,86,9,79,31,6.9,14,1,Auditory,2,10,5,Low,0
S1562,24,Female,High,Graduate,Nuclear,No,2.34,High,5,102,5,No,89,5,75,73,14.3,26,4,Visual,2,4,4,Low,0
S1563,24,Male,Low,None,Nuclear,No,2.76,Medium,0,54,7,No,82,2,38,47,4.2,2,10,Auditory,4,10,3,Low,0
S1564,22,Male,Low,Secondary,Joint,No,1.55,Medium,0,37,4,No,65,1,37,56,17.1,24,8,Auditory,4,7,5,Low,0
S1565,23,Female,Medium,None,Joint,Yes,3.59,High,2,50,7,No,91,1,53,39,10.5,13,2,Visual,1,3,2,Medium,0
S1566,18,Male,Low,Secondary,Nuclear,No,1.6,Low,2,24,7,No,64,2,60,25,16.8,22,6,Visual,2,7,1,High,1
S1567,21,Male,Medium,Postgraduate,Joint,No,1.58,Medium,3,57,4,Yes,62,1,74,40,17.3,20,10,Kinesthetic,1,4,1,Low,0
S1568,25,Female,Low,Primary,Nuclear,No,1.64,Medium,0,55,6,No,70,8,97,89,14.3,7,3,Auditory,5,1,1,Low,1
S1569,17,Male,Medium,Graduate,Nuclear,Yes,3.1,Medium,4,86,7,Yes,46,7,40,73,6.5,21,9,Mixed,4,2,2,Low,0
S1570,22,Male,Low,Primary,Guardian,No,2.8,Medium,1,79,5,No,74,3,50,95,1.8,10,9,Auditory,4,9,2,Medium,0
S1571,21,Male,Low,Graduate,Joint,No,3.07,High,0,70,5,Yes,53,3,79,82,6.3,9,2,Visual,2,5,4,Medium,1
S1572,19,Male,Medium,Graduate,Single Parent,No,3.04,Low,1,76,5,Yes,61,7,54,59,7.4,18,3,Kinesthetic,5,7,1,High,0
S1573,19,Female,Medium,Postgraduate,Nuclear,No,3.73,Medium,0,53,7,No,96,4,32,75,2.2,8,2,Mixed,2,6,1,Low,0
S1574,21,Male,Medium,Primary,Joint,Yes,3.8,Medium,5,101,5,No,52,1,63,70,11.7,5,2,Auditory,4,10,1,Low,1
S1575,25,Male,Medium,Primary,Nuclear,Yes,1.9,High,0,103,3,No,69,0,69,34,10.0,10,2,Auditory,4,3,3,Low,1
S1576,20,Female,Low,Primary,Single Parent,No,3.74,Low,4,22,6,No,95,0,91,20,9.2,13,4,Kinesthetic,4,3,4,Medium,0
S1577,20,Other,Low,Secondary,Single Parent,No,2.14,Medium,4,23,3,Yes,72,0,71,57,18.9,7,1,Visual,1,2,0,Medium,0
S1578,25,Male,Low,Postgraduate,Single Parent,Yes,3.52,Low,4,69,3,Yes,78,6,80,70,11.5,6,5,Visual,5,0,5,Medium,0
S1579,25,Male,Medium,Postgraduate,Joint,No,3.26,Low,2,108,6,Yes,55,10,53,33,3.0,2,5,Kinesthetic,2,4,3,Low,0
S1580,20,Male,High,Graduate,Nuclear,Yes,2.18,Low,2,59,6,Yes,58,6,76,61,3.7,16,1,Auditory,2,3,4,Low,1
S1581,22,Female,Medium,Primary,Single Parent,Yes,2.94,Medium,2,34,5,No,69,0,37,54,4.1,17,8,Kinesthetic,1,8,5,Low,0
S1582,25,Male,Medium,Secondary,Nuclear,Yes,3.51,High,5,61,6,No,80,0,76,29,14.1,24,9,Auditory,2,8,3,Medium,0
S1583,21,Female,Medium,Postgraduate,Nuclear,No,2.69,Medium,0,56,7,No,42,5,91,35,9.7,27,8,Mixed,1,6,1,Medium,0
S1584,19,Male,Low,Graduate,Joint,No,3.81,Low,3,83,3,No,82,3,70,45,6.9,8,9,Visual,5,9,2,High,0
S1585,19,Female,Medium,Secondary,Nuclear,No,3.55,Medium,4,101,3,No,42,1,93,48,1.6,5,3,Auditory,4,9,1,Low,1
S1586,20,Female,High,Graduate,Nuclear,No,2.04,Medium,0,64,3,No,64,10,49,77,18.5,24,2,Kinesthetic,2,5,4,Medium,0
S1587,18,Male,Medium,Graduate,Nuclear,Yes,1.53,Medium,4,25,4,Yes,78,4,68,100,16.6,3,9,Visual,2,0,3,Medium,0
S1588,23,Male,Medium,Secondary,Nuclear,No,2.88,High,2,39,3,No,47,0,75,92,2.5,4,8,Visual,4,0,4,Medium,0
S1589,19,Male,Medium,Primary,Joint,No,3.89,Medium,0,85,7,No,52,5,34,47,2.9,23,8,Auditory,2,6,3,Low,0
S1590,18,Female,Low,Graduate,Joint,Yes,3.62,Low,3,31,5,Yes,73,4,50,94,14.9,15,7,Kinesthetic,2,8,4,Medium,0
S1591,23,Male,Low,Primary,Single Parent,Yes,1.7,High,4,78,3,No,57,8,80,83,18.3,11,2,Visual,1,5,5,Medium,1
S1592,19,Female,Low,Secondary,Single Parent,No,1.85,Low,0,82,3,No,67,6,76,22,12.1,9,6,Kinesthetic,2,2,3,High,1
S1593,25,Female,Medium,Secondary,Joint,Yes,2.7,Medium,3,69,4,No,93,5,53,64,11.0,21,1,Visual,2,4,2,Low,0
S1594,22,Male,High,Postgraduate,Nuclear,Yes,3.9,High,2,119,5,Yes,41,8,83,29,1.7,15,7,Auditory,4,1,1,Medium,0
S1595,20,Female,Low,None,Single Parent,No,2.89,High,5,83,7,Yes,63,4,100,83,14.0,23,10,Visual,2,3,0,Medium,0
S1596,25,Male,Medium,Postgraduate,Single Parent,No,3.26,High,5,63,6,Yes,55,10,57,25,9.7,19,8,Kinesthetic,4,10,4,Medium,0
S1597,25,Female,Medium,Secondary,Nuclear,No,2.16,Low,4,118,6,No,87,9,64,84,9.4,9,5,Auditory,3,6,4,Low,0
S1598,17,Male,Low,Postgraduate,Single Parent,Yes,3.42,Low,0,85,5,No,98,5,42,67,8.8,16,8,Visual,1,3,3,Medium,0
S1599,19,Female,Medium,Secondary,Joint,No,3.63,Medium,0,22,3,No,93,4,46,23,9.0,28,1,Mixed,4,5,2,Medium,0
S1600,17,Male,Medium,Graduate,Single Parent,Yes,3.07,Medium,3,66,5,No,45,8,77,41,8.2,9,1,Mixed,1,8,1,High,1
S1601,19,Male,Medium,Secondary,Joint,No,1.52,Medium,1,50,5,No,75,10,97,59,15.9,18,3,Auditory,1,5,2,High,1
S1602,25,Female,Medium,Secondary,Nuclear,No,3.99,Low,4,33,3,No,92,7,49,29,13.7,23,9,Visual,5,6,0,High,0
S1603,24,Female,Medium,Secondary,Nuclear,No,3.3,High,3,35,3,No,60,0,88,89,3.3,10,7,Kinesthetic,5,9,0,High,0
S1604,23,Male,Low,Secondary,Nuclear,No,1.85,Medium,2,59,6,No,84,4,78,84,9.2,2,8,Kinesthetic,2,6,0,High,1
S1605,23,Female,Low,None,Joint,No,1.94,Medium,5,50,5,No,47,1,37,80,14.2,26,7,Mixed,4,5,0,Medium,1
S1606,25,Female,High,Graduate,Nuclear,No,3.65,Medium,4,81,3,No,88,2,84,95,16.9,17,5,Visual,5,0,3,Medium,0
S1607,20,Female,Medium,None,Nuclear,No,2.51,Medium,0,30,6,No,92,7,49,94,6.6,20,3,Kinesthetic,4,9,4,Low,0
S1608,21,Male,Medium,Primary,Nuclear,Yes,2.14,Medium,4,78,3,No,80,0,100,25,6.3,4,3,Mixed,2,9,0,Medium,0
S1609,25,Female,Low,Graduate,Nuclear,Yes,3.52,Medium,5,28,6,Yes,59,3,57,69,16.3,15,5,Mixed,1,5,1,Medium,0
S1610,23,Male,Low,Postgraduate,Joint,Yes,3.2,Medium,3,78,6,No,77,9,89,35,19.5,7,8,Visual,1,5,4,Medium,0
S1611,19,Male,Medium,None,Joint,No,3.24,Medium,5,108,5,No,94,8,75,52,11.0,27,3,Mixed,3,9,5,High,0
S1612,17,Male,Medium,Postgraduate,Joint,Yes,2.05,High,3,116,7,No,46,1,76,75,12.1,7,8,Auditory,3,8,2,Medium,0
S1613,18,Male,Medium,Graduate,Nuclear,No,1.75,Medium,5,87,7,No,89,10,80,58,19.9,15,3,Visual,2,2,4,High,1
S1614,19,Female,Medium,Primary,Nuclear,Yes,2.24,Medium,5,47,4,No,58,1,44,42,13.0,16,9,Visual,2,5,4,Medium,0
S1615,24,Female,Medium,Graduate,Nuclear,No,2.73,Medium,4,110,7,No,69,3,98,58,19.9,6,3,Kinesthetic,4,4,0,Medium,0
S1616,21,Female,Low,None,Nuclear,No,1.94,Medium,1,50,6,Yes,63,4,46,39,3.1,23,1,Kinesthetic,1,5,5,High,1
S1617,18,Female,Medium,None,Nuclear,No,1.97,Medium,5,52,7,No,55,6,68,83,17.1,25,1,Auditory,4,5,1,Medium,1
S1618,25,Female,Low,Secondary,Nuclear,No,3.05,Medium,1,72,6,No,81,2,80,74,5.7,12,7,Visual,4,2,1,Medium,0
S1619,23,Female,Low,Graduate,Single Parent,No,2.64,High,0,60,5,Yes,93,8,76,81,3.2,16,9,Mixed,5,2,5,High,0
S1620,20,Male,High,Postgraduate,Nuclear,No,3.66,Medium,1,111,4,No,87,5,88,71,1.6,22,7,Auditory,1,0,2,High,0
S1621,22,Male,Medium,None,Nuclear,Yes,3.13,Medium,1,55,6,No,43,7,82,91,3.6,23,7,Auditory,4,9,3,Medium,0
S1622,25,Male,Low,Graduate,Nuclear,No,1.57,Medium,5,89,4,Yes,61,5,70,46,3.4,8,7,Auditory,4,3,0,High,1
S1623,17,Male,Low,Primary,Nuclear,No,3.0,Low,3,91,6,No,47,6,95,61,18.1,19,5,Auditory,5,4,2,Medium,0
S1624,24,Male,Low,Graduate,Nuclear,No,1.84,Medium,1,31,3,Yes,72,9,46,86,10.2,11,6,Visual,5,8,0,Medium,0
S1625,20,Female,Medium,Graduate,Joint,No,3.99,Medium,1,47,5,No,55,4,36,78,18.9,26,6,Auditory,3,5,3,Low,0
S1626,24,Male,High,Secondary,Single Parent,Yes,2.0,Medium,5,112,5,No,55,0,92,42,9.2,3,3,Visual,1,0,3,Low,1
S1627,24,Male,Medium,Primary,Joint,Yes,3.32,High,3,77,4,No,94,3,95,67,6.0,22,9,Kinesthetic,3,7,4,Low,0
S1628,17,Male,Low,Postgraduate,Joint,Yes,2.71,Low,5,29,5,No,87,6,73,48,13.0,14,6,Kinesthetic,1,8,2,Low,0
S1629,25,Male,Low,Postgraduate,Nuclear,No,2.47,Medium,0,58,7,Yes,64,7,45,62,10.1,7,6,Mixed,1,2,3,Low,0
S1630,21,Male,Low,Graduate,Nuclear,No,2.32,High,3,97,7,No,48,4,76,70,10.5,1,7,Mixed,1,7,4,Medium,0
S1631,18,Male,Medium,Primary,Joint,No,2.05,High,0,102,5,Yes,62,5,42,22,17.4,3,7,Visual,3,1,5,Medium,0
S1632,23,Female,Low,Graduate,Nuclear,No,3.1,Medium,5,101,3,No,69,8,49,93,15.0,14,10,Mixed,2,8,2,Medium,0
S1633,23,Male,Medium,Secondary,Joint,Yes,2.6,Medium,2,40,4,No,51,0,54,48,1.9,13,2,Mixed,5,3,1,High,1
S1634,22,Female,High,Primary,Nuclear,No,2.23,High,3,68,7,No,97,2,31,51,10.0,16,4,Auditory,1,5,2,High,0
S1635,21,Male,Medium,Primary,Nuclear,Yes,1.87,Medium,0,88,5,No,53,1,55,98,6.2,20,8,Visual,1,8,3,High,1
S1636,20,Male,Medium,Graduate,Single Parent,No,2.07,High,1,73,4,Yes,89,7,63,94,4.1,11,3,Visual,4,0,1,Medium,0
S1637,21,Female,Medium,Primary,Joint,Yes,1.89,Medium,4,78,5,No,99,6,94,76,19.1,3,3,Auditory,1,5,3,Medium,1
S1638,24,Female,Low,None,Guardian,No,1.73,High,1,82,4,Yes,72,1,59,81,4.6,12,7,Kinesthetic,2,5,1,Low,0
S1639,19,Female,Low,Secondary,Single Parent,No,3.83,Low,3,43,5,No,45,6,31,54,7.6,9,7,Kinesthetic,2,9,0,Medium,0
S1640,24,Female,Medium,Primary,Single Parent,No,2.5,High,5,52,4,No,42,6,86,37,17.7,10,7,Mixed,1,3,3,Medium,0
S1641,21,Male,Low,None,Nuclear,Yes,3.8,Low,3,78,3,No,89,10,46,29,6.6,26,4,Visual,1,4,2,High,0
S1642,20,Female,Low,Graduate,Nuclear,No,3.32,Medium,5,44,6,Yes,57,10,74,23,16.1,20,3,Visual,3,0,3,Medium,1
S1643,20,Male,Medium,Secondary,Nuclear,Yes,1.97,Low,5,66,3,No,95,4,65,28,9.8,9,3,Mixed,4,3,5,Low,1
S1644,21,Male,High,Graduate,Nuclear,No,1.57,Medium,0,84,6,No,69,6,35,68,18.7,10,4,Kinesthetic,5,2,5,High,1
S1645,23,Female,Medium,Secondary,Nuclear,No,3.39,Medium,0,117,3,No,69,7,61,51,3.7,16,5,Auditory,3,7,1,Medium,0
S1646,19,Female,Medium,Graduate,Nuclear,Yes,2.76,Medium,2,46,3,Yes,87,0,97,86,9.8,2,4,Mixed,5,2,3,Medium,0
S1647,17,Male,Medium,None,Joint,Yes,3.62,Medium,0,44,3,Yes,77,6,42,86,6.5,19,8,Visual,5,5,4,Medium,0
S1648,21,Female,Medium,Secondary,Nuclear,Yes,2.35,Low,0,56,4,No,83,4,74,88,5.4,18,1,Auditory,1,8,0,Medium,0
S1649,25,Other,Medium,Primary,Joint,Yes,1.6,Low,2,101,6,No,58,10,32,86,9.1,5,3,Mixed,5,4,0,Medium,1
S1650,20,Female,Medium,Postgraduate,Nuclear,No,3.76,Medium,4,106,6,No,71,9,60,47,13.7,6,7,Visual,4,5,2,Low,0
S1651,25,Female,Low,Graduate,Nuclear,Yes,3.95,Low,1,58,6,No,55,0,64,43,18.0,4,10,Kinesthetic,5,9,0,Medium,0
S1652,22,Male,Low,Graduate,Joint,No,2.68,Medium,0,75,6,No,77,3,98,54,11.7,17,1,Auditory,5,7,3,High,0
S1653,18,Female,Medium,Primary,Single Parent,No,2.78,Medium,3,83,3,Yes,67,9,36,33,3.7,3,9,Visual,2,0,0,Low,0
S1654,25,Male,Medium,Secondary,Single Parent,No,2.49,Medium,0,79,7,No,59,2,96,56,8.2,2,3,Auditory,1,6,2,Medium,1
S1655,18,Female,Low,Secondary,Nuclear,Yes,2.32,High,1,51,7,No,94,5,53,34,2.7,6,10,Kinesthetic,5,7,5,Low,0
S1656,22,Female,Medium,Graduate,Nuclear,No,1.81,Medium,5,89,5,No,54,6,42,45,18.4,21,10,Auditory,5,2,5,Medium,1
S1657,21,Male,Medium,Postgraduate,Joint,Yes,3.7,Low,1,93,7,No,83,0,34,84,4.4,5,10,Mixed,3,0,2,Low,0
S1658,25,Male,Medium,Secondary,Joint,No,1.67,Medium,4,93,7,Yes,53,5,63,79,3.3,9,2,Kinesthetic,1,1,3,High,1
S1659,25,Male,Medium,Secondary,Nuclear,No,3.67,Medium,0,28,7,Yes,83,7,93,52,6.5,17,8,Kinesthetic,5,5,1,Low,0
S1660,25,Female,Low,Secondary,Nuclear,Yes,1.73,Medium,1,27,3,Yes,76,7,65,71,5.3,29,9,Visual,5,8,2,Medium,0
S1661,17,Other,Low,Secondary,Nuclear,Yes,2.98,Medium,2,53,5,No,64,4,80,28,11.6,26,10,Mixed,1,3,3,Low,0
S1662,17,Female,Medium,Graduate,Single Parent,No,1.7,Low,2,43,7,No,96,0,66,50,10.6,14,7,Mixed,1,6,2,Low,0
S1663,20,Female,Low,Secondary,Nuclear,No,3.2,Medium,1,115,6,No,82,0,76,24,11.0,16,6,Auditory,5,2,1,Low,0
S1664,24,Female,High,Secondary,Nuclear,No,3.3,Medium,5,30,6,No,46,4,90,53,2.2,28,2,Auditory,1,5,0,Medium,1
S1665,17,Male,High,Primary,Joint,No,1.74,Medium,0,36,3,No,50,1,98,21,8.1,28,3,Visual,2,8,4,High,1
S1666,23,Female,Medium,Graduate,Single Parent,No,3.7,Medium,1,27,6,Yes,86,3,72,52,18.7,13,6,Kinesthetic,4,2,5,Medium,0
S1667,23,Female,Low,Postgraduate,Single Parent,Yes,1.93,Medium,0,104,3,No,56,8,91,66,14.2,26,4,Auditory,2,2,0,Medium,1
S1668,22,Female,Low,Secondary,Nuclear,Yes,2.27,Medium,2,73,5,No,45,2,67,86,6.5,19,5,Kinesthetic,2,0,1,Low,0
S1669,20,Male,Low,Primary,Joint,No,1.53,Medium,4,55,6,No,95,1,90,34,18.3,9,9,Auditory,1,0,3,High,1
S1670,24,Male,Medium,Secondary,Joint,Yes,1.59,Low,4,62,6,Yes,67,8,100,53,16.7,6,1,Kinesthetic,3,3,1,Medium,1
S1671,23,Female,Low,Graduate,Guardian,No,3.91,Low,3,48,7,No,94,10,44,64,6.8,17,6,Auditory,2,0,3,Medium,0
S1672,19,Female,High,Postgraduate,Guardian,No,3.08,Medium,2,30,4,No,49,2,96,96,7.8,8,4,Mixed,2,0,1,Low,0
S1673,19,Female,High,Graduate,Nuclear,No,3.0,Medium,5,108,4,No,68,4,48,62,11.9,5,10,Mixed,1,10,2,Medium,0
S1674,19,Male,High,Secondary,Nuclear,Yes,2.04,Low,5,45,5,No,93,6,40,26,13.8,26,7,Kinesthetic,1,9,0,High,0
S1675,19,Female,Medium,Primary,Joint,No,3.76,High,3,76,7,No,71,6,83,77,5.8,5,4,Kinesthetic,4,7,5,Medium,0
S1676,20,Male,Low,Secondary,Nuclear,No,1.81,High,5,32,4,No,64,1,38,71,4.2,4,4,Visual,3,9,3,Low,0
S1677,18,Male,Medium,Graduate,Nuclear,Yes,3.34,Medium,0,66,3,No,91,7,49,89,11.1,14,1,Visual,4,0,4,Low,0
S1678,23,Female,Medium,Graduate,Nuclear,No,3.56,Medium,4,64,7,No,76,3,79,69,9.8,4,1,Mixed,1,10,2,Medium,0
S1679,18,Female,High,Postgraduate,Joint,No,3.74,High,0,108,7,No,96,0,31,62,17.2,14,4,Auditory,2,6,2,High,0
S1680,24,Male,Medium,Secondary,Nuclear,No,2.02,High,2,29,4,Yes,92,3,30,83,18.2,7,1,Visual,3,0,1,Medium,0
S1681,18,Female,Low,Secondary,Nuclear,Yes,2.79,Medium,5,99,7,No,83,6,84,96,16.9,11,2,Visual,4,10,3,Medium,0
S1682,24,Male,Medium,Secondary,Nuclear,No,2.27,Medium,3,113,6,No,53,1,43,33,19.3,27,2,Kinesthetic,2,0,5,Medium,1
S1683,24,Male,Medium,Primary,Nuclear,Yes,1.86,Medium,1,71,7,No,79,3,42,70,4.7,22,1,Kinesthetic,2,10,5,Medium,1
S1684,21,Male,Medium,Secondary,Joint,No,3.86,Low,1,55,6,Yes,63,7,97,50,11.8,6,1,Visual,1,1,2,Medium,0
S1685,23,Female,Medium,Primary,Nuclear,Yes,1.57,Low,1,102,3,No,99,0,66,49,17.1,7,8,Auditory,1,7,4,Medium,0
S1686,18,Female,Low,Graduate,Nuclear,Yes,3.47,Medium,2,23,6,No,45,6,56,72,13.6,26,3,Visual,2,6,3,Medium,1
S1687,21,Female,High,None,Guardian,Yes,3.13,Medium,1,80,3,No,45,4,35,59,5.7,4,8,Visual,4,3,2,Medium,0
S1688,19,Male,Medium,Primary,Nuclear,No,3.15,High,1,55,5,No,70,2,93,56,4.8,27,6,Visual,1,8,1,Medium,0
S1689,18,Female,Low,None,Nuclear,Yes,1.71,Low,1,50,7,No,87,3,85,87,1.4,12,7,Visual,5,9,5,High,1
S1690,18,Female,Medium,None,Nuclear,Yes,2.92,Medium,3,113,6,No,74,2,32,26,18.7,9,1,Kinesthetic,3,8,0,High,0
S1691,25,Female,Low,Secondary,Nuclear,No,1.73,Medium,2,53,4,No,92,1,64,93,9.2,21,7,Kinesthetic,2,7,3,High,1
S1692,24,Male,Low,Secondary,Nuclear,Yes,3.64,Medium,5,34,6,Yes,67,5,35,48,14.4,21,4,Visual,3,0,1,Medium,0
S1693,22,Female,Low,Postgraduate,Joint,No,2.44,Medium,4,114,5,Yes,40,9,34,100,14.8,20,5,Visual,2,10,0,Medium,0
S1694,20,Male,Medium,Graduate,Nuclear,No,4.0,Medium,0,119,6,No,71,8,89,80,19.7,6,1,Mixed,5,1,2,Medium,0
S1695,23,Male,Medium,Graduate,Joint,Yes,3.2,Low,5,108,4,Yes,94,6,76,26,13.6,4,5,Auditory,2,5,3,Low,0
S1696,25,Female,Low,Secondary,Joint,No,1.99,Medium,3,40,6,No,40,1,97,68,10.7,20,4,Auditory,3,0,3,Medium,1
S1697,19,Male,Low,Secondary,Joint,No,2.51,Low,0,77,4,No,90,5,48,83,8.0,7,10,Kinesthetic,3,10,2,High,0
S1698,23,Male,Medium,Graduate,Nuclear,No,2.15,High,2,101,5,Yes,73,1,70,48,7.2,9,9,Auditory,5,6,0,Low,0
S1699,19,Female,Medium,Graduate,Nuclear,No,2.76,Low,5,70,5,No,51,4,31,94,16.6,18,6,Visual,2,5,0,Low,0
S1700,24,Female,Medium,Graduate,Nuclear,No,3.77,Medium,3,73,3,No,56,6,49,75,17.8,27,7,Visual,5,8,3,Low,0
S1701,17,Male,Low,Postgraduate,Nuclear,No,2.86,Low,5,74,4,No,73,10,54,81,3.4,24,4,Visual,5,3,4,Medium,0
S1702,23,Male,High,Graduate,Joint,No,3.7,Medium,5,21,6,Yes,64,0,54,66,16.2,6,10,Auditory,5,1,5,Medium,0
S1703,25,Female,Low,Graduate,Joint,Yes,1.76,High,0,115,6,No,87,4,32,88,18.0,15,3,Visual,5,4,2,High,1
S1704,18,Male,High,Primary,Nuclear,No,2.51,High,2,108,5,No,87,4,32,62,14.1,12,1,Visual,1,10,4,Medium,0
S1705,18,Male,Medium,Primary,Nuclear,Yes,1.93,Medium,0,48,5,No,46,2,92,37,4.1,16,1,Mixed,3,7,4,Medium,1
S1706,25,Female,Low,Postgraduate,Nuclear,No,3.97,Low,5,73,5,Yes,94,7,64,83,16.5,27,8,Kinesthetic,5,6,3,Low,0
S1707,18,Female,High,Primary,Nuclear,Yes,1.72,Low,2,77,3,No,82,9,71,90,10.7,18,7,Auditory,4,4,2,Low,0
S1708,22,Female,High,Primary,Nuclear,Yes,3.36,Medium,3,113,6,No,69,8,51,34,16.2,29,5,Visual,4,0,5,High,0
S1709,19,Male,Low,Secondary,Nuclear,No,3.14,Medium,0,79,6,No,90,4,76,24,19.5,5,10,Kinesthetic,4,8,0,Medium,0
S1710,18,Female,Low,Primary,Nuclear,Yes,3.26,Low,5,114,4,Yes,90,10,47,37,17.1,8,5,Kinesthetic,4,10,3,Low,0
S1711,21,Female,Low,Primary,Joint,No,3.02,High,5,83,6,No,66,10,58,32,2.9,13,2,Kinesthetic,1,0,5,Medium,0
S1712,23,Female,Medium,Secondary,Nuclear,No,3.34,High,0,30,7,No,78,9,92,68,1.3,22,6,Mixed,5,9,2,Medium,0
S1713,25,Female,High,Postgraduate,Nuclear,No,3.61,High,3,42,7,Yes,46,0,34,49,1.4,15,9,Kinesthetic,5,2,3,Low,0
S1714,21,Female,High,Primary,Joint,No,2.16,Low,5,57,5,No,86,5,91,36,19.9,10,3,Auditory,4,5,5,Low,0
S1715,18,Female,Medium,Primary,Joint,Yes,2.99,Medium,5,118,7,No,85,3,83,66,18.1,7,2,Visual,4,7,0,Low,0
S1716,23,Female,Medium,Secondary,Nuclear,No,2.43,Medium,2,102,7,No,90,10,65,33,14.8,12,1,Visual,1,6,1,Medium,0
S1717,18,Male,Low,Secondary,Nuclear,No,3.6,High,4,93,5,No,63,3,32,89,9.7,29,8,Visual,2,6,2,High,0
S1718,19,Male,Medium,None,Single Parent,No,2.13,Medium,4,82,3,No,43,0,76,67,17.9,26,9,Auditory,4,4,5,Medium,0
S1719,19,Male,High,Secondary,Nuclear,No,2.3,High,2,36,5,Yes,74,3,57,27,18.8,3,8,Mixed,2,4,5,Medium,0
S1720,23,Male,Medium,Postgraduate,Nuclear,No,3.75,Medium,5,104,5,Yes,67,7,52,81,8.0,1,9,Mixed,3,4,4,Medium,0
S1721,21,Other,Medium,Postgraduate,Nuclear,Yes,2.05,Low,4,93,4,Yes,86,10,53,68,20.0,7,10,Mixed,5,8,0,Medium,0
S1722,22,Female,High,Secondary,Nuclear,No,3.11,Low,4,92,5,No,88,10,65,99,18.1,22,6,Visual,2,7,1,High,0
S1723,19,Female,Low,Primary,Nuclear,No,3.88,Low,0,21,5,Yes,83,3,62,50,7.6,13,9,Auditory,4,1,0,Low,0
S1724,21,Female,Low,Graduate,Nuclear,Yes,3.17,Medium,1,49,5,No,50,8,40,89,10.5,13,6,Mixed,5,9,2,Medium,0
S1725,17,Female,Low,Graduate,Nuclear,No,3.82,High,3,80,5,No,82,7,100,53,14.6,6,1,Kinesthetic,4,0,1,Low,0
S1726,21,Male,Medium,Secondary,Nuclear,No,2.68,High,0,118,6,No,69,5,64,62,4.4,28,8,Visual,5,3,0,Low,0
S1727,25,Female,Low,Secondary,Single Parent,Yes,3.71,Medium,3,118,7,No,56,1,81,61,19.0,27,1,Auditory,5,4,3,Low,1
S1728,23,Female,Medium,Primary,Joint,No,3.8,Medium,2,56,3,No,75,4,82,91,11.6,20,3,Auditory,4,5,1,Low,0
S1729,23,Male,Medium,Graduate,Joint,Yes,1.89,Medium,2,113,3,No,61,0,97,44,17.2,10,3,Visual,2,8,5,Low,1
S1730,22,Male,Medium,Postgraduate,Guardian,No,3.34,High,4,82,7,No,65,1,68,62,5.6,1,8,Auditory,2,8,3,Medium,0
S1731,25,Male,High,Graduate,Nuclear,No,2.57,Low,4,44,4,Yes,40,0,61,67,13.7,22,1,Visual,5,4,0,Medium,1
S1732,18,Female,High,Postgraduate,Joint,No,2.04,Medium,2,88,4,Yes,79,1,84,84,15.5,15,6,Mixed,2,9,0,Low,0
S1733,18,Female,Medium,Secondary,Nuclear,No,2.64,Medium,0,33,6,Yes,62,2,43,63,17.9,21,7,Visual,5,2,1,Low,0
S1734,22,Female,Low,None,Nuclear,Yes,3.69,Medium,2,106,7,No,79,7,32,38,17.8,10,1,Mixed,5,5,1,Low,0
S1735,23,Other,Low,Secondary,Guardian,No,3.44,Medium,0,39,6,No,48,0,50,63,1.7,20,8,Visual,1,9,0,Medium,0
S1736,23,Female,Medium,Graduate,Single Parent,No,1.59,High,3,36,5,No,60,4,89,86,8.0,27,3,Visual,1,3,4,Medium,1
S1737,22,Female,Medium,Graduate,Single Parent,Yes,1.87,Low,2,81,3,No,68,1,68,74,17.4,7,1,Mixed,5,0,4,Low,1
S1738,20,Male,Medium,None,Nuclear,Yes,1.7,Low,5,88,4,No,84,6,75,27,18.4,26,8,Mixed,5,1,4,Low,0
S1739,20,Male,Low,None,Nuclear,No,2.9,Low,5,105,7,No,52,4,90,43,9.0,2,4,Kinesthetic,4,0,5,Medium,0
S1740,19,Male,Low,Secondary,Nuclear,Yes,1.91,Low,4,77,7,No,61,8,40,23,6.8,14,8,Visual,4,3,2,High,1
S1741,25,Female,Medium,Secondary,Nuclear,No,3.83,Medium,2,57,6,No,86,3,55,45,10.7,11,6,Kinesthetic,3,4,0,Medium,0
S1742,20,Female,Medium,None,Joint,No,2.64,Medium,3,104,4,No,77,8,74,74,19.3,5,10,Kinesthetic,2,5,5,Medium,0
S1743,19,Female,Medium,Graduate,Nuclear,No,2.67,High,2,29,6,No,77,6,96,21,6.9,11,9,Auditory,5,10,1,Medium,0
S1744,20,Female,Medium,Graduate,Joint,No,1.94,Low,5,29,5,No,64,0,43,86,14.7,9,8,Visual,1,6,0,High,1
S1745,25,Female,Low,Postgraduate,Joint,No,3.0,Medium,3,66,4,Yes,78,2,68,92,11.1,7,7,Visual,2,1,5,High,0
S1746,23,Male,High,None,Nuclear,No,3.54,High,5,92,3,No,83,8,46,22,1.9,7,6,Mixed,4,5,1,Low,0
S1747,24,Female,Low,Graduate,Joint,No,3.9,Medium,5,82,5,Yes,68,0,63,86,6.6,24,8,Auditory,3,4,0,High,0
S1748,24,Female,Medium,None,Nuclear,No,3.78,High,5,89,6,Yes,90,4,31,79,1.9,15,10,Kinesthetic,3,1,1,Low,0
S1749,23,Male,Medium,Secondary,Joint,Yes,3.04,Low,0,97,3,Yes,70,9,39,90,6.4,25,8,Auditory,5,2,3,Low,0
S1750,22,Male,Low,Graduate,Single Parent,No,1.54,High,4,108,6,No,88,10,50,98,13.0,6,4,Auditory,3,5,2,Medium,0
S1751,24,Female,High,Graduate,Single Parent,Yes,1.88,Medium,1,23,4,No,99,9,31,37,13.7,22,6,Auditory,4,0,2,Medium,0
S1752,19,Female,Medium,Graduate,Nuclear,No,2.2,Medium,1,98,4,No,61,8,40,23,15.3,15,10,Auditory,1,6,5,Medium,0
S1753,19,Male,Low,Secondary,Nuclear,No,3.53,Medium,5,116,6,No,93,8,40,38,9.3,8,6,Mixed,4,5,0,Low,0
S1754,24,Female,Low,Primary,Joint,No,2.16,Medium,3,51,4,No,69,10,39,46,7.2,9,4,Kinesthetic,5,10,2,Low,0
S1755,23,Male,Medium,Secondary,Nuclear,No,2.19,High,5,89,3,No,56,2,48,41,7.5,23,3,Mixed,3,0,3,Low,1
S1756,21,Male,Medium,None,Nuclear,No,3.0,Medium,2,62,4,No,51,9,84,79,9.3,2,9,Mixed,3,6,4,Medium,0
S1757,20,Male,High,Primary,Nuclear,No,2.74,High,5,119,6,No,84,4,65,39,19.2,14,3,Mixed,1,2,1,Medium,0
S1758,18,Male,Low,Primary,Joint,Yes,1.78,Low,3,45,6,Yes,59,6,91,78,6.8,18,4,Auditory,5,3,5,Low,1
S1759,19,Female,Medium,Graduate,Joint,Yes,3.68,Low,1,70,5,Yes,77,4,75,96,7.9,12,10,Kinesthetic,3,10,5,Medium,0
S1760,25,Female,Low,Graduate,Nuclear,No,3.07,Medium,3,112,4,No,97,10,30,74,19.8,12,6,Mixed,3,8,1,High,0
S1761,18,Female,Medium,Graduate,Single Parent,No,3.83,Medium,2,96,3,No,68,3,41,41,2.2,28,7,Auditory,3,9,0,Low,0
S1762,19,Female,Low,Postgraduate,Joint,No,2.41,Medium,2,82,7,No,92,8,44,98,6.5,7,2,Mixed,3,2,5,High,0
S1763,20,Female,Medium,Secondary,Nuclear,No,2.18,Low,4,23,3,No,58,0,81,49,9.0,4,4,Visual,1,9,2,Low,0
S1764,25,Female,Low,Secondary,Joint,Yes,2.21,Medium,0,46,6,No,45,1,42,33,1.5,29,10,Mixed,2,8,2,High,1
S1765,24,Female,Medium,Graduate,Nuclear,Yes,3.72,Low,4,79,5,No,84,10,98,63,7.0,16,2,Kinesthetic,1,2,4,Medium,0
S1766,20,Female,Medium,Primary,Joint,No,3.58,Low,0,35,5,Yes,49,3,39,93,15.3,15,9,Auditory,4,7,1,Low,0
S1767,25,Female,Medium,Postgraduate,Nuclear,No,3.24,Medium,1,71,7,Yes,42,3,73,22,13.1,12,3,Kinesthetic,4,5,0,Medium,1
S1768,23,Male,Low,None,Joint,Yes,3.74,Low,3,109,5,No,52,6,69,25,1.1,21,10,Visual,4,7,2,Medium,0
S1769,24,Female,Low,Secondary,Joint,Yes,3.26,Low,1,56,3,No,63,8,60,80,7.4,19,5,Kinesthetic,5,4,2,Medium,0
S1770,17,Male,Medium,Secondary,Single Parent,No,2.58,Low,2,94,4,Yes,60,1,55,63,15.5,4,4,Mixed,3,2,2,Medium,0
S1771,25,Male,High,Primary,Nuclear,No,3.61,Low,1,64,7,No,54,2,47,40,11.7,15,5,Auditory,5,5,3,Low,0
S1772,17,Male,High,Postgraduate,Joint,Yes,3.29,Medium,0,85,6,No,47,8,69,25,7.4,5,3,Mixed,5,1,0,Low,1
S1773,22,Female,High,Postgraduate,Joint,No,2.91,Low,3,112,6,No,70,6,80,25,11.2,12,5,Mixed,3,3,0,Medium,0
S1774,19,Other,Medium,Primary,Nuclear,No,3.08,Low,4,92,7,Yes,56,3,51,100,17.4,10,9,Kinesthetic,2,0,5,Medium,0
S1775,23,Other,Low,Secondary,Joint,No,1.89,Medium,5,118,6,No,82,6,34,58,15.2,28,3,Visual,4,9,0,Low,1
S1776,23,Male,Low,Postgraduate,Nuclear,Yes,2.17,Low,5,56,7,Yes,88,9,85,60,9.7,16,6,Mixed,3,9,4,Low,0
S1777,21,Female,Medium,Primary,Nuclear,Yes,3.07,High,4,82,4,No,77,3,69,55,5.4,17,6,Auditory,4,6,2,Medium,0
S1778,17,Male,High,Secondary,Joint,No,3.09,Low,5,56,7,No,82,6,77,81,19.7,23,8,Kinesthetic,2,2,1,Medium,0
S1779,18,Female,Medium,None,Nuclear,Yes,1.7,Medium,1,37,4,No,64,2,39,54,3.0,14,2,Visual,3,9,1,Medium,1
S1780,24,Male,Low,None,Joint,No,1.55,Medium,5,38,3,No,52,1,40,57,16.4,2,10,Visual,5,5,3,Medium,1
S1781,19,Male,Low,Secondary,Nuclear,No,2.12,Medium,0,36,5,Yes,83,8,66,60,13.3,1,8,Visual,1,8,2,Low,0
S1782,24,Female,Low,Postgraduate,Joint,No,3.73,Medium,3,52,3,No,72,8,53,59,19.0,28,2,Kinesthetic,2,5,5,Medium,0
S1783,20,Other,Medium,Primary,Nuclear,No,2.34,Low,3,63,4,Yes,58,7,60,81,3.8,21,8,Visual,2,4,1,High,1
S1784,18,Female,Medium,Postgraduate,Joint,No,2.37,Low,4,118,6,No,50,0,83,32,3.6,18,10,Mixed,3,3,3,Medium,0
S1785,22,Other,Low,Secondary,Nuclear,Yes,1.86,Low,1,63,3,No,54,5,71,35,11.4,2,7,Mixed,3,10,4,Low,1
S1786,19,Other,Low,Primary,Nuclear,No,2.73,Medium,2,74,6,No,98,5,99,46,10.6,14,5,Mixed,5,6,2,Medium,0
S1787,24,Female,Low,Secondary,Joint,No,1.73,Medium,0,115,4,No,88,9,95,82,12.5,10,7,Mixed,5,2,5,Low,0
S1788,18,Female,Low,Secondary,Joint,Yes,2.98,Medium,1,37,4,No,51,10,55,33,10.0,1,10,Visual,3,0,2,High,1
S1789,18,Female,Low,Secondary,Nuclear,No,2.73,Medium,3,113,6,No,64,3,55,26,11.9,14,3,Visual,5,1,1,Low,0
S1790,20,Male,Medium,Graduate,Single Parent,Yes,2.56,Medium,0,64,7,Yes,99,10,98,82,6.1,22,9,Visual,1,4,1,High,0
S1791,22,Female,Low,Postgraduate,Joint,Yes,3.13,Medium,5,56,5,Yes,77,9,87,90,15.5,27,10,Visual,3,5,5,Low,0
S1792,23,Female,High,Secondary,Nuclear,Yes,2.37,Medium,5,104,7,No,67,7,30,88,9.1,8,9,Mixed,3,5,4,Medium,0
S1793,23,Male,Low,Graduate,Joint,No,3.26,Low,1,60,4,Yes,59,6,53,54,18.4,20,9,Kinesthetic,5,9,4,Low,0
S1794,20,Female,Low,Postgraduate,Single Parent,No,3.42,Medium,0,84,4,No,58,7,54,32,16.7,12,1,Mixed,1,2,5,Medium,1
S1795,25,Male,Medium,Secondary,Nuclear,No,3.07,Medium,5,98,6,No,73,5,97,29,16.8,12,2,Auditory,5,2,0,Medium,0
S1796,25,Male,Low,Secondary,Guardian,No,1.6,Low,3,96,6,No,69,2,64,20,15.7,22,10,Mixed,3,8,3,Medium,0
S1797,24,Female,Medium,Graduate,Joint,No,2.26,Medium,0,64,5,No,49,4,37,65,15.4,29,7,Visual,4,1,4,Low,0
S1798,22,Male,Low,Primary,Nuclear,No,2.47,Low,2,32,7,No,45,2,66,74,7.6,9,7,Mixed,1,7,0,Medium,0
S1799,24,Male,Low,Secondary,Nuclear,Yes,3.3,Low,5,119,3,No,67,0,33,22,4.8,5,6,Visual,3,2,1,Low,0
S1800,21,Female,Low,Graduate,Joint,No,2.19,Medium,1,20,5,Yes,50,5,77,71,12.2,14,10,Mixed,4,8,2,High,1
S1801,21,Female,Low,Secondary,Nuclear,Yes,2.51,Low,2,64,6,No,55,4,48,73,11.3,27,2,Auditory,2,9,3,Low,1
S1802,21,Female,Low,Primary,Joint,No,2.93,Medium,5,32,5,No,99,5,33,63,17.9,26,3,Mixed,3,7,4,Low,0
S1803,18,Female,Low,Primary,Nuclear,No,3.12,Low,2,25,7,No,61,2,43,78,8.0,17,2,Auditory,5,8,4,Low,0
S1804,23,Male,Medium,Secondary,Joint,No,3.57,Medium,3,90,6,No,40,4,91,64,19.3,9,6,Mixed,4,3,2,Low,0
S1805,19,Female,Medium,Primary,Nuclear,No,3.78,Low,3,58,6,Yes,59,10,99,75,3.8,12,3,Auditory,5,0,3,Medium,1
S1806,23,Male,Low,Secondary,Joint,No,2.47,Medium,2,73,6,No,93,7,76,30,10.8,3,5,Kinesthetic,5,2,2,Medium,0
S1807,25,Male,Medium,Graduate,Joint,No,2.85,High,4,68,3,No,45,2,53,25,11.1,8,6,Mixed,5,10,2,Low,0
S1808,21,Male,Medium,Graduate,Nuclear,Yes,2.95,Medium,0,62,4,Yes,66,8,48,90,9.0,12,7,Visual,2,4,2,Medium,0
S1809,19,Male,Low,Postgraduate,Guardian,Yes,3.8,Medium,3,36,5,No,62,3,65,58,2.0,29,9,Mixed,4,5,3,High,0
S1810,24,Male,Medium,Postgraduate,Nuclear,Yes,3.59,Medium,2,90,5,Yes,54,3,50,46,4.4,2,1,Kinesthetic,5,4,0,High,1
S1811,24,Male,Low,Primary,Joint,No,2.39,Medium,3,30,4,No,79,7,69,44,18.8,25,3,Kinesthetic,2,6,1,Medium,0
S1812,18,Male,Low,Postgraduate,Joint,No,3.41,Medium,1,116,7,Yes,41,10,36,55,14.1,16,6,Visual,2,10,4,Medium,0
S1813,19,Female,Medium,Graduate,Single Parent,No,1.73,Medium,0,97,3,No,79,1,98,59,18.1,12,10,Visual,4,6,5,Medium,0
S1814,22,Male,Low,Postgraduate,Nuclear,No,1.99,Medium,5,65,5,No,80,1,43,83,3.6,17,7,Auditory,2,4,3,High,1
S1815,25,Male,Medium,Postgraduate,Nuclear,Yes,3.15,High,5,117,7,Yes,68,7,55,63,12.6,15,6,Auditory,4,5,2,Medium,0
S1816,18,Male,Low,Graduate,Nuclear,No,2.72,High,0,27,4,No,50,1,43,57,5.3,28,1,Auditory,4,10,5,Medium,1
S1817,19,Male,Medium,Primary,Nuclear,No,2.02,Low,1,58,6,No,68,5,68,44,1.4,7,5,Auditory,1,7,0,Low,0
S1818,25,Female,Medium,Primary,Nuclear,No,2.48,Low,0,79,5,Yes,66,5,32,20,16.8,5,2,Auditory,3,9,0,Medium,0
S1819,18,Male,Medium,None,Nuclear,No,2.05,Low,1,42,5,Yes,55,1,38,59,12.5,25,2,Visual,4,4,0,Medium,1
S1820,19,Male,Low,Secondary,Nuclear,No,3.21,Medium,1,20,6,Yes,56,1,71,65,9.6,29,6,Auditory,3,4,3,Medium,0
S1821,24,Male,Medium,Graduate,Guardian,No,3.67,Medium,2,34,4,No,60,4,33,20,13.2,23,9,Mixed,3,10,0,High,0
S1822,20,Male,Medium,Secondary,Single Parent,No,2.6,Medium,2,110,4,No,54,2,67,98,14.0,27,8,Auditory,3,0,0,Medium,0
S1823,20,Female,High,Graduate,Single Parent,Yes,3.15,Medium,3,96,7,No,72,10,34,52,11.7,29,7,Auditory,2,1,3,Low,0
S1824,22,Male,Medium,Primary,Single Parent,No,3.34,Medium,5,29,5,No,70,2,50,92,4.3,20,2,Visual,2,9,2,High,0
S1825,25,Male,Medium,Graduate,Guardian,No,1.62,Low,2,55,6,No,99,2,75,39,3.6,6,1,Kinesthetic,3,8,0,Low,1
S1826,19,Female,Low,Primary,Nuclear,No,3.02,Low,5,89,4,No,58,6,46,56,18.3,18,7,Visual,3,9,1,Low,0
S1827,25,Male,Medium,Graduate,Nuclear,Yes,2.82,High,4,71,6,No,64,2,31,31,15.8,7,9,Auditory,1,9,0,Low,0
S1828,21,Other,Medium,Postgraduate,Single Parent,No,2.66,Medium,2,69,6,No,54,0,78,78,7.3,24,7,Kinesthetic,3,0,3,High,1
S1829,18,Female,High,Graduate,Nuclear,No,2.8,Medium,4,43,7,Yes,76,10,96,83,19.8,18,3,Kinesthetic,5,9,3,Low,0
S1830,25,Male,Medium,Postgraduate,Joint,Yes,2.54,Medium,3,31,5,No,53,10,74,51,8.4,9,6,Mixed,5,6,2,Low,0
S1831,17,Female,Low,Graduate,Nuclear,No,3.5,Low,0,95,7,No,86,5,82,99,6.6,16,1,Mixed,4,0,0,High,0
S1832,23,Female,Medium,Primary,Nuclear,No,1.77,High,1,70,6,Yes,90,8,70,80,1.9,28,8,Mixed,4,6,3,Medium,0
S1833,23,Female,Low,Secondary,Nuclear,No,3.63,High,3,43,7,No,91,9,68,67,16.1,20,10,Auditory,3,6,4,Low,0
S1834,22,Male,Low,Postgraduate,Nuclear,No,1.61,High,0,99,3,Yes,91,3,63,56,2.6,2,6,Visual,5,2,1,Medium,0
S1835,24,Male,Medium,Secondary,Nuclear,No,3.22,Medium,0,71,7,Yes,99,5,60,50,15.1,1,8,Mixed,1,2,2,Medium,0
S1836,17,Female,Medium,Secondary,Nuclear,No,2.55,Medium,0,99,4,No,56,10,94,86,17.2,6,1,Auditory,5,4,1,Medium,1
S1837,22,Female,Medium,Postgraduate,Guardian,Yes,2.65,Low,3,73,7,No,40,8,32,91,18.9,5,6,Visual,2,4,4,Medium,0
S1838,21,Female,Low,Secondary,Joint,No,3.84,Medium,5,89,7,No,51,0,59,28,17.2,28,10,Mixed,4,4,4,Medium,0
S1839,24,Female,Low,Secondary,Nuclear,Yes,3.59,Medium,2,116,6,No,63,1,76,89,18.3,17,5,Auditory,2,4,5,Low,0
S1840,23,Male,Medium,Primary,Nuclear,No,3.81,Medium,0,89,4,No,55,0,63,56,10.6,23,5,Visual,4,5,2,Medium,0
S1841,20,Male,Low,Secondary,Nuclear,Yes,1.54,High,0,88,5,Yes,72,5,76,24,3.6,3,9,Kinesthetic,5,0,3,High,1
S1842,24,Male,Medium,Primary,Nuclear,Yes,3.41,Low,5,73,7,No,71,1,52,44,4.8,1,3,Visual,2,7,2,Medium,0
S1843,23,Female,Medium,Postgraduate,Joint,No,3.61,Low,4,72,7,Yes,89,6,37,22,7.9,25,6,Kinesthetic,5,9,1,Low,0
S1844,23,Male,Medium,None,Nuclear,Yes,2.63,Low,4,84,3,No,65,10,33,93,19.6,23,1,Visual,1,2,2,Medium,0
S1845,17,Female,Medium,Postgraduate,Nuclear,No,2.97,Medium,1,37,5,No,68,8,94,52,2.3,19,8,Mixed,5,6,4,Medium,0
S1846,17,Female,Low,Secondary,Nuclear,Yes,2.47,Low,5,41,5,No,82,2,61,75,14.0,8,8,Visual,1,7,4,Medium,0
S1847,20,Male,Medium,None,Single Parent,No,3.64,Medium,4,35,5,Yes,55,8,46,67,7.5,21,1,Kinesthetic,1,7,4,Medium,1
S1848,25,Male,Medium,Graduate,Nuclear,No,1.59,Medium,2,115,5,No,41,2,47,93,13.8,17,1,Kinesthetic,2,7,0,Medium,1
S1849,19,Male,Low,Secondary,Nuclear,Yes,3.08,Low,3,58,5,No,79,1,82,99,14.1,24,8,Visual,2,7,0,Medium,0
S1850,18,Female,Medium,Primary,Nuclear,No,2.3,Low,1,94,4,No,69,5,57,93,9.0,3,9,Mixed,5,10,4,Medium,0
S1851,25,Female,High,Secondary,Nuclear,No,2.69,Medium,4,93,6,No,84,6,55,62,19.0,29,8,Mixed,3,3,4,Medium,0
S1852,19,Male,Medium,Primary,Nuclear,Yes,3.26,Low,0,24,5,Yes,82,10,48,29,7.4,4,1,Mixed,1,1,0,High,0
S1853,17,Female,Low,None,Nuclear,No,3.53,Medium,5,93,7,No,71,10,52,57,9.3,19,6,Mixed,3,1,3,Medium,0
S1854,25,Female,Medium,Secondary,Nuclear,No,2.04,Medium,3,89,5,Yes,68,9,40,54,15.4,3,9,Auditory,2,9,1,Medium,0
S1855,23,Female,High,Graduate,Nuclear,No,2.12,High,2,41,3,No,58,2,43,92,13.9,5,9,Auditory,3,6,1,Low,0
S1856,24,Female,High,Postgraduate,Nuclear,No,3.53,High,1,56,3,Yes,56,8,71,78,9.5,12,5,Auditory,4,6,4,Medium,0
S1857,23,Male,Medium,Secondary,Nuclear,Yes,3.6,Low,1,39,4,Yes,84,5,58,48,8.3,13,10,Mixed,5,9,2,Medium,0
S1858,22,Female,High,Postgraduate,Nuclear,No,2.83,Medium,4,78,6,No,89,3,36,40,6.4,6,7,Kinesthetic,3,0,1,Low,0
S1859,19,Female,Medium,Graduate,Single Parent,Yes,2.04,High,1,45,5,Yes,97,0,76,27,9.9,3,7,Kinesthetic,5,5,0,Medium,0
S1860,20,Female,Medium,Graduate,Nuclear,Yes,2.83,Medium,5,76,7,Yes,88,2,65,89,9.4,29,3,Visual,1,9,4,High,0
S1861,19,Male,Low,Primary,Nuclear,No,2.14,Low,0,109,4,No,56,5,73,86,17.0,7,1,Auditory,2,0,0,Medium,1
S1862,20,Female,Low,Primary,Nuclear,No,1.8,Low,4,61,4,No,74,9,70,72,15.3,10,4,Auditory,4,8,5,Medium,0
S1863,24,Female,Medium,Secondary,Nuclear,No,1.89,Medium,3,89,4,Yes,92,5,32,77,11.1,9,7,Kinesthetic,1,5,3,Low,0
S1864,23,Female,Medium,Postgraduate,Nuclear,No,2.36,Low,3,100,6,No,68,3,88,81,13.1,17,1,Auditory,1,2,2,Low,0
S1865,20,Female,Low,Graduate,Nuclear,No,3.99,High,2,79,5,Yes,96,2,96,80,10.7,4,9,Mixed,2,0,1,High,0
S1866,17,Male,Medium,Graduate,Nuclear,No,3.04,High,3,86,5,Yes,76,7,66,39,2.7,8,1,Auditory,5,0,3,Low,0
S1867,22,Female,Medium,Secondary,Nuclear,Yes,3.2,Low,2,84,5,Yes,41,0,93,34,16.6,16,8,Visual,4,0,4,Medium,0
S1868,21,Female,High,Primary,Single Parent,No,2.13,Low,2,90,6,No,86,4,79,25,3.6,1,5,Mixed,1,3,3,Medium,0
S1869,17,Male,Low,Secondary,Single Parent,Yes,2.91,Low,4,27,6,No,46,3,95,75,19.4,6,1,Auditory,1,7,3,Medium,1
S1870,23,Male,Medium,Primary,Single Parent,No,2.18,High,3,84,6,Yes,99,2,88,97,19.4,5,7,Visual,2,0,0,Medium,0
S1871,18,Male,Low,None,Single Parent,No,2.79,Low,2,37,7,No,75,4,72,90,10.1,27,3,Auditory,2,1,0,Low,0
S1872,18,Male,Medium,Graduate,Joint,Yes,1.9,Low,4,37,3,No,52,9,40,99,12.4,8,5,Visual,4,9,0,Medium,1
S1873,19,Female,Low,Secondary,Nuclear,No,4.0,Low,3,54,7,Yes,93,3,33,99,12.8,10,9,Kinesthetic,3,3,4,High,0
S1874,19,Other,Low,Graduate,Joint,No,1.5,Medium,3,77,4,Yes,62,3,78,57,12.7,21,3,Auditory,3,1,0,Medium,1
S1875,22,Male,Medium,Secondary,Nuclear,Yes,3.03,Medium,3,102,5,No,85,10,62,58,13.7,15,7,Mixed,2,7,0,Medium,0
S1876,18,Male,Low,Primary,Nuclear,No,2.87,Low,2,41,7,No,98,6,85,89,15.4,9,4,Kinesthetic,3,3,1,Low,0
S1877,25,Male,Low,Secondary,Nuclear,No,3.33,Medium,1,84,5,No,90,1,55,29,1.6,5,6,Mixed,5,4,5,High,0
S1878,22,Male,Low,Graduate,Joint,Yes,1.64,Medium,4,98,3,No,85,5,43,67,11.7,4,5,Visual,4,5,2,Medium,0
S1879,24,Female,Medium,None,Nuclear,No,2.69,Low,4,60,6,No,54,0,73,74,2.1,12,3,Visual,5,8,2,Medium,1
S1880,22,Male,Medium,None,Single Parent,No,2.61,High,4,57,7,Yes,54,10,84,44,12.2,27,2,Mixed,3,6,0,Medium,1
S1881,20,Female,Low,Postgraduate,Nuclear,No,3.32,Medium,5,44,6,No,72,10,87,55,11.8,21,8,Kinesthetic,3,3,5,Medium,0
S1882,24,Male,Low,Primary,Nuclear,No,1.54,Medium,2,38,5,No,60,10,31,52,10.5,23,3,Mixed,5,1,1,Medium,1
S1883,17,Female,High,Primary,Joint,Yes,2.32,High,2,117,6,No,43,6,31,93,9.6,17,6,Visual,1,6,4,High,1
S1884,23,Male,Low,Postgraduate,Single Parent,No,1.96,Low,4,77,4,Yes,47,0,61,69,4.2,12,10,Kinesthetic,4,4,0,Low,1
S1885,19,Male,Low,Postgraduate,Joint,No,2.08,High,1,27,5,No,63,5,46,66,11.2,28,4,Auditory,3,6,3,High,0
S1886,24,Female,Low,Secondary,Joint,Yes,3.92,Medium,4,69,4,No,60,5,98,57,13.4,9,9,Auditory,1,5,3,Low,0
S1887,20,Male,High,Primary,Joint,Yes,2.59,Medium,4,97,6,No,57,5,32,77,4.5,24,10,Auditory,4,4,5,Low,0
S1888,19,Female,Medium,Graduate,Nuclear,No,3.58,Low,1,46,4,Yes,63,2,89,50,8.1,17,7,Visual,5,2,3,Medium,0
S1889,24,Male,Low,Secondary,Joint,Yes,2.84,Medium,4,44,7,No,86,0,78,100,12.8,14,4,Mixed,2,3,3,High,0
S1890,18,Male,Low,Postgraduate,Nuclear,Yes,3.82,Low,4,39,3,Yes,55,4,64,42,9.9,5,1,Visual,3,10,4,Medium,1
S1891,17,Male,Medium,Primary,Nuclear,No,3.27,Medium,3,85,6,Yes,69,5,74,52,9.2,16,8,Auditory,4,3,2,Medium,0
S1892,25,Male,High,Graduate,Nuclear,No,3.01,Low,5,119,3,No,56,8,43,100,3.6,23,10,Mixed,3,5,0,Medium,0
S1893,19,Male,Medium,Graduate,Single Parent,Yes,2.79,Low,4,73,5,No,59,4,78,72,13.3,15,4,Mixed,2,5,1,Low,0
S1894,18,Male,Low,Postgraduate,Guardian,Yes,3.9,Low,2,57,3,Yes,88,10,30,65,3.2,11,9,Auditory,4,4,2,Medium,0
S1895,19,Female,Low,Primary,Single Parent,No,3.9,Low,3,79,7,Yes,90,6,38,27,3.3,29,6,Mixed,1,4,2,Medium,0
S1896,19,Male,Low,Secondary,Guardian,No,3.96,Medium,4,65,5,No,95,10,67,89,3.6,2,10,Visual,2,7,0,High,0
S1897,18,Female,High,None,Nuclear,No,2.9,Medium,3,53,3,No,99,7,92,79,18.6,14,5,Mixed,1,7,3,Low,0
S1898,20,Male,Low,Graduate,Joint,No,2.02,Medium,0,63,5,Yes,46,10,94,54,14.0,7,4,Visual,4,1,2,Medium,0
S1899,23,Female,Medium,Primary,Nuclear,Yes,3.36,Low,4,114,5,Yes,64,8,58,84,18.8,14,10,Visual,4,2,2,High,0
S1900,24,Male,Medium,Graduate,Nuclear,No,1.81,Low,0,69,6,No,49,10,63,87,19.6,12,4,Auditory,3,7,1,High,1
S1901,21,Other,Low,Primary,Nuclear,No,2.43,High,1,37,5,No,69,2,61,80,9.7,11,2,Auditory,5,1,1,Low,0
S1902,24,Female,High,Graduate,Nuclear,No,3.76,Medium,0,80,6,No,85,0,67,24,15.4,28,5,Visual,2,4,2,Medium,0
S1903,23,Female,Low,None,Joint,No,2.36,Medium,1,104,3,Yes,62,10,71,54,12.0,13,7,Visual,1,6,5,Medium,0
S1904,22,Female,Low,Graduate,Guardian,Yes,2.47,Low,1,33,7,No,86,10,50,29,18.0,1,7,Visual,3,0,5,Low,0
S1905,19,Male,Low,Graduate,Single Parent,No,3.82,Medium,1,46,3,No,67,2,95,75,12.7,29,7,Kinesthetic,3,8,1,Medium,0
S1906,21,Female,Low,None,Joint,Yes,3.39,Low,2,119,7,No,64,2,56,73,6.1,25,9,Kinesthetic,5,2,5,Medium,0
S1907,20,Male,Medium,Graduate,Nuclear,No,2.19,Medium,0,59,3,No,91,6,60,75,12.5,11,6,Mixed,4,10,2,Medium,0
S1908,24,Male,Medium,Secondary,Joint,No,1.95,Low,3,95,5,No,81,6,30,76,9.6,10,1,Visual,2,10,4,Medium,1
S1909,22,Male,Low,Postgraduate,Nuclear,Yes,3.47,Low,1,59,4,Yes,67,9,61,88,11.7,6,1,Visual,1,9,2,Low,0
S1910,21,Female,Medium,Secondary,Nuclear,No,2.05,Medium,0,52,7,Yes,93,0,85,52,4.1,8,6,Mixed,4,10,1,Low,0
S1911,17,Female,Medium,Postgraduate,Nuclear,No,1.53,Medium,1,108,6,Yes,62,5,70,38,10.5,17,8,Mixed,3,3,0,Low,0
S1912,17,Female,Low,Secondary,Joint,No,2.34,Medium,0,64,4,Yes,98,3,52,22,9.7,13,4,Visual,3,8,4,Low,0
S1913,18,Male,Medium,Postgraduate,Nuclear,Yes,3.0,Medium,4,110,6,No,67,10,49,99,1.8,12,8,Kinesthetic,3,3,2,High,0
S1914,18,Male,High,None,Nuclear,Yes,2.95,Low,2,39,3,Yes,93,1,72,100,1.7,9,5,Mixed,4,9,2,Low,0
S1915,23,Female,High,Secondary,Nuclear,No,3.23,Medium,1,33,6,Yes,75,3,34,70,16.5,29,3,Auditory,3,5,2,High,0
S1916,20,Female,Low,Secondary,Nuclear,No,2.42,High,3,46,7,No,91,8,37,69,19.5,15,3,Mixed,4,10,3,Low,0
S1917,17,Female,Medium,Graduate,Nuclear,Yes,2.48,High,0,48,5,No,83,2,93,100,16.5,22,5,Visual,4,9,5,High,0
S1918,17,Male,Medium,Secondary,Joint,No,3.85,Medium,1,38,5,No,91,2,72,97,9.0,3,7,Mixed,1,9,0,Low,0
S1919,20,Male,High,Graduate,Nuclear,No,2.29,Medium,2,27,3,Yes,40,3,96,85,1.6,15,1,Auditory,5,4,1,High,1
S1920,25,Female,Medium,Graduate,Nuclear,Yes,3.2,High,1,38,3,No,93,6,100,73,13.8,4,2,Auditory,5,0,2,High,0
S1921,18,Male,Low,Primary,Joint,No,3.53,Low,4,25,6,No,69,9,72,62,1.6,28,5,Kinesthetic,2,8,5,Low,0
S1922,20,Male,Medium,Graduate,Single Parent,No,3.59,High,2,44,6,No,75,9,57,58,12.1,21,9,Visual,4,5,0,Medium,0
S1923,22,Female,Low,None,Nuclear,No,3.26,Low,2,97,6,No,87,9,58,91,13.0,27,7,Visual,2,3,0,Medium,0
S1924,25,Female,High,Secondary,Nuclear,No,1.9,Medium,4,48,7,No,65,5,93,41,6.5,7,5,Mixed,4,3,2,Low,0
S1925,22,Female,Low,None,Nuclear,No,3.32,Medium,2,99,4,Yes,69,1,61,76,5.8,21,2,Visual,5,4,0,Medium,0
S1926,18,Female,High,Secondary,Nuclear,Yes,3.5,High,5,29,5,No,95,3,83,25,18.5,2,10,Kinesthetic,5,6,0,High,0
S1927,24,Male,High,Postgraduate,Nuclear,Yes,3.94,Medium,4,83,4,No,87,4,61,62,16.9,9,5,Auditory,4,10,3,Low,0
S1928,24,Male,Medium,Postgraduate,Nuclear,Yes,3.82,High,0,53,7,No,44,3,88,99,11.5,10,1,Visual,1,8,4,Medium,1
S1929,19,Other,Low,Graduate,Nuclear,Yes,2.22,Low,5,100,6,No,48,7,74,61,11.6,5,5,Auditory,5,5,5,High,1
S1930,23,Female,Low,Secondary,Nuclear,Yes,3.34,Low,0,103,7,No,70,0,42,27,11.7,15,9,Kinesthetic,4,4,5,High,0
S1931,25,Other,Medium,Postgraduate,Nuclear,Yes,2.54,Medium,1,69,4,No,72,4,31,87,2.8,28,2,Visual,4,9,1,Medium,0
S1932,19,Other,Low,Postgraduate,Nuclear,Yes,1.81,Low,0,50,5,Yes,60,6,91,96,18.7,12,4,Visual,1,9,1,Medium,0
S1933,23,Male,Medium,Postgraduate,Nuclear,No,2.96,Medium,0,110,6,No,44,0,85,79,13.6,26,5,Visual,3,1,3,Medium,0
S1934,21,Other,High,Postgraduate,Single Parent,No,3.25,Medium,1,113,7,No,62,9,64,59,14.6,20,10,Auditory,1,10,3,High,0
S1935,21,Male,Medium,None,Nuclear,No,3.41,High,0,51,4,Yes,68,3,33,66,12.9,6,6,Mixed,1,8,5,Low,0
S1936,24,Female,Low,Secondary,Single Parent,Yes,3.31,Medium,2,38,7,No,86,1,65,89,6.6,5,1,Auditory,5,2,1,Medium,0
S1937,17,Female,Low,Postgraduate,Joint,Yes,3.74,Medium,4,102,5,No,63,10,49,68,19.3,1,5,Kinesthetic,4,8,0,Medium,0
S1938,20,Female,Medium,Primary,Joint,Yes,2.77,High,0,57,4,No,55,10,78,24,16.6,26,1,Auditory,1,3,5,Low,1
S1939,24,Male,Medium,Primary,Nuclear,Yes,3.92,Medium,0,64,4,No,58,0,100,53,5.7,29,1,Mixed,3,2,5,Medium,1
S1940,25,Male,Low,Graduate,Joint,No,2.97,Medium,4,47,7,Yes,76,6,91,42,5.7,19,8,Kinesthetic,1,3,3,Low,0
S1941,20,Female,Medium,Postgraduate,Nuclear,No,2.29,Medium,3,109,4,No,61,1,76,25,15.8,15,4,Visual,1,5,0,Low,0
S1942,18,Male,Medium,Primary,Nuclear,Yes,2.41,Medium,2,89,3,No,82,7,89,79,2.3,27,5,Visual,5,1,3,Medium,0
S1943,25,Female,High,Primary,Joint,No,2.9,Low,5,24,5,No,78,10,33,46,17.3,24,10,Kinesthetic,3,8,5,Low,0
S1944,21,Female,Low,Graduate,Joint,No,3.29,Medium,5,49,3,No,69,1,55,55,17.0,16,8,Visual,4,0,2,Low,0
S1945,17,Male,Low,Secondary,Nuclear,Yes,1.84,Low,5,44,5,No,44,6,81,95,5.1,2,9,Auditory,1,6,4,Medium,1
S1946,17,Male,Medium,Secondary,Single Parent,Yes,1.85,Medium,2,113,3,No,47,0,83,42,17.4,3,3,Mixed,1,8,4,Medium,1
S1947,22,Female,Medium,Primary,Nuclear,No,3.79,Low,2,72,4,No,50,8,96,98,2.0,17,1,Visual,4,10,3,High,1
S1948,17,Female,Medium,Postgraduate,Joint,No,3.9,Medium,0,31,7,No,92,2,43,58,16.4,18,3,Mixed,4,3,1,Low,0
S1949,19,Male,Medium,Secondary,Nuclear,Yes,3.3,Low,3,32,5,No,84,5,57,91,3.0,18,7,Visual,4,7,3,Medium,0
S1950,18,Female,High,Secondary,Single Parent,No,2.55,High,1,108,4,Yes,66,0,94,81,8.7,23,9,Auditory,3,0,2,High,0
S1951,22,Female,Medium,Secondary,Nuclear,No,3.29,Low,2,31,5,No,74,6,85,85,10.9,18,10,Kinesthetic,4,10,0,Low,0
S1952,17,Male,Medium,Secondary,Nuclear,No,3.21,High,2,38,7,No,93,2,71,43,1.6,23,7,Visual,1,10,2,High,0
S1953,22,Female,Low,Secondary,Joint,No,2.35,Medium,4,96,3,No,53,0,41,52,1.8,4,1,Kinesthetic,1,1,2,Low,1
S1954,17,Female,Medium,Secondary,Single Parent,No,2.19,Medium,5,101,3,No,99,0,68,80,11.1,8,5,Auditory,1,4,4,Low,0
S1955,24,Male,Medium,Postgraduate,Nuclear,No,1.88,Medium,2,83,6,No,68,0,74,42,6.0,20,5,Kinesthetic,2,9,4,Low,0
S1956,19,Male,Low,Secondary,Joint,No,2.96,Low,2,66,4,Yes,66,3,89,29,11.2,13,6,Visual,2,8,0,Low,0
S1957,18,Male,Medium,Secondary,Nuclear,No,2.91,Low,0,104,3,No,83,9,67,98,15.1,29,7,Visual,5,5,3,Medium,0
S1958,22,Female,Medium,Postgraduate,Nuclear,No,3.28,Low,3,57,3,No,63,2,56,37,18.1,12,9,Auditory,3,6,3,Medium,0
S1959,22,Male,Medium,Primary,Single Parent,No,2.11,Medium,4,42,4,No,67,5,95,56,12.7,7,6,Mixed,5,0,5,Medium,0
S1960,18,Female,Low,None,Joint,Yes,3.99,Low,3,76,5,No,73,6,40,93,7.1,4,1,Visual,4,0,1,Medium,0
S1961,23,Female,Medium,Graduate,Nuclear,No,3.56,Medium,1,65,6,No,94,2,63,39,2.5,9,3,Kinesthetic,4,9,5,Low,0
S1962,18,Female,High,Postgraduate,Nuclear,Yes,3.02,Low,3,69,5,No,44,0,72,96,18.4,3,4,Kinesthetic,5,8,0,Medium,0
S1963,21,Female,Medium,Secondary,Joint,Yes,1.94,High,0,54,6,No,66,6,69,52,2.2,22,7,Mixed,1,0,3,Medium,0
S1964,18,Female,Low,None,Nuclear,No,1.61,Medium,1,57,7,Yes,89,2,97,95,18.5,8,2,Visual,5,6,0,High,1
S1965,24,Other,High,Secondary,Joint,Yes,3.03,Medium,4,115,3,Yes,91,2,89,70,12.5,23,3,Mixed,4,0,4,Low,0
S1966,20,Female,Low,Primary,Joint,Yes,3.52,Medium,0,105,3,No,83,7,100,46,9.5,20,3,Auditory,1,1,3,Medium,0
S1967,18,Male,Low,Postgraduate,Guardian,No,2.65,High,3,34,3,Yes,89,7,46,77,11.9,1,8,Kinesthetic,2,5,5,High,0
S1968,19,Female,Low,Graduate,Joint,Yes,2.82,Medium,2,78,6,Yes,78,5,44,49,9.6,10,8,Visual,5,2,4,Medium,0
S1969,22,Male,Low,Postgraduate,Single Parent,No,1.66,Low,4,34,7,No,58,6,38,68,11.1,9,1,Kinesthetic,5,1,3,Medium,1
S1970,25,Male,Low,None,Nuclear,Yes,1.87,Medium,2,83,7,No,78,10,38,92,6.1,1,10,Mixed,5,6,2,Low,0
S1971,21,Female,Medium,Graduate,Nuclear,Yes,3.68,Medium,5,28,5,No,68,5,98,20,6.5,27,10,Kinesthetic,2,10,5,Medium,0
S1972,23,Female,Medium,Primary,Nuclear,No,2.62,Medium,1,101,7,No,44,10,80,86,1.2,23,5,Visual,2,10,1,Low,0
S1973,20,Female,Low,Graduate,Nuclear,Yes,3.9,Medium,5,34,4,No,74,10,63,41,5.9,26,4,Mixed,5,8,4,Medium,0
S1974,21,Male,Medium,Primary,Single Parent,Yes,3.85,Medium,5,56,7,Yes,55,8,44,57,5.5,22,8,Auditory,3,7,3,High,1
S1975,17,Female,Medium,Secondary,Single Parent,No,3.58,Low,0,48,4,Yes,84,2,30,92,11.7,21,7,Auditory,2,7,2,Medium,0
S1976,21,Male,Low,None,Nuclear,No,2.79,Medium,1,95,3,No,42,1,32,48,13.7,12,2,Mixed,2,6,1,Low,1
S1977,18,Female,Medium,Postgraduate,Single Parent,Yes,1.71,Medium,4,26,6,Yes,87,7,74,31,12.3,11,1,Visual,3,6,5,Medium,1
S1978,19,Female,Medium,None,Joint,No,3.91,Low,4,46,5,No,58,5,66,46,15.9,17,6,Mixed,5,8,4,Low,0
S1979,21,Female,Medium,Secondary,Nuclear,Yes,1.59,High,1,41,3,No,40,9,31,91,8.9,3,2,Kinesthetic,2,4,3,Medium,1
S1980,25,Male,Low,Secondary,Nuclear,No,3.89,Low,1,86,4,Yes,74,10,52,58,17.8,1,9,Auditory,2,3,0,Low,0
S1981,23,Male,Medium,Graduate,Joint,No,2.03,Medium,3,99,7,No,77,4,71,38,18.9,25,6,Visual,3,2,2,Medium,0
S1982,22,Male,High,Secondary,Nuclear,Yes,3.02,High,0,104,4,No,61,1,37,71,10.5,28,2,Visual,5,9,0,Low,0
S1983,18,Male,Low,Graduate,Nuclear,Yes,2.69,Medium,2,26,4,Yes,63,4,87,39,16.2,27,10,Auditory,4,1,1,Low,0
S1984,18,Male,Medium,Postgraduate,Nuclear,No,1.96,Medium,2,47,6,Yes,50,4,80,59,7.5,13,7,Auditory,4,6,1,High,1
S1985,20,Female,Medium,Graduate,Joint,Yes,3.46,High,4,100,5,No,55,1,33,48,7.0,29,3,Visual,2,10,2,High,1
S1986,20,Female,Medium,Secondary,Joint,No,1.87,Medium,1,64,6,No,59,1,84,53,8.6,28,6,Mixed,3,1,2,Medium,1
S1987,21,Female,Medium,Postgraduate,Single Parent,No,1.72,Medium,0,104,7,No,97,4,34,79,8.1,4,9,Mixed,1,3,0,Medium,0
S1988,25,Male,Low,Secondary,Nuclear,No,2.77,High,0,64,3,No,95,7,42,62,5.9,6,6,Mixed,4,2,5,High,0
S1989,21,Male,Low,Secondary,Joint,No,3.23,High,0,110,5,No,91,7,54,39,14.4,1,2,Mixed,4,7,0,Low,0
S1990,19,Female,Low,Postgraduate,Nuclear,No,3.17,Medium,2,94,4,No,84,0,48,47,1.3,14,8,Auditory,4,9,3,Medium,0
S1991,24,Female,Low,Postgraduate,Nuclear,No,3.37,Low,1,68,7,No,63,1,31,81,19.7,9,10,Mixed,5,9,4,Medium,0
S1992,23,Female,Medium,Primary,Single Parent,No,2.55,Medium,2,70,3,No,96,4,95,72,16.9,24,6,Auditory,3,5,4,Medium,0
S1993,23,Male,Low,Secondary,Nuclear,No,3.12,Low,5,30,4,No,85,10,93,95,2.1,1,6,Auditory,3,8,5,Medium,0
S1994,22,Male,Medium,Primary,Nuclear,Yes,3.88,Medium,3,80,6,No,48,8,65,30,19.3,4,8,Kinesthetic,4,9,5,Low,0
S1995,18,Male,Medium,Primary,Nuclear,No,3.58,High,3,52,5,No,91,1,72,73,13.9,6,8,Auditory,5,5,0,High,0
S1996,22,Female,Medium,Graduate,Nuclear,No,3.04,Low,2,32,3,Yes,54,2,56,56,19.0,5,10,Visual,3,9,1,Medium,0
S1997,23,Female,Low,Postgraduate,Nuclear,Yes,3.7,Low,4,39,6,No,64,1,39,40,6.9,6,10,Visual,2,0,0,Medium,0
S1998,20,Female,Low,Primary,Nuclear,No,2.09,Low,2,71,7,Yes,76,5,35,89,4.0,2,6,Visual,5,8,3,Medium,0
S1999,20,Male,Medium,Graduate,Nuclear,Yes,3.62,High,3,59,3,No,40,1,41,33,14.7,7,7,Mixed,3,6,5,Medium,0
S2000,17,Female,Medium,Graduate,Nuclear,Yes,3.06,Medium,0,81,3,No,68,10,80,86,6.9,1,4,Auditory,5,8,4,Medium,0
S2001,23,Female,Medium,Primary,Single Parent,Yes,3.53,Medium,1,76,7,Yes,63,6,55,66,13.5,3,5,Visual,1,5,1,High,0
S2002,18,Male,Medium,Postgraduate,Joint,No,1.72,Low,5,30,4,No,49,3,75,45,3.1,16,9,Visual,2,1,5,Low,1
S2003,24,Male,Medium,Graduate,Nuclear,No,2.96,Medium,2,23,7,No,94,10,42,62,19.8,7,2,Visual,3,0,0,High,0
S2004,20,Female,Medium,Primary,Single Parent,No,2.38,High,3,93,5,No,66,10,32,23,6.8,25,7,Kinesthetic,2,6,2,Medium,0
S2005,23,Female,High,Primary,Nuclear,No,3.59,Medium,1,91,3,No,96,7,82,99,18.3,12,8,Visual,4,10,1,Low,0
S2006,18,Female,Low,Graduate,Joint,No,1.99,High,4,106,4,No,80,0,88,35,2.1,23,8,Visual,5,5,0,High,1
S2007,25,Female,Low,Secondary,Nuclear,Yes,3.37,Medium,5,56,7,No,78,5,94,79,13.4,22,9,Kinesthetic,3,2,5,Low,0
S2008,21,Female,Medium,Secondary,Joint,No,1.83,Low,0,62,7,Yes,48,8,89,96,2.9,22,10,Mixed,3,2,3,Low,1
S2009,17,Female,Low,Primary,Single Parent,No,1.53,Medium,5,47,7,Yes,58,3,86,89,2.8,16,10,Auditory,3,3,0,High,1
S2010,24,Male,High,Postgraduate,Guardian,No,3.86,High,0,36,3,Yes,80,3,33,98,8.0,4,7,Kinesthetic,4,1,4,High,0
S2011,18,Male,Medium,Graduate,Nuclear,Yes,2.03,Low,5,97,5,Yes,76,10,65,43,7.2,14,10,Visual,3,6,4,High,0
S2012,18,Female,Low,Graduate,Single Parent,Yes,1.87,Medium,2,32,6,Yes,58,5,56,68,13.0,14,2,Mixed,3,10,2,Medium,1
S2013,24,Male,Medium,Secondary,Nuclear,No,1.51,Medium,2,35,4,No,53,3,36,72,14.6,20,4,Visual,4,8,1,Medium,1
S2014,21,Female,Low,Secondary,Nuclear,Yes,2.14,Low,2,44,5,No,60,2,94,69,6.1,11,7,Kinesthetic,2,6,3,High,0
S2015,18,Female,High,Secondary,Nuclear,No,1.55,High,4,24,5,No,86,8,99,61,16.4,20,1,Visual,5,9,0,Medium,1
S2016,20,Female,Low,Graduate,Joint,Yes,3.7,High,3,77,6,No,64,8,31,23,11.5,11,1,Mixed,1,1,2,Medium,0
S2017,21,Female,Low,Secondary,Nuclear,No,2.1,High,2,119,6,No,46,7,82,23,3.9,12,7,Auditory,2,10,4,High,1
S2018,20,Female,Medium,Primary,Nuclear,No,2.12,Medium,2,112,4,Yes,77,8,85,67,15.3,23,7,Auditory,2,3,3,Low,0
S2019,24,Male,Medium,Secondary,Guardian,No,1.56,Low,3,98,7,No,81,1,64,46,10.9,22,7,Kinesthetic,4,3,0,Medium,0
S2020,19,Female,Medium,Secondary,Nuclear,No,3.39,Medium,4,25,5,No,68,3,100,93,19.5,2,5,Mixed,1,4,5,Low,0
S2021,20,Female,Medium,Graduate,Nuclear,Yes,1.92,High,1,105,7,No,94,7,96,47,5.6,29,1,Mixed,3,4,3,Low,1
S2022,23,Female,Low,Secondary,Nuclear,Yes,3.55,Medium,1,90,3,Yes,80,7,54,58,4.2,15,8,Mixed,4,2,2,Medium,0
S2023,19,Male,Low,Primary,Nuclear,No,2.26,Medium,5,47,5,No,72,9,92,57,12.6,22,5,Auditory,1,6,5,Medium,0
S2024,20,Male,Medium,Graduate,Nuclear,Yes,2.93,Medium,2,48,5,No,67,4,51,88,14.4,7,4,Visual,4,7,0,Medium,0
S2025,21,Male,Medium,Secondary,Nuclear,No,2.5,High,0,74,7,No,97,6,48,81,5.3,12,8,Visual,5,3,0,Low,0
S2026,24,Female,Low,Graduate,Nuclear,Yes,2.82,Low,0,70,6,Yes,97,2,69,98,19.7,6,7,Visual,1,4,1,High,0
S2027,17,Female,Medium,Primary,Single Parent,Yes,2.3,High,0,42,5,No,81,6,60,97,5.5,12,9,Mixed,4,5,5,High,0
S2028,23,Female,Medium,Secondary,Nuclear,No,2.37,Low,4,76,5,No,99,6,35,87,19.0,16,10,Auditory,4,5,2,High,0
S2029,20,Male,Low,Primary,Nuclear,Yes,2.12,Low,1,54,6,Yes,96,2,47,57,2.6,14,7,Visual,2,3,2,Medium,0
S2030,25,Male,Medium,Secondary,Nuclear,Yes,2.45,Low,2,103,6,No,47,2,78,63,5.5,2,8,Mixed,2,6,5,Medium,0
S2031,17,Female,Low,Primary,Nuclear,Yes,2.74,Low,5,109,6,No,62,5,71,84,13.9,4,1,Visual,5,9,3,Low,0
S2032,21,Male,Medium,Graduate,Nuclear,No,1.55,Low,3,64,4,Yes,66,5,37,88,3.7,14,1,Visual,4,9,4,High,1
S2033,20,Other,Low,Secondary,Single Parent,No,2.56,Low,1,87,3,No,51,4,35,81,19.4,24,7,Kinesthetic,5,6,5,Medium,0
S2034,19,Female,Medium,Secondary,Joint,No,3.9,Medium,4,59,5,No,46,9,44,70,17.5,11,1,Kinesthetic,2,5,1,Low,1
S2035,20,Other,Medium,Postgraduate,Nuclear,Yes,3.64,High,2,108,6,No,79,8,64,73,9.7,5,5,Mixed,5,6,3,Medium,0
S2036,23,Male,Low,Graduate,Nuclear,Yes,1.95,Low,5,31,3,Yes,64,5,97,98,5.5,2,10,Kinesthetic,2,7,0,Low,0
S2037,22,Female,Low,Primary,Nuclear,No,1.81,High,1,46,5,No,88,0,46,66,5.0,16,8,Kinesthetic,4,3,0,Medium,0
S2038,25,Female,Medium,Secondary,Nuclear,No,2.41,High,4,101,7,No,53,5,92,59,5.1,13,3,Visual,4,1,1,Medium,1
S2039,20,Female,Medium,Graduate,Nuclear,No,2.08,Low,0,34,5,No,92,9,59,92,7.9,20,9,Kinesthetic,2,5,4,Low,0
S2040,17,Female,Medium,Postgraduate,Joint,No,3.72,Low,4,93,4,Yes,89,9,59,89,17.0,29,4,Auditory,4,9,5,Low,0
S2041,19,Male,Medium,Postgraduate,Joint,No,2.79,Medium,2,87,3,Yes,59,1,71,29,7.8,27,9,Visual,3,1,3,High,1
S2042,24,Male,Low,Secondary,Nuclear,Yes,2.29,Low,4,83,5,No,70,5,43,60,17.9,18,5,Auditory,2,0,5,Medium,0
S2043,21,Female,Low,Secondary,Nuclear,No,3.34,Low,0,92,5,No,69,6,82,33,5.2,20,1,Visual,1,7,1,Low,0
S2044,17,Male,Low,Secondary,Nuclear,Yes,3.77,Medium,2,53,4,No,87,0,84,93,10.9,22,9,Mixed,5,9,3,Medium,0
S2045,20,Male,Low,Primary,Single Parent,No,3.67,Medium,4,69,5,Yes,89,5,80,76,10.2,20,10,Kinesthetic,3,4,1,Low,0
S2046,18,Male,Low,None,Guardian,No,1.69,Low,4,59,4,No,96,2,43,59,4.9,12,9,Auditory,1,9,5,Low,0
S2047,20,Male,High,Graduate,Joint,No,3.46,Low,4,31,7,No,79,2,55,74,8.6,17,8,Kinesthetic,3,8,1,Low,0
S2048,24,Female,Low,Secondary,Nuclear,No,1.52,Low,0,61,5,No,89,4,84,37,8.7,17,7,Kinesthetic,2,9,4,Medium,0
S2049,20,Female,High,Primary,Joint,Yes,2.01,Medium,1,89,3,Yes,61,10,44,51,1.2,3,8,Auditory,3,6,2,Medium,0
S2050,21,Female,High,Secondary,Nuclear,No,3.68,Low,2,81,5,No,40,6,91,78,8.5,27,5,Visual,1,5,1,Low,0
S2051,22,Female,Medium,Secondary,Joint,No,3.74,Medium,5,61,5,No,62,1,72,88,6.0,15,6,Kinesthetic,1,5,3,Medium,0
S2052,25,Female,Medium,Secondary,Single Parent,Yes,3.53,Medium,5,52,3,No,75,10,36,56,16.5,7,2,Visual,3,2,1,Low,0
S2053,24,Male,Medium,Graduate,Nuclear,No,2.8,Medium,4,29,4,No,69,10,40,92,18.1,22,5,Auditory,3,4,4,Medium,0
S2054,19,Male,Low,Secondary,Nuclear,No,1.93,Medium,3,39,4,No,87,2,59,87,1.6,25,1,Mixed,5,7,1,High,1
S2055,23,Female,Medium,None,Nuclear,No,2.26,Medium,0,65,3,No,91,9,80,53,6.0,15,5,Auditory,3,5,0,Medium,0
S2056,18,Male,Medium,Primary,Single Parent,No,1.95,Medium,0,40,5,No,78,7,42,75,19.8,21,8,Mixed,2,0,1,Low,0
S2057,19,Other,Medium,Secondary,Single Parent,No,2.53,Medium,4,70,5,No,83,3,35,86,11.8,23,3,Visual,4,4,2,Low,0
S2058,18,Female,Medium,Primary,Single Parent,No,2.09,Medium,4,107,7,No,92,4,91,97,13.0,2,3,Auditory,1,5,2,Medium,0
S2059,19,Male,Low,Primary,Nuclear,No,2.59,Low,3,22,4,No,81,7,49,42,8.5,18,4,Visual,4,0,0,Low,0
S2060,20,Female,Low,Graduate,Nuclear,No,2.18,Medium,4,39,7,No,44,6,50,32,18.6,15,6,Kinesthetic,2,5,1,Medium,0
S2061,21,Male,Low,Primary,Single Parent,No,2.57,Medium,4,103,7,Yes,84,1,94,68,11.9,6,2,Auditory,5,2,0,Low,0
S2062,20,Female,Low,Secondary,Joint,No,3.11,Medium,2,107,6,Yes,95,10,85,56,9.0,1,4,Visual,1,1,2,Low,0
S2063,20,Female,Medium,Primary,Nuclear,No,3.23,High,4,45,6,No,57,1,34,59,6.1,3,8,Auditory,4,2,2,Low,0
S2064,17,Female,Medium,Graduate,Guardian,No,1.91,Medium,4,35,4,No,78,8,76,58,2.5,17,2,Kinesthetic,2,6,4,High,1
S2065,24,Female,High,Graduate,Nuclear,No,3.47,Medium,4,112,4,No,67,4,82,30,8.5,25,5,Auditory,3,4,4,Medium,0
S2066,22,Male,Medium,Graduate,Nuclear,No,2.61,High,1,37,5,No,69,5,88,44,13.0,1,6,Auditory,5,5,2,High,0
S2067,18,Male,Medium,Primary,Joint,No,3.17,Low,3,64,6,No,50,3,32,66,4.6,25,6,Visual,1,8,4,Medium,0
S2068,23,Male,Low,None,Guardian,No,3.85,Medium,2,71,5,No,41,7,35,66,8.9,18,8,Auditory,2,8,4,Medium,0
S2069,19,Female,Medium,Postgraduate,Nuclear,No,2.59,High,5,95,7,Yes,46,5,76,72,14.2,23,1,Kinesthetic,4,3,5,Low,1
S2070,19,Female,Low,Secondary,Single Parent,No,2.22,Medium,3,56,4,No,67,9,70,35,15.3,21,1,Auditory,5,0,0,High,0
S2071,18,Male,Low,Primary,Nuclear,No,2.71,Medium,1,112,4,Yes,42,6,33,61,17.9,17,3,Mixed,4,7,3,Low,1
S2072,21,Male,Medium,Secondary,Joint,No,3.16,Medium,4,71,6,No,67,2,68,35,12.2,17,10,Mixed,2,0,2,Medium,0
S2073,22,Male,Medium,Secondary,Joint,No,3.48,Medium,1,31,4,No,92,4,90,60,9.5,20,1,Visual,5,0,3,Medium,0
S2074,20,Female,Low,Graduate,Nuclear,Yes,2.89,Low,1,40,7,Yes,73,10,33,42,11.9,27,4,Visual,4,5,2,Low,0
S2075,21,Female,Medium,Graduate,Joint,No,3.05,Medium,1,30,6,No,42,0,50,47,12.6,3,4,Mixed,5,4,4,Low,0
S2076,23,Male,Medium,Graduate,Joint,No,3.37,Medium,2,85,5,No,58,9,82,43,4.3,5,7,Kinesthetic,5,8,5,High,1
S2077,17,Female,Low,Secondary,Nuclear,Yes,1.99,Medium,1,73,5,No,48,1,68,88,2.7,10,5,Visual,1,9,1,Low,1
S2078,23,Female,Medium,Graduate,Joint,Yes,3.49,High,1,109,4,No,54,6,53,78,3.6,17,2,Visual,5,8,0,Medium,1
S2079,24,Male,Medium,Secondary,Guardian,No,3.81,High,0,76,6,No,88,5,83,80,2.4,23,7,Mixed,1,6,2,Medium,0
S2080,17,Female,Low,Secondary,Single Parent,No,2.38,Medium,2,32,6,No,70,3,46,42,3.9,25,1,Mixed,5,3,4,Medium,0
S2081,25,Female,High,Postgraduate,Nuclear,Yes,2.0,Medium,4,82,7,No,81,6,48,85,18.0,29,7,Kinesthetic,5,1,5,Low,0
S2082,21,Male,Medium,None,Nuclear,No,3.0,Medium,1,99,3,No,46,8,82,99,6.0,16,3,Mixed,2,0,4,Low,1
S2083,20,Male,Low,Secondary,Joint,No,3.42,High,5,95,4,No,82,10,51,46,2.2,23,6,Visual,2,4,1,Low,0
S2084,25,Female,Low,Graduate,Guardian,No,2.02,Low,3,90,6,No,65,0,56,50,6.5,10,5,Auditory,3,2,2,Low,0
S2085,20,Other,High,Secondary,Nuclear,Yes,3.55,Medium,5,44,5,No,95,6,76,63,14.6,27,10,Auditory,4,9,4,Low,0
S2086,23,Male,Medium,Secondary,Nuclear,Yes,2.4,Medium,1,67,4,No,69,6,83,79,11.5,8,7,Auditory,5,7,1,Medium,0
S2087,17,Female,Low,Graduate,Nuclear,No,3.59,High,3,79,3,No,55,2,71,70,16.2,28,3,Visual,4,9,2,Medium,1
S2088,19,Male,Medium,Primary,Nuclear,No,2.83,Low,0,51,7,No,97,0,49,33,3.8,23,4,Kinesthetic,3,10,0,Medium,0
S2089,21,Male,Low,None,Nuclear,Yes,1.51,Low,0,78,7,No,94,5,98,40,18.8,18,9,Visual,1,1,3,Medium,0
S2090,19,Male,Medium,Graduate,Nuclear,Yes,1.61,Medium,1,112,5,No,69,6,88,33,9.5,1,1,Visual,4,5,3,Low,1
S2091,21,Female,Medium,Secondary,Nuclear,No,1.78,Medium,3,117,3,Yes,76,0,72,76,3.7,29,9,Auditory,1,9,5,Medium,0
S2092,17,Male,Medium,Secondary,Single Parent,No,2.31,Medium,2,87,6,No,58,10,44,71,11.1,5,3,Mixed,2,9,3,Medium,1
S2093,21,Female,Medium,Graduate,Joint,No,4.0,High,3,60,5,Yes,65,10,97,94,11.3,20,7,Mixed,3,3,3,Low,0
S2094,21,Male,Low,Primary,Nuclear,Yes,3.67,Medium,3,62,6,Yes,76,6,90,26,2.5,12,9,Visual,3,4,5,Medium,0
S2095,21,Male,Medium,Postgraduate,Nuclear,No,3.49,High,2,32,3,No,63,4,69,81,3.4,27,4,Mixed,5,6,2,Low,0
S2096,18,Female,Medium,Secondary,Joint,No,3.47,Low,5,38,5,Yes,98,7,33,37,16.8,21,6,Kinesthetic,4,3,0,Low,0
S2097,24,Male,Low,Secondary,Joint,No,3.16,Medium,3,115,7,No,88,8,35,67,10.9,25,4,Mixed,3,1,3,Medium,0
S2098,25,Male,Low,Secondary,Guardian,No,1.53,Low,2,111,6,Yes,93,9,89,46,18.2,4,3,Auditory,1,8,0,High,1
S2099,22,Female,High,Primary,Nuclear,No,3.6,Low,0,52,4,No,81,6,52,97,10.0,21,2,Auditory,2,1,3,Medium,0
S2100,21,Male,Low,Primary,Nuclear,No,1.7,Medium,0,71,6,No,84,2,85,54,1.7,14,8,Auditory,2,7,1,Medium,0
S2101,23,Female,Low,Graduate,Nuclear,Yes,1.5,High,5,118,4,No,98,0,66,75,17.9,2,8,Kinesthetic,2,3,5,Low,0
S2102,23,Female,Low,Secondary,Nuclear,No,3.0,Low,2,29,4,Yes,74,7,72,89,8.5,5,10,Visual,4,4,1,Medium,0
S2103,18,Other,Low,Primary,Single Parent,No,3.71,Medium,2,67,4,No,79,3,77,77,1.8,29,5,Visual,2,9,1,High,0
S2104,25,Female,Medium,Graduate,Guardian,Yes,2.94,Medium,4,21,6,Yes,62,0,45,65,7.6,25,2,Auditory,2,7,5,Medium,0
S2105,20,Other,Low,Graduate,Joint,No,2.27,Medium,0,31,5,No,49,5,79,38,7.6,11,4,Auditory,5,3,0,High,1
S2106,24,Female,Low,Secondary,Single Parent,Yes,3.99,Low,2,22,6,No,51,1,88,67,14.1,10,2,Kinesthetic,2,7,5,Medium,1
S2107,23,Female,Low,Graduate,Nuclear,No,2.46,Medium,2,83,7,No,92,3,87,72,1.7,17,8,Kinesthetic,2,10,0,High,0
S2108,21,Female,Medium,Primary,Nuclear,Yes,2.07,Low,1,71,5,No,42,10,62,39,2.0,24,7,Mixed,4,0,1,Medium,0
S2109,18,Male,Medium,None,Guardian,No,3.91,High,5,45,5,No,88,7,50,98,19.5,13,3,Visual,5,7,5,Low,0
S2110,18,Male,Medium,Primary,Nuclear,Yes,2.58,Medium,0,62,4,No,81,0,36,67,14.6,20,9,Mixed,2,0,5,Medium,0
S2111,18,Male,Low,Postgraduate,Nuclear,No,1.53,Medium,3,66,6,Yes,81,10,90,41,19.7,17,8,Visual,3,8,4,Medium,0
S2112,20,Female,Low,Postgraduate,Nuclear,No,2.03,Medium,3,119,6,No,47,7,33,28,9.6,28,5,Mixed,2,2,3,Medium,0
S2113,21,Female,Low,Secondary,Nuclear,No,3.56,Medium,1,36,5,No,44,9,82,39,17.3,4,5,Auditory,4,5,2,Low,0
S2114,25,Female,Medium,Secondary,Joint,Yes,3.09,Low,5,21,5,No,88,4,99,88,8.4,10,2,Visual,3,0,0,Low,0
S2115,17,Female,Low,Postgraduate,Joint,No,3.84,High,4,30,6,No,56,8,82,91,11.0,29,10,Auditory,4,1,5,High,1
S2116,18,Male,Medium,Postgraduate,Nuclear,No,1.89,Medium,5,25,6,No,75,10,97,32,18.8,20,8,Visual,1,10,0,Medium,0
S2117,23,Male,Medium,Primary,Nuclear,Yes,3.88,Medium,3,21,7,No,58,8,82,36,5.0,14,2,Auditory,4,4,0,Low,1
S2118,20,Female,Medium,None,Joint,No,1.94,Medium,2,90,4,No,83,9,65,22,11.9,15,4,Visual,5,2,5,Medium,0
S2119,22,Other,Low,None,Nuclear,No,2.52,Medium,5,61,3,No,40,9,66,94,1.7,24,10,Kinesthetic,2,9,0,Low,0
S2120,22,Male,Low,Primary,Joint,Yes,1.96,High,5,97,5,No,84,3,88,65,8.6,16,10,Visual,4,1,4,Medium,0
S2121,23,Female,Medium,Secondary,Nuclear,No,2.69,Medium,5,53,4,No,59,10,52,31,7.2,18,2,Kinesthetic,2,10,0,Low,1
S2122,22,Female,Low,Secondary,Nuclear,No,2.99,Medium,4,86,6,Yes,99,4,44,58,18.3,5,1,Kinesthetic,3,1,4,High,0
S2123,25,Female,Medium,Primary,Guardian,Yes,3.48,Medium,1,92,4,No,99,5,48,48,10.7,4,4,Visual,2,9,4,Low,0
S2124,22,Male,Low,None,Joint,No,3.25,Medium,4,91,6,Yes,75,3,100,26,8.9,29,9,Auditory,3,5,5,Low,0
S2125,20,Female,Medium,Secondary,Single Parent,Yes,3.94,High,1,116,3,No,58,6,85,22,8.3,9,2,Auditory,2,2,3,Medium,1
S2126,21,Other,Medium,Graduate,Nuclear,No,2.1,Low,3,99,5,No,40,0,68,71,13.9,26,6,Auditory,3,5,3,Medium,0
S2127,17,Female,Low,Secondary,Nuclear,No,3.38,Medium,4,24,5,Yes,57,3,52,46,2.1,18,5,Kinesthetic,3,9,1,Low,0
S2128,17,Female,Medium,Secondary,Nuclear,No,1.68,Low,5,116,6,Yes,48,7,33,65,19.8,19,6,Auditory,2,3,2,Low,1
S2129,21,Female,Low,Secondary,Nuclear,Yes,2.67,Medium,1,110,5,No,97,8,66,96,16.7,3,3,Kinesthetic,2,7,2,Medium,0
S2130,18,Female,Medium,Secondary,Single Parent,No,2.33,Medium,3,53,7,Yes,40,7,73,71,10.3,5,2,Auditory,5,5,0,High,1
S2131,23,Female,Medium,Postgraduate,Single Parent,Yes,2.9,Medium,5,64,3,Yes,76,1,63,99,1.3,1,6,Auditory,1,7,2,Low,0
S2132,21,Male,High,Secondary,Nuclear,Yes,2.01,Low,2,36,3,No,60,9,38,92,6.3,15,3,Mixed,2,10,5,Medium,0
S2133,17,Female,High,Primary,Joint,Yes,3.51,Medium,5,111,4,No,98,0,52,81,6.5,12,7,Mixed,4,1,4,High,0
S2134,21,Male,Low,Primary,Joint,Yes,3.38,Medium,3,72,4,No,82,7,91,97,8.1,14,6,Auditory,5,5,0,High,0
S2135,22,Male,Low,Secondary,Single Parent,No,2.12,Low,4,114,7,No,67,6,90,54,2.2,21,1,Mixed,5,2,0,Medium,0
S2136,25,Female,Low,Secondary,Nuclear,No,2.35,Low,0,49,3,Yes,58,4,84,33,1.4,4,10,Mixed,5,2,5,Medium,0
S2137,20,Male,Medium,None,Nuclear,No,3.56,Medium,4,34,7,No,91,0,71,100,15.0,14,2,Auditory,1,1,3,High,0
S2138,23,Male,Low,Primary,Nuclear,No,3.97,Medium,5,94,6,No,40,10,83,28,2.0,21,7,Auditory,4,10,3,Low,0
S2139,17,Male,Low,Secondary,Joint,Yes,3.67,Medium,3,89,5,No,88,5,90,52,14.5,6,4,Visual,3,2,4,Medium,0
S2140,24,Male,Low,Secondary,Single Parent,Yes,3.53,Low,3,109,5,No,95,10,37,21,10.3,14,8,Mixed,1,5,1,Low,0
S2141,23,Female,Low,Secondary,Nuclear,Yes,1.62,Low,5,83,3,Yes,77,0,33,51,9.6,18,8,Kinesthetic,5,6,3,Medium,0
S2142,22,Male,Low,Graduate,Joint,No,3.07,Medium,1,100,7,Yes,86,9,36,26,10.9,18,7,Visual,3,8,1,High,0
S2143,19,Male,Low,Primary,Single Parent,Yes,3.29,High,0,67,3,No,40,10,83,23,4.8,28,2,Visual,3,0,2,Medium,1
S2144,24,Female,Medium,Postgraduate,Nuclear,No,3.01,Medium,4,71,3,No,59,8,34,80,11.0,26,8,Mixed,1,10,5,High,1
S2145,21,Female,Medium,Secondary,Nuclear,No,2.09,High,3,73,4,No,78,6,55,39,6.3,28,4,Visual,4,5,0,Low,0
S2146,24,Female,Medium,Graduate,Nuclear,No,2.87,Low,0,30,6,Yes,75,2,32,94,13.2,10,9,Kinesthetic,4,8,4,High,0
S2147,18,Female,Medium,Secondary,Joint,No,3.4,Medium,4,28,5,Yes,61,1,86,76,1.6,21,5,Auditory,3,10,5,Medium,0
S2148,19,Male,Medium,Secondary,Joint,Yes,2.94,Low,2,45,3,No,59,3,76,32,3.9,14,3,Auditory,4,0,0,Medium,1
S2149,23,Male,Low,Primary,Guardian,Yes,3.25,Medium,2,66,7,Yes,64,0,44,96,14.8,27,6,Visual,4,8,2,High,0
S2150,24,Male,High,Primary,Joint,Yes,2.46,Medium,2,64,3,No,92,6,66,34,3.5,19,4,Auditory,5,10,5,High,0
S2151,25,Male,Medium,Postgraduate,Guardian,No,3.03,High,4,43,4,No,79,0,88,30,17.0,14,8,Auditory,2,6,3,High,0
S2152,24,Male,Low,Secondary,Joint,Yes,3.17,Medium,5,102,7,No,90,9,74,30,10.4,11,8,Kinesthetic,3,0,3,High,0
S2153,23,Female,Medium,Graduate,Guardian,Yes,3.15,Low,3,30,7,No,69,4,68,58,11.0,9,6,Auditory,2,7,3,Medium,0
S2154,22,Male,Medium,Secondary,Nuclear,No,1.58,High,0,36,3,No,68,2,57,95,13.1,19,7,Mixed,5,3,1,High,1
S2155,21,Female,Medium,Secondary,Nuclear,No,3.67,High,2,66,5,Yes,51,9,81,49,13.1,20,6,Mixed,3,3,1,Low,0
S2156,18,Male,Medium,None,Single Parent,Yes,1.53,Medium,4,61,6,Yes,81,7,30,63,13.1,1,8,Auditory,2,2,4,Low,0
S2157,23,Male,Low,Secondary,Single Parent,No,3.5,Low,3,73,5,No,43,5,30,58,11.3,5,5,Kinesthetic,5,1,0,Medium,0
S2158,22,Female,Medium,Primary,Nuclear,Yes,3.02,Medium,5,88,4,Yes,48,8,58,80,13.2,4,8,Mixed,4,7,3,Medium,0
S2159,20,Male,Low,Primary,Joint,Yes,2.46,Medium,3,111,4,No,93,1,63,39,12.9,5,4,Visual,3,4,4,Low,0
S2160,23,Male,Medium,Graduate,Nuclear,Yes,3.22,Low,5,77,7,Yes,54,4,69,71,1.4,6,9,Mixed,4,3,5,Medium,0
S2161,17,Female,Low,Primary,Nuclear,No,3.54,Low,1,55,3,Yes,41,0,49,57,14.6,16,8,Auditory,2,10,5,Medium,0
S2162,23,Male,High,Secondary,Guardian,No,2.67,High,3,34,6,No,83,9,61,69,10.8,4,1,Mixed,2,6,4,Medium,0
S2163,22,Male,Medium,Postgraduate,Nuclear,No,2.81,Low,0,81,3,No,49,10,63,70,6.5,14,5,Mixed,4,6,0,Medium,0
S2164,17,Other,High,Primary,Joint,Yes,2.21,Low,5,85,4,No,53,3,66,82,7.4,10,6,Visual,3,9,0,Medium,0
S2165,21,Male,Medium,Secondary,Nuclear,Yes,2.57,Medium,3,44,3,No,73,9,76,24,4.1,25,9,Mixed,5,2,4,High,0
S2166,18,Female,Medium,Primary,Nuclear,Yes,3.65,High,4,28,6,No,80,6,94,99,15.7,17,6,Mixed,4,2,1,Medium,0
S2167,24,Male,Medium,Graduate,Nuclear,No,2.23,High,0,95,3,Yes,80,5,56,89,8.0,23,8,Auditory,2,9,4,High,0
S2168,19,Female,Low,Secondary,Joint,Yes,3.22,Medium,2,53,4,Yes,48,10,59,24,14.0,22,3,Mixed,4,2,4,Medium,1
S2169,21,Female,Medium,Secondary,Joint,No,3.69,Medium,0,69,5,Yes,87,1,97,80,16.2,9,4,Auditory,2,6,3,Low,0
S2170,20,Female,Medium,Secondary,Nuclear,Yes,2.07,Medium,4,110,7,Yes,84,4,97,64,3.5,10,3,Visual,1,10,1,Medium,0
S2171,24,Male,Medium,Secondary,Nuclear,No,1.97,Medium,5,94,6,No,70,7,47,92,3.9,26,1,Mixed,1,4,2,Medium,1
S2172,20,Female,Low,Secondary,Nuclear,No,1.51,Medium,4,78,3,Yes,76,0,91,70,6.8,12,5,Mixed,3,3,0,Medium,0
S2173,24,Male,Medium,Secondary,Guardian,Yes,3.12,Medium,5,91,5,No,94,10,54,37,18.0,2,6,Auditory,1,1,5,Medium,0
S2174,24,Female,Low,Primary,Nuclear,No,2.06,Medium,1,35,7,No,84,3,89,29,17.0,23,8,Visual,2,1,2,Low,0
S2175,19,Male,Medium,Primary,Joint,Yes,2.67,Medium,1,43,5,No,47,0,53,59,15.0,20,6,Visual,4,6,4,Medium,0
S2176,20,Female,Medium,Primary,Nuclear,Yes,2.66,Medium,3,26,3,No,66,10,35,87,17.9,23,1,Auditory,2,0,0,Low,0
S2177,25,Male,Low,Secondary,Nuclear,No,2.91,Low,2,70,4,No,44,4,41,88,11.2,26,2,Kinesthetic,2,3,3,High,1
S2178,17,Female,High,Postgraduate,Joint,Yes,2.88,Medium,5,118,6,No,70,7,39,55,2.4,8,8,Mixed,1,2,2,High,0
S2179,24,Male,Medium,Secondary,Single Parent,Yes,3.72,High,3,116,7,No,63,5,42,37,8.1,24,8,Mixed,3,7,0,High,0
S2180,20,Male,Low,Graduate,Nuclear,No,2.17,High,2,101,3,No,46,6,77,55,11.8,17,3,Auditory,3,8,0,High,1
S2181,18,Male,Medium,Primary,Nuclear,Yes,3.22,Medium,1,29,6,No,99,2,94,39,16.9,4,1,Kinesthetic,1,5,2,Low,0
S2182,20,Female,Low,None,Nuclear,No,2.94,High,5,23,6,No,90,9,81,95,4.4,22,7,Auditory,4,10,5,Medium,0
S2183,23,Male,Medium,Secondary,Nuclear,No,1.94,Low,0,105,6,Yes,44,3,37,71,8.7,26,1,Visual,5,5,1,High,1
S2184,24,Male,Low,Postgraduate,Nuclear,Yes,2.24,Low,1,43,4,Yes,81,1,34,37,12.5,27,1,Visual,5,9,2,Medium,0
S2185,22,Female,Low,Graduate,Joint,No,2.62,Low,5,75,5,Yes,43,0,89,81,17.4,14,5,Visual,4,10,1,Medium,0
S2186,18,Female,Medium,Graduate,Joint,No,3.96,High,3,36,5,No,44,6,81,81,2.8,24,8,Kinesthetic,1,10,4,Medium,0
S2187,19,Male,High,Graduate,Nuclear,No,1.51,High,4,24,4,No,71,7,69,62,1.2,22,10,Auditory,1,4,2,Medium,0
S2188,22,Female,Low,Graduate,Nuclear,No,3.6,Medium,5,27,7,No,91,5,46,29,19.7,14,8,Auditory,4,6,3,Low,0
S2189,19,Female,Medium,Secondary,Guardian,No,3.78,Medium,5,98,6,No,87,1,95,87,8.9,24,2,Auditory,3,0,5,Low,0
S2190,23,Female,Low,None,Guardian,Yes,3.63,High,5,54,4,No,48,1,38,74,18.5,29,6,Mixed,5,5,0,Medium,0
S2191,25,Male,Medium,None,Joint,Yes,3.21,Medium,4,40,7,Yes,43,8,55,44,15.8,29,4,Auditory,4,0,1,High,1
S2192,22,Male,High,Graduate,Nuclear,No,3.23,Medium,5,89,5,No,94,4,91,60,12.5,14,10,Mixed,4,0,2,Medium,0
S2193,23,Male,Low,None,Single Parent,Yes,2.79,Low,5,25,6,No,95,4,43,30,13.9,1,1,Auditory,5,3,0,Medium,0
S2194,22,Male,Medium,None,Joint,No,2.6,Low,1,24,4,No,49,5,89,28,11.8,27,1,Kinesthetic,4,9,2,High,1
S2195,23,Female,Low,Graduate,Nuclear,Yes,2.74,Low,1,73,7,No,85,5,30,35,10.4,24,8,Kinesthetic,1,6,5,Medium,0
S2196,23,Female,Medium,None,Nuclear,No,2.55,Medium,1,96,3,No,76,2,47,97,18.9,22,9,Auditory,1,7,4,Medium,0
S2197,22,Male,Medium,Graduate,Guardian,No,3.67,Medium,1,92,4,No,47,1,62,26,6.0,19,10,Mixed,5,3,2,Medium,0
S2198,20,Male,Low,Graduate,Nuclear,No,2.88,Medium,2,57,3,No,93,9,73,83,19.7,18,2,Mixed,3,9,0,Low,0
S2199,23,Male,High,Secondary,Joint,Yes,3.89,High,5,101,5,Yes,88,10,55,24,3.0,2,9,Kinesthetic,3,1,4,Medium,0
S2200,23,Male,Medium,Graduate,Nuclear,No,2.31,Medium,2,49,7,No,50,2,40,98,19.6,13,6,Kinesthetic,3,9,2,Medium,0
S2201,24,Female,Low,Primary,Nuclear,Yes,3.23,Medium,2,40,7,Yes,70,5,99,97,12.9,7,3,Mixed,3,10,2,Medium,0
S2202,24,Female,Low,Graduate,Nuclear,No,2.2,Low,1,97,3,No,66,5,70,35,18.9,23,8,Auditory,5,8,3,Low,0
S2203,25,Female,Medium,Primary,Single Parent,No,2.38,Medium,2,107,5,No,48,3,76,44,1.5,28,9,Visual,4,7,1,Medium,0
S2204,21,Female,High,Secondary,Single Parent,No,2.11,High,0,114,7,Yes,59,0,94,28,4.1,5,6,Visual,4,5,3,Medium,0
S2205,20,Female,Medium,Secondary,Nuclear,Yes,2.22,Low,2,95,5,Yes,80,2,52,86,10.0,6,9,Mixed,2,9,1,Medium,0
S2206,18,Female,Medium,Secondary,Nuclear,No,3.87,Medium,5,81,3,No,41,5,35,59,18.0,26,5,Kinesthetic,4,8,4,Medium,0
S2207,24,Male,High,Graduate,Joint,No,2.43,Low,5,88,7,Yes,63,5,94,71,16.7,3,7,Visual,1,1,4,High,0
S2208,24,Male,Medium,Graduate,Nuclear,Yes,3.58,Medium,5,52,5,Yes,75,7,89,46,7.3,29,5,Mixed,3,8,3,Medium,0
S2209,17,Male,Low,Postgraduate,Nuclear,No,3.16,Low,1,105,7,No,88,10,94,90,9.7,4,9,Visual,4,2,4,Medium,0
S2210,18,Female,Low,Postgraduate,Single Parent,No,3.9,Medium,1,105,7,No,73,10,43,42,3.3,4,8,Visual,5,8,2,Medium,0
S2211,23,Female,Low,None,Nuclear,No,1.52,Medium,1,43,7,No,55,2,38,79,16.1,16,8,Visual,4,3,5,Medium,1
S2212,24,Female,Medium,Secondary,Nuclear,No,1.84,High,4,109,7,No,92,5,50,71,11.4,8,9,Visual,4,8,5,High,1
S2213,22,Female,Low,Secondary,Nuclear,Yes,2.06,High,4,34,6,Yes,56,10,75,73,3.2,7,10,Kinesthetic,1,0,4,Medium,0
S2214,25,Male,Low,Primary,Single Parent,Yes,3.29,Low,2,42,5,No,98,2,87,51,10.2,9,2,Kinesthetic,2,4,5,Medium,0
S2215,24,Male,Medium,None,Nuclear,No,1.85,Medium,3,48,6,No,63,6,36,73,18.8,24,10,Auditory,2,9,5,Low,0
S2216,20,Male,High,None,Nuclear,No,3.64,High,1,34,3,Yes,57,1,63,37,12.5,19,6,Visual,1,4,4,Low,0
S2217,19,Male,Medium,Graduate,Nuclear,No,2.39,Medium,1,115,3,No,86,10,34,100,15.0,8,7,Kinesthetic,1,2,4,Medium,0
S2218,23,Male,Low,Graduate,Joint,No,2.6,High,5,57,5,No,50,10,38,24,20.0,1,2,Visual,1,4,0,Low,1
S2219,18,Female,Low,Secondary,Single Parent,Yes,2.66,Medium,3,45,4,Yes,53,9,68,57,5.4,20,3,Mixed,2,9,2,High,1
S2220,19,Male,Low,None,Joint,Yes,1.83,Medium,3,117,5,Yes,48,7,37,68,12.7,10,8,Auditory,2,6,4,Low,1
S2221,23,Male,Low,None,Nuclear,No,3.62,Medium,4,20,3,No,84,8,62,46,8.7,5,4,Visual,1,0,0,Low,0
S2222,17,Female,Low,Primary,Nuclear,Yes,2.98,Low,1,77,3,Yes,89,0,52,25,17.9,6,3,Mixed,5,2,4,Medium,0
S2223,17,Male,Low,Primary,Nuclear,No,3.59,Low,1,41,6,No,60,9,85,79,15.2,11,4,Mixed,3,8,1,Medium,0
S2224,25,Male,High,Secondary,Joint,No,2.87,Medium,5,21,7,No,66,8,67,46,1.9,4,9,Auditory,4,7,0,Medium,0
S2225,24,Male,High,Graduate,Single Parent,No,3.33,Medium,3,74,6,Yes,76,0,51,82,10.5,6,4,Mixed,2,8,1,Medium,0
S2226,17,Female,Medium,None,Joint,Yes,3.75,High,2,83,6,No,92,6,60,52,14.7,1,4,Mixed,5,2,5,Medium,0
S2227,23,Female,High,None,Single Parent,No,1.9,Medium,3,86,3,No,80,2,87,32,4.5,6,2,Mixed,3,9,2,Medium,1
S2228,18,Male,Medium,None,Nuclear,No,3.34,High,4,115,7,No,81,7,55,64,18.5,15,8,Mixed,3,2,4,Low,0
S2229,22,Male,Medium,Graduate,Nuclear,Yes,2.07,High,5,95,6,No,84,10,76,40,14.7,8,4,Visual,1,4,0,Medium,0
S2230,23,Male,Medium,Secondary,Nuclear,No,2.28,Low,1,79,3,No,78,0,37,24,8.1,18,8,Visual,3,8,3,Medium,0
S2231,19,Female,Low,Postgraduate,Nuclear,No,2.63,High,3,88,6,No,65,9,89,24,3.4,3,6,Auditory,5,5,0,Low,0
S2232,22,Male,Low,Postgraduate,Nuclear,Yes,2.66,Medium,4,68,7,No,71,8,56,33,9.5,28,8,Auditory,5,4,3,High,0
S2233,18,Male,Medium,Graduate,Nuclear,No,3.94,Medium,3,86,4,Yes,89,6,37,69,4.8,12,1,Kinesthetic,1,3,2,Medium,0
S2234,25,Female,Low,Graduate,Nuclear,Yes,1.92,Medium,5,83,3,No,94,9,93,26,10.5,19,8,Visual,4,9,4,Low,0
S2235,23,Female,High,Graduate,Nuclear,Yes,1.74,Low,2,75,4,No,50,5,46,73,5.7,10,1,Kinesthetic,1,2,1,Medium,1
S2236,24,Male,Medium,Graduate,Joint,Yes,3.05,High,5,66,6,No,45,2,33,69,5.0,29,2,Visual,1,9,3,High,1
S2237,18,Male,Medium,Secondary,Nuclear,No,2.14,Medium,2,89,4,No,60,5,43,43,6.3,25,2,Visual,4,7,3,Medium,0
S2238,19,Male,Low,Postgraduate,Nuclear,Yes,1.64,Medium,5,106,3,No,66,2,87,37,15.2,6,2,Kinesthetic,5,5,3,Low,1
S2239,20,Male,Low,Secondary,Nuclear,No,2.15,Low,5,100,4,No,78,10,98,25,13.9,21,9,Auditory,1,3,1,High,0
S2240,19,Male,High,Graduate,Single Parent,No,3.74,Medium,5,61,4,No,40,3,64,45,3.3,9,4,Visual,5,6,3,Medium,0
S2241,17,Female,Medium,Graduate,Joint,No,1.73,Medium,1,104,5,No,51,4,70,97,14.2,7,4,Visual,5,1,3,High,1
S2242,24,Female,Medium,Primary,Nuclear,No,1.89,Medium,1,57,5,No,63,6,91,82,14.9,6,3,Kinesthetic,4,7,2,Medium,1
S2243,25,Male,Medium,Postgraduate,Joint,No,3.91,Medium,0,75,6,No,81,2,55,34,11.8,9,10,Visual,4,3,0,Medium,0
S2244,23,Male,Medium,Primary,Guardian,No,3.12,Low,4,116,4,No,51,1,48,22,12.5,3,6,Kinesthetic,4,4,3,Medium,0
S2245,22,Male,Medium,Secondary,Nuclear,No,1.96,Medium,1,57,6,No,66,5,48,26,4.5,19,10,Mixed,3,1,5,Medium,0
S2246,20,Female,Low,Postgraduate,Nuclear,Yes,3.91,Low,2,74,6,No,54,0,59,75,11.1,14,4,Mixed,1,10,1,High,1
S2247,20,Female,Medium,Postgraduate,Joint,Yes,3.14,Medium,1,53,6,No,79,9,74,74,14.8,26,10,Mixed,4,8,5,High,0
S2248,21,Female,Medium,Secondary,Joint,No,3.92,Medium,4,100,7,Yes,68,9,39,60,3.4,12,8,Visual,3,5,5,Low,0
S2249,17,Male,Low,Graduate,Nuclear,Yes,1.91,Medium,5,52,3,Yes,57,6,66,67,16.4,9,10,Mixed,4,7,0,Medium,1
S2250,17,Female,Low,Postgraduate,Single Parent,No,2.47,Medium,3,73,5,No,97,5,40,39,1.6,5,2,Auditory,1,8,2,High,0
S2251,25,Male,High,Secondary,Nuclear,No,1.78,Medium,5,116,4,No,77,3,32,95,4.2,18,6,Mixed,2,8,3,Low,0
S2252,17,Male,Low,Primary,Nuclear,No,1.71,Medium,1,56,4,No,75,6,59,96,6.5,28,9,Visual,2,2,0,High,1
S2253,18,Male,Medium,Postgraduate,Nuclear,Yes,2.6,Medium,4,79,7,No,81,9,50,87,2.2,3,3,Mixed,4,0,5,Medium,0
S2254,23,Male,Low,Postgraduate,Joint,No,2.5,High,3,81,6,Yes,51,10,70,69,10.7,5,1,Mixed,5,4,5,Low,1
S2255,23,Female,Medium,Secondary,Joint,No,3.97,Medium,3,27,6,No,93,5,85,63,6.8,17,5,Mixed,1,4,5,Low,0
S2256,18,Male,Medium,Secondary,Nuclear,Yes,3.4,High,1,81,3,No,89,8,37,84,18.5,26,6,Visual,1,9,4,High,0
S2257,23,Female,Medium,Graduate,Nuclear,No,2.96,Medium,0,39,5,Yes,58,7,66,26,7.1,13,9,Mixed,3,6,4,High,1
S2258,25,Female,Medium,Primary,Nuclear,Yes,2.69,Low,3,95,7,No,52,1,87,24,9.5,11,3,Visual,4,10,2,Low,1
S2259,17,Female,Medium,Primary,Guardian,Yes,1.6,High,5,36,4,No,41,0,52,96,12.7,25,2,Visual,2,9,2,Medium,1
S2260,19,Other,High,Secondary,Nuclear,No,2.01,Low,4,22,4,Yes,55,3,51,46,17.5,11,10,Visual,2,1,5,High,1
S2261,17,Female,Medium,Graduate,Joint,No,3.29,High,2,41,7,Yes,56,2,63,93,15.4,28,7,Auditory,4,10,4,Medium,0
S2262,21,Male,High,Postgraduate,Nuclear,No,3.06,Low,4,56,4,No,95,1,84,65,6.8,21,1,Mixed,4,0,5,Medium,0
S2263,18,Male,Low,Secondary,Joint,No,2.9,High,0,51,7,No,70,8,48,94,8.0,9,2,Kinesthetic,3,2,1,Low,0
S2264,23,Male,Low,None,Joint,No,2.65,Medium,2,32,4,No,87,9,52,27,14.1,6,6,Mixed,2,6,4,High,0
S2265,24,Female,Medium,Graduate,Nuclear,No,3.44,High,3,83,4,No,87,5,51,24,15.5,3,10,Kinesthetic,3,5,3,High,0
S2266,18,Female,Medium,Graduate,Nuclear,No,3.21,High,1,69,6,No,81,2,35,58,2.9,25,7,Auditory,2,8,3,Low,0
S2267,24,Male,Low,Secondary,Single Parent,No,3.77,Medium,3,44,7,No,68,9,97,87,9.2,13,8,Auditory,2,10,2,Low,0
S2268,22,Female,Low,Graduate,Single Parent,No,1.85,Low,4,69,7,No,68,9,94,26,10.2,28,2,Auditory,4,8,1,Medium,1
S2269,17,Female,Medium,Secondary,Single Parent,Yes,2.3,Medium,5,94,5,No,53,7,62,26,18.8,19,8,Kinesthetic,5,4,3,Low,0
S2270,18,Other,Low,Secondary,Guardian,No,3.4,High,2,53,7,Yes,54,8,95,68,17.4,11,4,Mixed,4,3,1,High,1
S2271,21,Female,Medium,Primary,Single Parent,Yes,2.64,Low,4,64,4,No,41,3,86,36,5.1,9,8,Auditory,1,10,3,Medium,0
S2272,18,Female,Medium,Secondary,Guardian,Yes,2.89,Low,2,48,3,Yes,65,10,82,57,5.8,4,9,Visual,1,1,0,Medium,0
S2273,23,Male,Low,Secondary,Joint,Yes,2.31,High,4,104,5,Yes,65,4,83,98,11.8,27,2,Kinesthetic,1,10,5,Medium,0
S2274,18,Male,Medium,Secondary,Nuclear,No,2.88,High,4,104,7,No,97,1,43,100,16.0,2,6,Visual,2,6,1,High,0
S2275,21,Female,High,Graduate,Joint,Yes,2.39,Low,0,94,3,Yes,91,3,30,74,6.7,14,10,Visual,2,8,5,Medium,0
S2276,23,Male,Low,Primary,Joint,Yes,1.84,Low,4,78,7,No,87,0,33,33,2.9,26,8,Visual,5,2,5,Medium,0
S2277,22,Male,Medium,None,Nuclear,No,2.98,Medium,2,85,3,No,51,8,60,74,8.8,14,8,Mixed,2,5,2,Low,0
S2278,17,Male,Medium,Primary,Nuclear,No,3.14,High,3,46,6,No,94,2,78,66,9.1,19,10,Auditory,2,0,1,High,0
S2279,19,Female,Medium,Primary,Nuclear,Yes,1.74,Low,1,35,6,No,98,1,30,44,13.0,25,4,Mixed,2,10,1,High,1
S2280,20,Female,Medium,Secondary,Joint,Yes,2.88,Medium,4,111,5,Yes,53,0,92,30,14.5,22,6,Auditory,4,10,3,Low,0
S2281,18,Female,Low,Graduate,Nuclear,No,2.11,Medium,2,45,5,No,44,1,75,70,7.6,28,5,Visual,4,0,1,Low,0
S2282,17,Male,Medium,Primary,Nuclear,No,3.93,Medium,1,97,7,No,71,9,55,97,4.1,27,5,Auditory,2,8,5,Low,0
S2283,25,Female,Medium,Primary,Nuclear,Yes,2.59,Low,5,75,3,Yes,93,0,58,50,12.8,26,3,Mixed,1,7,3,Medium,0
S2284,19,Male,Low,Secondary,Nuclear,No,1.65,High,0,82,4,No,54,10,98,63,15.2,15,1,Auditory,1,3,1,High,1
S2285,21,Female,Low,None,Nuclear,No,3.95,Medium,5,111,4,Yes,68,9,98,46,6.7,26,8,Visual,4,8,5,Medium,0
S2286,23,Female,Low,Graduate,Single Parent,Yes,2.81,High,0,112,4,Yes,78,6,52,50,8.0,6,7,Kinesthetic,2,2,3,Medium,0
S2287,23,Female,Low,Postgraduate,Nuclear,No,3.14,Medium,4,52,5,No,47,6,36,87,12.2,25,4,Mixed,3,7,5,High,1
S2288,22,Male,Medium,None,Guardian,Yes,3.46,High,2,29,6,No,74,10,74,58,2.2,11,7,Kinesthetic,2,10,5,Medium,0
S2289,25,Male,Medium,Secondary,Nuclear,No,2.6,Medium,5,40,7,Yes,60,9,32,86,12.6,28,4,Auditory,5,7,5,High,0
S2290,25,Female,Low,Secondary,Joint,No,2.92,Low,0,30,4,No,95,5,53,21,10.2,26,9,Mixed,2,10,1,High,0
S2291,23,Female,Low,Secondary,Nuclear,Yes,3.85,Low,4,64,7,No,52,6,65,90,15.4,4,2,Mixed,4,2,0,Low,1
S2292,21,Male,Low,Secondary,Nuclear,No,3.68,High,3,108,4,No,70,6,78,52,13.4,22,8,Visual,3,0,5,Medium,0
S2293,22,Female,Low,Secondary,Nuclear,Yes,3.74,Low,5,72,6,No,98,4,81,98,5.9,29,9,Visual,3,1,4,Medium,0
S2294,20,Male,Medium,None,Guardian,No,1.62,Medium,5,88,3,No,81,8,92,53,11.2,14,6,Mixed,5,10,3,Medium,0
S2295,18,Female,High,Graduate,Nuclear,No,1.85,Medium,1,50,7,No,45,0,64,60,2.6,26,8,Mixed,1,7,3,Medium,1
S2296,19,Female,Low,Graduate,Nuclear,No,3.52,High,0,42,3,Yes,68,8,48,68,3.3,25,5,Visual,3,1,3,Medium,0
S2297,17,Male,Low,Graduate,Joint,Yes,3.76,Low,1,29,5,Yes,74,6,36,86,6.3,15,9,Auditory,4,1,2,High,0
S2298,19,Female,Low,None,Nuclear,No,2.14,Medium,2,110,7,No,90,7,54,68,9.0,4,7,Mixed,1,4,0,Medium,0
S2299,20,Female,Medium,Graduate,Nuclear,Yes,2.54,Medium,0,61,4,No,73,0,55,67,18.0,13,3,Mixed,1,9,4,Medium,0
S2300,20,Male,Low,Primary,Guardian,No,1.9,Medium,2,76,6,No,71,2,97,44,13.7,24,8,Mixed,2,10,5,High,1
S2301,18,Male,Medium,Graduate,Nuclear,No,3.95,Medium,4,25,4,No,83,4,54,44,15.6,26,10,Mixed,5,3,0,Low,0
S2302,23,Female,Low,Postgraduate,Joint,No,2.47,Low,2,53,3,Yes,80,5,53,35,11.7,1,9,Auditory,2,7,2,High,0
S2303,19,Male,Low,Primary,Nuclear,Yes,1.94,High,4,55,7,No,70,3,35,67,14.4,15,3,Auditory,2,4,3,Low,1
S2304,21,Female,High,Primary,Single Parent,Yes,1.86,High,5,41,7,No,57,8,71,39,17.8,12,3,Kinesthetic,4,8,1,Medium,1
S2305,22,Male,Medium,Secondary,Joint,Yes,2.98,Low,1,30,5,No,72,8,100,62,12.8,1,9,Auditory,2,0,0,Medium,0
S2306,24,Male,Medium,None,Nuclear,No,2.88,Medium,0,80,4,No,90,1,81,77,11.5,1,9,Visual,3,6,2,High,0
S2307,22,Male,Low,Secondary,Joint,Yes,3.48,Low,0,102,3,No,88,5,41,41,9.2,24,4,Auditory,1,5,0,High,0
S2308,19,Female,Medium,Postgraduate,Nuclear,Yes,3.75,Low,1,25,5,No,49,10,59,43,15.4,4,1,Visual,2,5,0,Medium,1
S2309,21,Female,Low,Primary,Joint,Yes,3.37,Low,2,24,5,Yes,79,9,45,61,4.1,4,10,Visual,3,9,0,High,0
S2310,17,Male,Low,Secondary,Nuclear,No,2.39,Medium,2,88,5,Yes,76,1,58,80,14.1,19,4,Mixed,4,3,5,Medium,0
S2311,17,Male,Medium,Secondary,Joint,Yes,3.85,Low,0,81,5,No,40,4,86,94,3.9,5,3,Mixed,3,6,2,Medium,1
S2312,21,Male,Low,Graduate,Nuclear,No,2.02,Medium,0,79,6,No,59,8,78,21,19.0,26,7,Mixed,4,2,1,Medium,0
S2313,21,Female,Low,Postgraduate,Nuclear,No,2.86,Low,1,65,3,No,55,7,37,53,9.2,18,6,Auditory,2,2,1,Medium,0
S2314,19,Female,Low,Primary,Joint,No,1.8,High,0,108,5,No,49,10,78,26,3.9,23,2,Visual,1,6,3,Medium,1
S2315,21,Female,Medium,Postgraduate,Nuclear,No,2.54,High,4,68,4,No,51,8,33,92,6.3,27,9,Visual,3,4,4,Medium,0
S2316,18,Female,Medium,Graduate,Nuclear,No,2.49,Medium,1,98,3,Yes,74,6,78,65,8.9,1,4,Mixed,4,1,3,Low,0
S2317,19,Male,Low,Secondary,Joint,Yes,2.98,Medium,5,100,5,Yes,57,5,80,55,14.2,21,1,Auditory,5,9,2,Medium,1
S2318,17,Female,Low,Primary,Single Parent,No,2.03,Medium,2,87,6,No,74,7,55,79,19.9,12,7,Visual,3,10,3,Low,0
S2319,22,Female,Medium,Secondary,Nuclear,No,2.84,Medium,0,84,5,No,80,4,96,64,15.0,5,1,Visual,4,10,3,Medium,0
S2320,18,Female,Low,Secondary,Nuclear,No,2.64,Medium,0,66,7,No,80,3,51,52,15.4,18,2,Mixed,5,3,2,Low,0
S2321,21,Male,Medium,Graduate,Nuclear,No,3.84,Medium,3,69,6,No,55,4,48,85,4.7,18,1,Auditory,2,10,2,High,1
S2322,20,Male,Low,Graduate,Joint,No,2.3,Low,0,94,4,Yes,87,10,69,49,7.4,26,10,Mixed,2,10,1,Medium,0
S2323,24,Male,High,Postgraduate,Guardian,Yes,1.91,Medium,2,20,5,No,57,10,78,70,18.4,4,6,Mixed,2,6,4,High,1
S2324,19,Male,High,Secondary,Nuclear,No,3.59,Medium,2,63,7,No,45,9,83,65,10.1,26,5,Auditory,4,7,3,Medium,0
S2325,19,Female,Low,Secondary,Single Parent,No,1.63,Low,3,62,7,No,45,3,33,46,3.8,25,4,Mixed,4,3,1,Medium,1
S2326,19,Female,Low,Secondary,Nuclear,No,1.75,High,1,103,3,No,86,4,56,70,19.2,29,1,Mixed,4,2,0,Low,1
S2327,19,Female,High,Secondary,Joint,No,3.33,High,2,43,4,Yes,65,2,58,40,13.7,6,6,Auditory,5,8,0,Low,0
S2328,20,Male,Low,Postgraduate,Nuclear,No,1.75,High,5,57,5,No,50,5,70,35,11.3,20,1,Auditory,3,3,5,Low,1
S2329,20,Male,Medium,Postgraduate,Joint,Yes,2.03,Low,2,57,4,Yes,42,9,45,64,1.2,7,6,Auditory,3,4,1,Medium,0
S2330,21,Female,Low,Primary,Nuclear,No,3.97,High,1,55,4,No,61,4,34,79,11.6,10,4,Kinesthetic,5,9,0,Medium,0
S2331,20,Female,Medium,None,Nuclear,No,2.54,High,5,24,6,Yes,76,10,35,33,15.0,18,2,Auditory,2,9,3,Medium,0
S2332,18,Male,Low,Secondary,Nuclear,Yes,3.25,Low,2,97,5,Yes,72,4,30,70,5.7,2,10,Visual,3,3,5,Medium,0
S2333,22,Male,Medium,Primary,Guardian,Yes,2.34,Low,5,75,4,Yes,93,4,68,87,8.2,22,2,Mixed,5,1,0,Medium,0
S2334,19,Male,Low,Secondary,Nuclear,No,2.63,Low,4,72,7,Yes,63,2,62,84,12.6,21,7,Mixed,4,7,4,Medium,0
S2335,23,Female,Low,Postgraduate,Joint,No,1.66,Medium,2,22,5,No,49,10,55,39,19.3,26,1,Visual,1,10,2,Medium,1
S2336,17,Male,Low,Postgraduate,Joint,Yes,3.27,Medium,0,27,6,No,94,8,82,71,7.6,13,2,Kinesthetic,5,8,3,Medium,0
S2337,17,Male,Medium,Postgraduate,Nuclear,No,3.22,Medium,0,58,5,No,52,6,65,94,14.2,2,10,Kinesthetic,1,0,4,Medium,0
S2338,20,Female,Medium,Primary,Nuclear,No,2.44,High,5,76,7,Yes,62,8,52,41,8.7,20,4,Mixed,4,8,1,Medium,0
S2339,23,Male,High,Secondary,Single Parent,No,3.44,Low,3,98,3,No,96,7,86,67,5.0,13,7,Visual,4,5,2,Medium,0
S2340,17,Female,Medium,Secondary,Single Parent,No,2.64,High,5,75,5,No,67,6,59,65,1.9,10,8,Kinesthetic,5,5,1,Medium,0
S2341,19,Male,Medium,Secondary,Single Parent,No,1.92,Low,4,23,4,No,93,7,80,28,4.4,25,2,Mixed,4,0,3,Low,1
S2342,21,Male,High,Secondary,Joint,Yes,3.28,Low,4,84,5,No,85,8,39,69,5.1,18,10,Visual,3,7,3,Medium,0
S2343,19,Female,Medium,Secondary,Nuclear,Yes,3.92,Low,1,96,7,Yes,96,1,62,55,2.3,21,7,Visual,2,10,0,Medium,0
S2344,21,Female,Low,Secondary,Guardian,No,2.24,Low,4,91,4,No,91,1,42,31,4.6,26,6,Visual,5,8,4,Medium,0
S2345,23,Female,Medium,Secondary,Nuclear,No,3.66,Medium,4,46,5,No,58,2,51,28,2.5,3,2,Visual,3,7,0,High,1
S2346,19,Male,Low,Secondary,Joint,Yes,3.61,Medium,1,100,6,No,91,5,58,89,17.7,1,8,Auditory,4,6,5,High,0
S2347,22,Male,Medium,Secondary,Nuclear,No,2.98,High,3,62,4,Yes,74,2,59,96,18.6,24,5,Mixed,1,5,0,Medium,0
S2348,20,Female,Low,Graduate,Single Parent,No,2.44,Medium,4,71,6,No,84,4,54,34,4.4,22,6,Auditory,5,0,0,Medium,0
S2349,19,Male,Low,Graduate,Nuclear,Yes,3.71,Medium,0,83,5,No,80,4,39,70,4.6,29,1,Kinesthetic,3,4,1,Medium,0
S2350,19,Male,Medium,Secondary,Joint,Yes,2.79,Medium,5,117,5,No,71,4,31,63,5.7,8,5,Auditory,3,10,2,Medium,0
S2351,17,Female,Medium,Graduate,Nuclear,No,2.05,Medium,2,45,5,No,54,0,45,75,19.9,2,8,Visual,5,9,4,Medium,0
S2352,17,Male,Medium,Secondary,Nuclear,No,2.71,Low,5,25,6,No,88,6,54,88,11.8,17,8,Visual,5,4,2,Medium,0
S2353,21,Male,Medium,Secondary,Nuclear,Yes,3.87,Low,0,37,5,No,62,1,81,38,6.1,29,9,Mixed,5,4,1,Medium,0
S2354,22,Female,Low,None,Nuclear,No,2.2,Low,0,63,6,Yes,77,7,100,28,11.5,14,5,Mixed,2,0,5,Medium,0
S2355,17,Male,Low,Secondary,Guardian,Yes,1.73,Low,2,106,4,Yes,40,2,36,64,2.6,28,1,Visual,2,7,2,Medium,1
S2356,19,Female,Low,Secondary,Guardian,Yes,2.33,Low,5,73,4,No,75,9,80,30,4.7,3,8,Visual,4,5,0,Medium,0
S2357,18,Male,Low,Primary,Nuclear,No,3.22,Medium,1,117,5,No,65,7,85,94,2.2,5,8,Mixed,3,8,3,Medium,0
S2358,21,Female,Medium,Graduate,Nuclear,No,2.47,Medium,5,111,7,Yes,49,3,94,91,12.6,27,4,Kinesthetic,1,5,4,Low,0
S2359,24,Male,Medium,Graduate,Joint,Yes,2.83,High,1,99,7,No,77,4,36,74,10.6,20,3,Auditory,5,10,0,Low,0
S2360,20,Female,Low,Postgraduate,Joint,Yes,3.59,Low,4,28,7,No,64,0,72,68,12.5,27,2,Kinesthetic,2,8,1,Low,0
S2361,19,Female,High,Primary,Nuclear,Yes,3.76,Low,5,90,3,No,69,8,66,43,2.5,25,8,Mixed,4,3,2,High,0
S2362,17,Male,Medium,Secondary,Joint,Yes,1.61,High,0,45,6,No,80,7,70,43,18.7,19,3,Visual,1,7,2,Medium,1
S2363,19,Male,Medium,Secondary,Nuclear,No,3.98,Low,1,89,7,No,71,0,51,96,13.4,29,10,Visual,1,0,4,Low,0
S2364,20,Female,High,Postgraduate,Nuclear,No,2.57,Low,1,96,5,No,72,9,30,86,18.8,22,7,Auditory,5,0,0,High,0
S2365,18,Female,Medium,Secondary,Joint,No,3.59,Medium,5,100,7,No,74,9,43,51,4.3,9,3,Auditory,3,2,0,Medium,0
S2366,18,Female,Low,Graduate,Nuclear,No,3.58,Medium,0,42,3,Yes,87,5,53,78,10.4,15,6,Visual,1,1,2,Low,0
S2367,19,Female,Medium,Primary,Joint,No,3.88,Medium,1,57,4,Yes,57,5,74,89,16.6,27,6,Auditory,4,10,2,High,1
S2368,18,Female,Low,Secondary,Single Parent,No,3.88,Medium,0,76,3,No,54,6,43,26,17.1,24,4,Visual,2,4,1,Low,0
S2369,17,Male,Low,Secondary,Guardian,Yes,1.79,Low,3,90,7,No,43,4,31,21,13.7,28,8,Kinesthetic,1,7,3,Medium,1
S2370,24,Male,Medium,Primary,Nuclear,No,3.8,Low,2,67,4,No,68,4,77,80,1.1,20,3,Mixed,2,5,1,High,0
S2371,19,Male,High,Secondary,Nuclear,Yes,3.37,Medium,4,32,7,No,94,5,43,20,14.5,13,3,Kinesthetic,2,2,0,High,0
S2372,22,Female,Low,Secondary,Joint,Yes,1.73,Medium,3,46,6,No,64,3,67,89,1.5,12,1,Visual,5,7,4,High,1
S2373,19,Other,Low,Postgraduate,Single Parent,Yes,2.48,Medium,5,92,7,Yes,55,0,76,21,1.8,10,3,Mixed,5,1,4,Medium,1
S2374,23,Male,High,Graduate,Nuclear,No,1.68,Medium,0,30,4,No,96,2,89,83,10.5,21,2,Mixed,4,8,2,Low,1
S2375,20,Female,High,Primary,Single Parent,No,3.77,Low,2,81,3,No,85,7,60,55,18.5,19,5,Visual,3,6,1,Medium,0
S2376,25,Male,Low,Primary,Nuclear,No,3.49,Low,5,96,3,No,86,0,94,70,10.6,4,5,Visual,3,4,0,Medium,0
S2377,23,Male,Low,Graduate,Nuclear,No,1.79,High,3,25,3,Yes,41,4,91,35,2.8,5,10,Mixed,4,6,1,Medium,1
S2378,24,Female,High,Secondary,Nuclear,No,1.63,Medium,5,71,7,No,83,10,46,56,6.7,16,1,Mixed,2,4,0,Low,1
S2379,19,Female,Low,None,Nuclear,Yes,1.56,Medium,0,56,5,No,58,8,42,97,1.9,23,6,Visual,4,5,3,Low,1
S2380,21,Male,High,Primary,Joint,Yes,3.87,Medium,3,68,7,No,93,8,100,20,15.4,13,3,Visual,1,9,2,Low,0
S2381,19,Male,Medium,Secondary,Joint,No,1.51,High,2,111,5,Yes,88,10,96,86,9.9,26,2,Visual,2,7,5,Medium,1
S2382,17,Female,Low,Primary,Nuclear,No,2.44,Medium,4,49,5,No,75,7,72,35,3.2,22,5,Mixed,4,0,2,Medium,0
S2383,25,Female,High,Secondary,Nuclear,No,3.44,High,3,39,3,No,61,5,99,100,3.2,1,8,Mixed,5,2,4,High,0
S2384,18,Female,Low,Graduate,Single Parent,No,1.86,Low,0,110,4,No,61,0,32,61,9.5,14,1,Visual,3,3,1,Medium,1
S2385,25,Female,Medium,Primary,Joint,Yes,3.4,Medium,0,107,7,No,76,4,92,20,2.1,6,9,Mixed,4,0,1,Low,0
S2386,25,Male,Low,Secondary,Nuclear,No,3.2,Medium,4,51,3,No,67,4,71,56,9.9,3,2,Kinesthetic,2,10,1,High,0
S2387,19,Male,Medium,Graduate,Single Parent,Yes,3.84,Medium,3,57,5,No,95,4,62,43,10.9,8,5,Auditory,5,6,3,Medium,0
S2388,24,Male,Low,Postgraduate,Joint,No,3.15,Medium,3,111,6,No,63,1,69,91,13.5,16,2,Mixed,3,6,1,Medium,0
S2389,19,Male,Low,Primary,Guardian,No,2.06,Medium,3,65,4,No,89,5,92,46,2.9,17,1,Visual,2,10,0,Medium,0
S2390,24,Female,Low,Primary,Joint,Yes,2.71,Medium,4,105,4,No,86,8,85,21,16.4,24,10,Visual,3,6,3,High,0
S2391,25,Female,Medium,Postgraduate,Nuclear,No,3.38,Medium,3,39,4,No,44,3,49,71,3.6,20,6,Kinesthetic,3,2,2,Medium,0
S2392,17,Female,Low,Secondary,Nuclear,No,1.94,Medium,5,70,4,No,79,1,75,61,7.3,6,5,Auditory,2,5,4,Medium,0
S2393,20,Male,High,None,Nuclear,No,1.61,High,2,112,7,No,98,1,89,38,12.7,25,5,Auditory,4,5,2,Medium,0
S2394,20,Male,Medium,Secondary,Nuclear,No,2.82,Low,2,115,3,Yes,61,3,63,86,18.7,6,3,Visual,1,6,2,Low,0
S2395,21,Male,Low,Postgraduate,Nuclear,Yes,3.6,Medium,0,21,3,Yes,85,10,89,60,8.8,3,10,Mixed,3,0,4,Medium,0
S2396,17,Male,Low,Primary,Nuclear,No,2.75,Low,1,87,3,Yes,47,3,53,75,14.1,2,10,Auditory,1,5,1,Medium,0
S2397,23,Female,High,Graduate,Nuclear,No,2.95,Low,1,81,4,Yes,49,6,94,72,13.6,22,7,Visual,2,4,1,Low,0
S2398,24,Female,Medium,Primary,Nuclear,Yes,1.81,Medium,5,112,6,Yes,85,0,71,90,12.6,5,4,Auditory,3,5,2,Medium,0
S2399,18,Female,Low,Graduate,Nuclear,No,3.91,Medium,1,79,7,Yes,93,7,78,97,15.1,18,5,Visual,4,3,4,Medium,0
S2400,21,Male,Low,Graduate,Nuclear,Yes,2.58,Medium,4,31,3,No,88,3,70,63,12.2,1,4,Auditory,3,9,1,Low,0
S2401,17,Male,Medium,Secondary,Nuclear,Yes,1.73,Medium,3,74,3,No,89,7,83,42,8.7,12,6,Mixed,5,5,4,Low,0
S2402,18,Other,Low,Secondary,Joint,No,2.34,Medium,5,96,7,No,52,6,60,98,9.2,20,2,Visual,3,3,3,Medium,1
S2403,23,Female,Medium,Secondary,Nuclear,No,1.83,Medium,3,77,7,No,53,5,87,47,5.9,7,4,Visual,5,0,1,Medium,1
S2404,17,Male,High,Postgraduate,Single Parent,No,2.44,High,2,109,6,No,50,8,37,38,19.3,8,9,Auditory,1,1,1,Low,0
S2405,21,Other,High,Secondary,Nuclear,No,3.72,High,0,28,7,No,69,1,96,36,10.9,23,5,Visual,1,2,3,Medium,0
S2406,25,Female,Low,Secondary,Single Parent,No,3.66,Medium,5,51,5,Yes,74,1,38,30,10.7,12,4,Kinesthetic,2,6,2,Low,0
S2407,21,Male,Medium,Secondary,Nuclear,Yes,3.02,Medium,5,83,3,Yes,58,1,37,88,15.7,16,3,Auditory,1,7,2,Low,1
S2408,18,Male,High,Graduate,Nuclear,No,2.12,Medium,0,30,3,No,74,2,80,92,14.9,29,9,Visual,5,0,2,Low,0
S2409,20,Female,Low,Postgraduate,Nuclear,No,1.51,Medium,2,112,5,No,43,9,88,53,5.0,10,7,Visual,5,10,5,Medium,1
S2410,22,Male,High,Graduate,Nuclear,Yes,2.68,Low,0,49,4,Yes,65,9,85,96,6.2,15,2,Visual,5,9,1,Medium,0
S2411,23,Female,Medium,Graduate,Guardian,Yes,2.28,Medium,1,102,5,No,75,10,38,33,7.9,28,9,Visual,4,0,4,Medium,0
S2412,23,Female,Low,Graduate,Nuclear,Yes,3.31,High,1,97,5,Yes,53,5,92,33,9.1,24,5,Auditory,3,2,5,High,1
S2413,24,Female,Medium,Graduate,Nuclear,No,2.29,Medium,4,23,5,No,96,4,59,23,3.2,14,1,Visual,2,5,5,High,0
S2414,25,Female,High,Graduate,Joint,Yes,3.25,Medium,4,53,3,No,48,10,60,99,17.5,16,5,Mixed,1,5,5,Low,0
S2415,25,Female,High,Postgraduate,Nuclear,No,1.62,High,5,41,5,No,49,1,62,68,17.9,5,1,Auditory,1,3,5,Medium,1
S2416,25,Other,Low,Graduate,Nuclear,No,2.83,Low,2,70,3,No,89,5,69,77,12.2,18,8,Mixed,2,4,1,Medium,0
S2417,22,Female,Medium,Postgraduate,Joint,No,3.86,Medium,0,21,7,No,83,1,66,69,3.4,19,9,Mixed,4,4,1,Low,0
S2418,21,Male,Low,Postgraduate,Nuclear,Yes,2.37,Medium,2,104,6,No,75,6,82,23,2.5,7,8,Visual,5,5,2,Low,0
S2419,23,Male,Medium,Secondary,Nuclear,Yes,3.57,Medium,1,87,5,No,80,7,100,46,18.7,8,1,Auditory,5,7,0,Medium,0
S2420,23,Female,Low,None,Nuclear,No,1.56,Medium,5,108,5,No,59,6,37,79,19.4,11,4,Visual,4,4,0,Low,1
S2421,25,Male,High,Primary,Nuclear,No,1.8,Medium,5,80,4,No,75,9,53,60,12.2,27,6,Visual,5,2,5,Medium,0
S2422,20,Male,Low,Secondary,Nuclear,Yes,1.61,Medium,0,93,7,No,40,3,37,79,6.8,7,8,Kinesthetic,5,2,5,Medium,1
S2423,24,Male,Low,Secondary,Guardian,Yes,3.92,Low,2,39,7,No,78,4,82,43,9.5,20,6,Visual,3,4,1,High,0
S2424,24,Male,Low,Secondary,Joint,No,3.12,Low,4,76,3,No,60,0,64,84,1.8,18,5,Mixed,2,7,2,Medium,0
S2425,22,Male,Low,Secondary,Single Parent,Yes,3.2,High,2,38,3,No,85,4,51,98,17.8,24,1,Visual,5,9,0,Medium,0
S2426,18,Male,Low,Postgraduate,Nuclear,No,3.57,Medium,3,32,4,Yes,73,0,62,72,4.7,25,1,Auditory,4,5,4,Medium,0
S2427,17,Other,High,Postgraduate,Nuclear,No,2.08,Low,0,116,4,No,95,6,80,85,2.3,4,9,Mixed,5,6,0,High,0
S2428,18,Female,High,Graduate,Joint,No,2.91,Low,2,77,3,No,85,10,59,99,17.2,24,8,Auditory,3,10,1,Medium,0
S2429,19,Female,Medium,Primary,Joint,No,1.59,Low,1,110,3,Yes,70,2,57,74,5.6,11,2,Auditory,1,5,4,Low,1
S2430,19,Male,Low,Secondary,Nuclear,No,3.71,High,2,98,5,No,45,4,78,21,7.0,24,7,Visual,1,2,1,Medium,0
S2431,22,Female,High,Secondary,Nuclear,Yes,1.95,Medium,0,42,7,Yes,50,9,72,55,13.4,13,10,Visual,1,7,4,Low,1
S2432,19,Female,Medium,Secondary,Nuclear,Yes,2.47,Medium,4,107,5,No,64,7,37,71,14.8,22,10,Mixed,4,6,5,High,0
S2433,21,Female,Low,Secondary,Nuclear,Yes,2.87,High,1,63,7,Yes,77,5,92,57,8.7,26,7,Kinesthetic,1,5,0,Medium,0
S2434,24,Male,High,None,Single Parent,No,3.8,Low,2,37,6,No,40,3,95,44,9.0,18,2,Visual,5,10,2,High,1
S2435,21,Female,High,Secondary,Single Parent,Yes,3.38,Medium,1,104,6,No,53,6,66,43,2.2,24,4,Kinesthetic,1,4,4,Medium,0
S2436,19,Male,High,Graduate,Joint,No,3.46,Medium,3,93,5,No,59,6,75,57,14.3,18,4,Visual,2,8,0,High,1
S2437,21,Female,Low,None,Nuclear,No,3.17,High,0,36,4,Yes,80,9,96,67,7.9,7,9,Mixed,1,10,1,Low,0
S2438,19,Male,Medium,Primary,Joint,No,3.69,Low,4,57,4,No,94,0,48,69,12.2,14,5,Mixed,4,4,2,High,0
S2439,25,Male,Low,Secondary,Nuclear,No,2.37,Medium,0,36,5,No,47,4,47,31,7.1,20,6,Kinesthetic,1,10,5,Medium,0
S2440,21,Female,Medium,Graduate,Nuclear,No,3.24,Low,3,106,3,No,75,1,52,84,8.8,28,7,Mixed,3,2,5,Medium,0
S2441,21,Male,Medium,Postgraduate,Single Parent,Yes,3.63,High,1,37,7,Yes,62,8,89,33,10.6,29,3,Visual,5,6,4,Medium,0
S2442,25,Female,Medium,Primary,Single Parent,No,1.7,Medium,0,88,7,No,44,3,55,50,16.4,20,4,Visual,3,8,3,Low,1
S2443,21,Female,Medium,Secondary,Nuclear,No,2.72,High,0,110,7,No,46,10,36,20,11.8,12,9,Auditory,2,0,5,Medium,0
S2444,23,Female,Low,Secondary,Joint,No,2.23,Low,0,118,7,No,74,6,34,86,1.8,14,2,Visual,3,3,4,Low,0
S2445,25,Male,Medium,Graduate,Nuclear,Yes,3.99,Medium,2,105,5,Yes,50,3,60,94,13.7,27,6,Mixed,4,2,3,High,1
S2446,20,Male,Medium,Graduate,Nuclear,No,1.81,High,1,43,5,Yes,93,1,81,37,2.5,19,9,Visual,4,4,2,Medium,0
S2447,24,Female,High,Primary,Nuclear,Yes,2.52,Low,1,59,5,No,44,1,49,61,2.9,24,4,Kinesthetic,3,0,0,Low,0
S2448,19,Female,High,None,Nuclear,Yes,3.96,Medium,0,52,3,No,69,5,38,28,7.4,21,6,Auditory,2,6,2,Low,0
S2449,25,Female,Medium,Primary,Nuclear,No,3.38,Medium,4,117,3,Yes,85,10,100,47,9.0,15,7,Mixed,5,5,0,Medium,0
S2450,21,Female,Low,Primary,Single Parent,No,2.4,Low,0,84,6,Yes,95,0,91,86,2.4,13,5,Mixed,5,4,0,Low,0
S2451,17,Female,Low,Secondary,Nuclear,No,2.82,Medium,4,46,3,Yes,62,3,51,40,10.6,9,1,Mixed,1,5,5,Low,0
S2452,19,Male,Medium,Secondary,Joint,Yes,2.25,Medium,0,97,5,Yes,42,9,44,24,2.6,8,7,Kinesthetic,4,9,4,Medium,0
S2453,20,Male,Medium,None,Nuclear,No,2.26,High,4,24,5,No,72,0,93,78,13.1,11,5,Kinesthetic,5,3,4,Low,0
S2454,18,Male,Low,Secondary,Nuclear,No,2.31,Low,3,43,5,No,90,1,32,43,6.3,6,3,Kinesthetic,5,4,0,Medium,0
S2455,17,Male,Low,Graduate,Nuclear,No,3.97,Medium,4,119,6,Yes,79,2,30,22,16.3,3,9,Auditory,2,3,3,Medium,0
S2456,20,Female,Medium,Primary,Joint,No,3.25,Low,0,34,7,No,56,1,81,95,10.4,28,3,Mixed,5,7,2,High,1
S2457,18,Female,Low,Secondary,Nuclear,Yes,2.26,Low,5,74,7,No,55,7,39,71,1.3,2,7,Visual,2,10,3,High,1
S2458,22,Other,Medium,Graduate,Single Parent,No,3.44,Medium,3,61,3,No,68,7,73,46,17.1,2,4,Visual,2,9,2,Low,0
S2459,20,Male,Low,Secondary,Nuclear,Yes,3.74,High,5,77,4,No,42,4,75,29,18.6,25,9,Visual,4,10,4,Medium,0
S2460,20,Male,High,Graduate,Single Parent,No,2.26,Medium,4,34,7,No,72,6,39,82,6.3,27,3,Mixed,1,7,4,Low,0
S2461,17,Male,Medium,Secondary,Nuclear,No,2.2,High,2,41,5,No,47,7,32,93,3.8,5,6,Visual,1,1,0,High,1
S2462,19,Male,Medium,Secondary,Nuclear,No,2.67,Low,4,83,3,No,76,10,66,20,18.7,22,9,Visual,4,10,4,Low,0
S2463,25,Female,Low,Secondary,Nuclear,No,2.43,High,0,98,4,No,97,6,71,57,13.8,7,4,Visual,1,1,1,Medium,0
S2464,25,Other,Low,Primary,Nuclear,No,2.38,Low,3,75,6,No,79,9,42,93,1.7,26,2,Kinesthetic,1,8,5,High,0
S2465,23,Female,Low,Secondary,Nuclear,No,2.39,Medium,1,91,7,Yes,81,7,75,43,5.3,14,3,Mixed,2,10,3,Medium,0
S2466,22,Other,Low,Secondary,Joint,No,3.31,Medium,3,44,4,Yes,99,0,46,51,14.1,4,9,Auditory,3,0,1,Medium,0
S2467,22,Female,Medium,Primary,Nuclear,No,3.19,Low,5,107,3,No,96,2,31,42,15.3,15,7,Visual,1,3,3,Low,0
S2468,23,Female,Medium,Secondary,Single Parent,No,3.03,Medium,5,99,7,No,59,2,63,23,15.0,7,1,Kinesthetic,5,4,1,Medium,1
S2469,23,Female,Low,Graduate,Nuclear,Yes,1.95,Medium,4,23,6,No,87,2,90,78,13.2,28,8,Mixed,1,6,0,Low,0
S2470,21,Male,Low,None,Joint,No,3.82,Low,5,108,4,Yes,98,6,67,47,14.4,14,9,Mixed,2,2,4,Medium,0
S2471,23,Female,High,None,Nuclear,No,3.77,Medium,4,89,3,Yes,54,4,47,58,13.1,8,10,Visual,3,6,5,Low,0
S2472,25,Female,Medium,Primary,Nuclear,No,3.29,Medium,4,104,6,No,85,2,64,44,14.4,28,6,Mixed,2,8,4,Low,0
S2473,21,Male,Low,Secondary,Joint,Yes,2.07,Medium,2,116,4,Yes,55,9,70,27,17.5,28,2,Visual,4,3,4,Low,1
S2474,23,Female,Low,Postgraduate,Nuclear,No,1.72,Medium,5,23,7,No,89,0,76,67,12.7,15,3,Mixed,5,8,1,Low,1
S2475,25,Male,Medium,None,Single Parent,No,3.04,Medium,3,86,4,No,66,1,88,26,3.4,22,4,Auditory,5,8,2,Low,0
S2476,21,Male,Medium,Secondary,Nuclear,No,2.47,Low,3,23,7,No,64,6,48,81,13.5,18,8,Visual,3,2,5,Medium,0
S2477,22,Female,Medium,Graduate,Joint,No,2.74,Medium,0,31,5,No,77,9,87,61,10.7,27,10,Auditory,1,2,2,Medium,0
S2478,25,Female,Low,Graduate,Single Parent,Yes,2.38,Medium,1,56,3,No,47,2,36,86,12.7,9,5,Kinesthetic,1,6,5,Low,0
S2479,21,Male,Medium,Primary,Nuclear,No,2.15,Low,2,83,6,No,58,7,54,44,5.7,11,8,Auditory,2,9,3,Medium,0
S2480,20,Female,Low,Primary,Nuclear,Yes,2.7,Medium,1,79,3,No,42,10,95,96,1.5,13,2,Visual,4,0,3,Low,1
S2481,19,Female,Medium,Graduate,Nuclear,Yes,1.75,Low,0,79,7,No,58,3,65,56,10.2,14,10,Mixed,2,10,2,Medium,1
S2482,24,Female,Low,Postgraduate,Single Parent,No,2.32,High,3,112,3,No,85,2,51,31,8.5,12,8,Auditory,4,6,3,Medium,0
S2483,25,Male,Medium,Graduate,Nuclear,No,2.2,Medium,1,109,7,No,85,9,80,66,11.7,13,7,Auditory,3,3,5,High,0
S2484,25,Male,Medium,Postgraduate,Single Parent,Yes,3.98,Low,2,71,3,Yes,91,2,63,33,11.5,5,6,Visual,5,5,4,High,0
S2485,21,Other,Low,Secondary,Joint,No,2.6,High,4,94,6,No,56,2,55,78,3.7,24,1,Mixed,5,10,3,Medium,1
S2486,19,Other,Medium,Secondary,Nuclear,No,3.54,Low,3,79,3,No,89,10,52,90,13.5,9,5,Auditory,4,1,2,High,0
S2487,23,Female,High,Secondary,Single Parent,Yes,3.14,Medium,5,20,3,No,85,6,57,76,3.5,14,4,Auditory,3,7,0,Low,0
S2488,17,Other,Medium,Graduate,Single Parent,Yes,3.55,Low,1,90,4,No,44,1,53,94,1.3,22,6,Visual,2,0,0,Medium,0
S2489,20,Male,Medium,Postgraduate,Nuclear,No,3.27,Medium,1,77,7,No,87,9,34,48,16.1,19,3,Kinesthetic,4,2,2,Medium,0
S2490,25,Female,Low,Secondary,Joint,No,2.34,High,2,45,5,No,99,0,42,100,9.4,29,3,Kinesthetic,2,7,5,Low,0
S2491,25,Female,Low,Primary,Joint,No,3.87,Low,4,63,6,No,62,4,72,72,15.4,28,5,Visual,5,7,4,High,0
S2492,19,Female,High,Graduate,Nuclear,No,3.38,High,1,117,4,Yes,41,4,97,41,18.3,17,5,Visual,2,9,0,Medium,0
S2493,23,Male,Medium,Postgraduate,Nuclear,No,2.59,High,3,98,4,No,60,8,69,81,5.8,18,8,Mixed,1,3,4,Low,0
S2494,17,Male,Medium,Postgraduate,Nuclear,No,1.62,Low,5,75,5,No,89,8,97,36,8.4,21,8,Auditory,5,3,0,Medium,0
S2495,25,Male,High,Primary,Nuclear,Yes,2.15,High,5,42,3,Yes,96,2,71,45,14.6,19,2,Kinesthetic,3,7,2,Low,0
S2496,22,Female,Medium,Graduate,Nuclear,No,1.5,Medium,0,93,3,No,76,10,83,82,7.3,24,8,Visual,1,8,5,Medium,0
S2497,17,Male,Medium,Primary,Nuclear,Yes,2.34,High,3,112,6,Yes,85,8,47,22,13.4,5,5,Visual,3,4,0,Medium,0
S2498,19,Female,Low,Secondary,Joint,No,2.44,High,4,34,6,No,54,5,77,36,18.5,10,6,Kinesthetic,5,8,4,Low,0
S2499,21,Male,Medium,Graduate,Single Parent,No,3.18,High,0,62,3,Yes,77,5,30,81,8.5,2,5,Mixed,4,2,1,High,0
S2500,20,Female,Low,Graduate,Single Parent,No,3.87,Medium,3,32,6,No,58,2,59,46,2.3,4,10,Visual,2,7,5,Medium,0
S2501,25,Male,Medium,Secondary,Joint,No,3.86,High,4,90,7,No,82,8,31,86,16.8,8,10,Mixed,2,10,1,Medium,0
S2502,24,Male,Medium,Graduate,Nuclear,No,2.14,Low,0,55,4,Yes,62,9,60,71,19.8,5,8,Auditory,1,6,5,Medium,0
S2503,21,Female,High,Postgraduate,Nuclear,No,1.88,Medium,2,64,7,No,98,8,94,56,1.5,11,5,Visual,5,5,2,Medium,0
S2504,25,Female,Low,Secondary,Single Parent,No,3.9,High,4,67,3,No,72,0,71,74,9.7,29,4,Visual,4,1,3,Medium,0
S2505,23,Female,Medium,Postgraduate,Nuclear,Yes,2.05,Medium,0,33,5,No,48,9,44,92,8.3,25,10,Auditory,3,3,1,High,1
S2506,22,Female,Low,Postgraduate,Nuclear,No,3.01,High,2,109,6,No,58,3,96,38,3.8,17,9,Visual,1,6,0,Low,0
S2507,23,Female,Medium,Primary,Joint,No,2.45,High,1,30,5,No,78,10,55,58,12.9,19,3,Auditory,1,9,5,Medium,0
S2508,19,Female,Low,Postgraduate,Joint,Yes,3.72,High,5,49,3,No,96,0,66,61,11.3,16,8,Auditory,5,6,5,Medium,0
S2509,18,Other,Low,Secondary,Guardian,No,2.32,Medium,4,23,3,Yes,97,3,91,99,2.7,27,4,Mixed,1,10,1,Low,0
S2510,19,Male,High,None,Nuclear,No,1.92,Medium,1,119,5,No,50,4,48,72,12.8,25,2,Kinesthetic,3,6,1,Medium,1
S2511,18,Female,Low,Secondary,Single Parent,No,1.97,Low,3,90,5,Yes,88,10,97,65,7.1,13,2,Kinesthetic,1,5,5,Medium,1
S2512,24,Male,Medium,Secondary,Single Parent,No,2.35,Medium,2,59,3,No,67,7,71,96,9.9,9,1,Mixed,5,9,5,Medium,0
S2513,21,Female,Low,Secondary,Joint,No,3.14,Medium,2,25,7,No,84,9,75,80,1.1,29,2,Mixed,1,7,0,High,0
S2514,18,Female,Low,Primary,Single Parent,No,2.88,Low,5,69,7,No,55,5,76,21,11.4,18,2,Visual,1,3,1,Low,1
S2515,24,Male,Low,Primary,Joint,No,2.02,Medium,5,109,5,No,57,1,56,25,5.8,23,10,Auditory,3,1,2,Medium,0
S2516,22,Male,High,Graduate,Joint,Yes,1.89,Low,0,88,6,Yes,95,8,76,23,8.0,29,4,Visual,2,2,3,Medium,0
S2517,22,Female,Low,Primary,Nuclear,No,2.08,Medium,5,73,4,No,48,2,58,20,19.7,24,8,Visual,1,0,2,High,1
S2518,20,Female,Medium,Primary,Joint,No,2.91,Medium,1,78,5,No,57,10,82,48,15.6,9,3,Auditory,5,1,3,Medium,1
S2519,22,Other,Medium,Secondary,Joint,No,2.92,Low,0,103,3,No,53,5,84,100,9.9,22,10,Kinesthetic,4,3,1,Medium,0
S2520,21,Female,Low,Postgraduate,Single Parent,No,2.67,Low,4,39,6,No,72,3,97,75,14.6,1,2,Visual,2,9,3,Low,0
S2521,18,Female,Low,Postgraduate,Nuclear,Yes,3.68,Low,2,46,3,No,97,5,84,26,15.8,9,1,Mixed,5,9,1,Low,0
S2522,24,Male,Low,Postgraduate,Single Parent,Yes,2.06,High,1,76,7,No,50,8,52,94,14.0,23,9,Kinesthetic,2,10,5,Low,0
S2523,20,Male,Low,Graduate,Nuclear,Yes,2.09,High,5,22,3,No,62,4,85,36,6.6,3,7,Mixed,5,10,5,Medium,0
S2524,19,Male,Medium,Primary,Joint,No,3.07,Medium,1,85,3,Yes,68,1,69,35,18.8,29,7,Visual,4,1,5,Medium,0
S2525,21,Female,Medium,None,Nuclear,Yes,2.61,Low,0,87,5,Yes,85,5,60,56,5.8,13,9,Visual,3,10,2,Medium,0
S2526,17,Male,Low,Secondary,Nuclear,No,1.78,Medium,4,54,4,No,75,0,39,24,4.4,13,3,Auditory,3,6,5,High,1
S2527,24,Male,Low,Secondary,Nuclear,No,2.57,Low,5,57,6,No,54,10,64,72,12.2,9,2,Mixed,1,9,0,Medium,1
S2528,19,Male,Medium,Graduate,Nuclear,No,2.4,Medium,3,97,4,Yes,53,4,51,26,18.2,25,4,Auditory,5,6,1,Low,0
S2529,22,Male,Medium,Primary,Joint,No,3.11,Low,4,75,7,No,93,6,75,40,9.7,4,8,Kinesthetic,3,1,1,Low,0
S2530,23,Male,High,Graduate,Single Parent,Yes,2.97,Medium,4,36,3,No,89,2,68,26,18.2,13,5,Mixed,4,6,2,Low,0
S2531,22,Male,Medium,Secondary,Joint,No,3.78,Medium,2,40,5,No,54,7,64,98,10.0,9,5,Visual,5,4,1,Low,0
S2532,18,Female,Low,Primary,Nuclear,No,1.77,High,3,67,3,No,60,2,80,38,2.5,22,3,Mixed,3,0,1,Low,1
S2533,19,Female,Medium,Graduate,Nuclear,No,3.56,Medium,3,106,5,No,58,8,88,70,9.4,25,5,Kinesthetic,1,8,2,Low,0
S2534,23,Female,Medium,None,Nuclear,Yes,2.48,High,4,117,4,No,81,3,100,86,19.6,13,9,Mixed,2,2,5,Low,0
S2535,22,Male,Low,Postgraduate,Single Parent,No,3.65,High,5,116,5,Yes,78,9,94,47,2.8,13,8,Auditory,2,10,3,High,0
S2536,25,Female,Low,Postgraduate,Joint,No,3.52,Low,5,105,3,No,92,2,40,49,4.1,24,8,Kinesthetic,2,9,5,High,0
S2537,22,Female,Medium,Postgraduate,Nuclear,No,3.59,Low,4,21,5,No,90,9,73,22,19.3,13,5,Mixed,2,9,3,Low,0
S2538,21,Other,High,Postgraduate,Nuclear,No,1.91,Low,5,35,3,No,58,2,34,89,3.6,8,10,Mixed,2,0,2,Low,1
S2539,21,Male,Low,None,Nuclear,No,3.15,High,4,38,5,No,72,2,46,22,14.3,7,10,Visual,2,4,0,High,0
S2540,21,Male,Medium,Primary,Nuclear,No,2.1,Medium,1,112,6,No,94,3,84,82,5.5,1,6,Mixed,2,4,4,Low,0
S2541,21,Female,Low,Graduate,Nuclear,Yes,3.7,Low,3,69,7,No,52,2,40,21,17.6,10,4,Auditory,3,6,2,High,1
S2542,18,Male,Medium,Primary,Joint,Yes,1.53,Low,4,25,7,No,73,9,95,68,2.9,18,6,Auditory,4,7,0,Medium,0
S2543,17,Male,Low,Secondary,Nuclear,No,2.4,Medium,1,39,3,No,49,0,66,28,13.9,22,4,Kinesthetic,3,6,2,Low,0
S2544,18,Female,Medium,Graduate,Nuclear,Yes,3.66,Medium,3,41,5,No,44,8,54,78,5.1,14,7,Kinesthetic,2,10,2,Low,0
S2545,25,Female,High,None,Joint,Yes,1.8,Medium,4,63,5,Yes,71,6,72,43,9.0,25,5,Visual,1,4,3,Medium,0
S2546,25,Male,Low,Primary,Joint,No,3.05,Low,0,84,7,Yes,43,1,84,22,13.6,19,10,Visual,5,2,2,Low,0
S2547,18,Male,Medium,Graduate,Nuclear,Yes,3.71,Medium,4,37,5,No,76,5,56,94,4.0,28,8,Kinesthetic,3,7,2,Medium,0
S2548,23,Female,High,Primary,Single Parent,No,3.93,High,0,107,5,Yes,77,9,74,95,12.9,24,8,Kinesthetic,4,7,2,Medium,0
S2549,19,Female,Low,Graduate,Nuclear,Yes,2.38,Medium,3,56,3,No,72,4,90,39,15.1,20,7,Auditory,4,4,3,Medium,0
S2550,21,Male,Medium,Postgraduate,Nuclear,No,2.25,Low,1,48,5,No,62,1,35,55,16.4,19,3,Visual,2,1,5,Low,0
S2551,21,Male,Medium,Primary,Nuclear,No,2.22,Low,2,103,7,No,95,1,59,33,3.0,4,8,Kinesthetic,3,3,1,Medium,0
S2552,23,Male,Low,Secondary,Nuclear,No,2.05,Low,4,49,5,Yes,49,4,75,83,4.9,9,7,Auditory,5,6,2,Low,0
S2553,22,Female,Medium,Postgraduate,Nuclear,No,2.59,Medium,1,42,7,No,95,2,30,74,6.7,26,4,Visual,5,2,1,Medium,0
S2554,20,Female,Low,Secondary,Joint,No,2.48,Medium,3,85,3,Yes,95,5,42,22,9.8,20,4,Mixed,4,10,3,Low,0
S2555,25,Male,High,Secondary,Nuclear,No,2.88,Medium,4,28,3,No,56,0,90,66,5.5,25,4,Auditory,5,10,0,Medium,0
S2556,23,Female,Medium,Primary,Single Parent,No,3.41,Medium,3,49,5,No,66,2,80,80,19.1,3,7,Auditory,4,10,3,Low,0
S2557,19,Female,High,Secondary,Nuclear,No,3.67,Medium,2,55,6,No,78,1,63,40,11.9,6,9,Mixed,5,5,0,High,0
S2558,18,Female,Low,Graduate,Nuclear,No,3.35,Medium,5,54,4,Yes,60,3,93,32,4.8,29,2,Mixed,3,4,1,Medium,0
S2559,19,Female,Medium,Secondary,Joint,Yes,3.67,Medium,1,46,6,No,71,3,79,90,4.0,21,1,Visual,4,7,1,Low,0
S2560,25,Male,Low,Graduate,Nuclear,No,3.55,High,3,100,3,No,68,2,49,40,17.2,19,5,Kinesthetic,3,5,1,Low,0
S2561,18,Female,Medium,Secondary,Single Parent,Yes,3.66,Medium,4,29,5,No,51,4,90,72,9.9,24,3,Mixed,1,9,2,Medium,1
S2562,25,Female,High,Primary,Guardian,No,2.67,Medium,4,108,4,Yes,45,5,54,56,11.7,1,1,Mixed,4,4,0,Medium,1
S2563,18,Male,Medium,Graduate,Joint,No,2.11,Medium,5,89,4,No,44,3,83,86,10.8,27,4,Visual,3,9,0,High,1
S2564,20,Female,Medium,Secondary,Nuclear,Yes,1.59,High,4,111,4,No,79,6,74,65,7.5,27,10,Mixed,2,4,4,High,1
S2565,20,Male,Medium,Postgraduate,Nuclear,No,3.09,High,0,109,5,No,73,8,53,100,7.2,8,2,Auditory,1,10,5,High,0
S2566,17,Female,Medium,Postgraduate,Guardian,Yes,2.93,Medium,5,99,7,No,49,8,49,28,4.3,6,7,Auditory,5,5,5,High,1
S2567,19,Male,Low,None,Single Parent,No,2.2,Low,1,113,3,No,44,0,82,68,13.4,9,8,Kinesthetic,5,6,2,Medium,0
S2568,19,Female,Medium,Graduate,Nuclear,Yes,3.78,Low,4,32,6,No,94,4,46,74,3.2,11,8,Auditory,2,1,5,Medium,0
S2569,20,Female,Medium,Postgraduate,Nuclear,Yes,2.93,Low,3,27,7,No,42,0,42,28,18.3,12,2,Mixed,3,6,3,Medium,1
S2570,24,Male,Low,Primary,Joint,No,3.18,Low,4,86,3,No,95,7,89,41,3.2,18,7,Mixed,2,9,0,Medium,0
S2571,21,Male,Low,None,Guardian,No,1.8,Low,1,63,4,Yes,97,0,30,95,15.5,9,3,Kinesthetic,3,0,2,Medium,1
S2572,17,Female,Medium,None,Nuclear,Yes,2.85,Medium,4,63,7,Yes,44,1,54,54,2.8,14,4,Visual,4,2,3,Medium,0
S2573,17,Male,Low,Secondary,Single Parent,No,3.19,Low,4,104,4,No,79,5,39,90,19.1,20,3,Visual,4,1,3,Medium,0
S2574,20,Male,Medium,Secondary,Nuclear,Yes,2.05,Medium,0,59,6,Yes,90,7,74,97,14.6,8,8,Kinesthetic,4,5,1,Medium,0
S2575,18,Male,Low,Postgraduate,Single Parent,No,2.72,Low,4,118,3,No,43,9,58,49,5.3,13,5,Visual,2,6,1,Medium,0
S2576,17,Female,High,Primary,Joint,No,3.59,Medium,3,38,6,No,61,6,92,59,10.2,10,8,Visual,2,8,4,Low,0
S2577,20,Female,Low,Postgraduate,Nuclear,No,2.78,High,5,35,5,Yes,50,4,51,29,6.8,15,10,Visual,2,4,2,Low,0
S2578,21,Male,Low,Graduate,Joint,No,2.35,Medium,3,40,5,No,85,6,55,48,15.2,14,4,Visual,5,10,5,Medium,0
S2579,22,Female,Low,Secondary,Joint,Yes,3.07,High,1,94,6,Yes,70,10,72,68,8.3,8,7,Kinesthetic,4,10,5,Medium,0
S2580,17,Male,Low,Secondary,Nuclear,No,3.93,Low,5,74,5,No,55,4,78,65,17.8,15,6,Visual,1,3,1,High,1
S2581,20,Male,Medium,Graduate,Guardian,No,1.81,Medium,3,93,4,No,50,8,47,92,17.2,28,10,Auditory,2,2,2,High,1
S2582,22,Female,Low,Primary,Single Parent,No,3.39,Medium,2,77,5,No,47,7,76,100,15.4,16,6,Kinesthetic,2,8,2,Low,0
S2583,19,Female,High,Secondary,Nuclear,No,1.91,Low,3,104,5,Yes,71,6,41,89,8.8,26,4,Visual,1,10,5,Medium,0
S2584,19,Male,High,Secondary,Nuclear,No,2.01,Medium,4,52,5,No,63,9,40,92,10.3,11,9,Kinesthetic,5,8,0,High,0
S2585,19,Male,High,Graduate,Nuclear,No,2.87,Low,5,107,3,No,95,5,39,58,12.7,15,4,Visual,3,8,3,Low,0
S2586,24,Male,Low,Postgraduate,Nuclear,No,1.72,Medium,3,92,6,No,49,2,81,37,5.3,23,8,Kinesthetic,2,6,2,Low,1
S2587,24,Male,Medium,Secondary,Nuclear,No,3.91,Medium,0,22,6,No,41,3,96,85,5.1,24,7,Mixed,5,4,4,High,1
S2588,20,Male,Medium,Graduate,Joint,No,1.7,Low,0,62,5,No,64,3,38,34,3.7,17,10,Mixed,3,9,1,Low,0
S2589,21,Male,Low,Graduate,Nuclear,No,3.15,Medium,0,92,7,No,69,0,43,53,13.6,10,9,Mixed,3,3,4,Medium,0
S2590,25,Male,Low,Primary,Joint,No,2.03,Low,0,68,5,No,77,8,50,72,1.9,2,7,Visual,4,5,2,Low,0
S2591,17,Male,Low,None,Joint,No,2.25,Medium,2,59,6,No,43,10,91,35,3.9,11,1,Kinesthetic,4,5,3,Medium,1
S2592,19,Other,Medium,None,Guardian,No,2.49,High,2,112,5,No,43,10,62,84,6.5,2,9,Kinesthetic,4,5,5,Low,0
S2593,20,Female,Low,Secondary,Joint,No,1.56,Low,4,39,5,No,52,7,70,29,11.6,25,6,Kinesthetic,4,7,0,Medium,1
S2594,18,Male,Low,Graduate,Nuclear,No,3.71,Medium,0,67,6,No,58,0,50,53,19.7,16,5,Auditory,1,10,3,Low,0
S2595,17,Female,Medium,Primary,Nuclear,Yes,1.55,Medium,0,62,4,No,82,4,88,90,8.1,16,6,Kinesthetic,1,7,1,Medium,0
S2596,24,Male,Medium,Secondary,Nuclear,Yes,3.89,Low,0,72,3,Yes,70,4,97,65,4.3,8,9,Mixed,4,1,3,Medium,0
S2597,17,Other,Medium,Secondary,Nuclear,Yes,2.67,Medium,2,73,4,No,88,8,95,41,9.4,7,4,Visual,2,8,1,Low,0
S2598,25,Male,Medium,Primary,Joint,No,1.85,Medium,0,78,7,Yes,92,1,34,52,11.8,19,5,Mixed,3,8,2,Medium,0
S2599,23,Female,Medium,Graduate,Nuclear,Yes,1.65,Medium,0,104,6,No,75,9,38,21,14.2,21,7,Auditory,2,10,5,Medium,0
S2600,24,Male,High,Secondary,Nuclear,No,2.69,Low,5,93,7,Yes,99,4,68,70,7.2,11,10,Auditory,2,0,4,Medium,0
S2601,24,Female,Low,Primary,Single Parent,Yes,2.83,High,2,39,6,No,67,3,97,76,8.7,11,9,Mixed,2,9,4,Medium,0
S2602,19,Female,Medium,Graduate,Nuclear,No,1.87,Medium,3,77,5,Yes,54,0,34,80,5.5,5,9,Visual,3,1,3,Low,1
S2603,21,Male,High,Primary,Nuclear,Yes,3.87,Low,0,114,5,No,52,8,88,96,6.7,26,8,Kinesthetic,5,6,1,High,1
S2604,22,Female,Low,Graduate,Nuclear,No,3.55,Low,1,44,7,Yes,61,6,40,86,11.3,26,1,Visual,2,8,0,Low,0
S2605,18,Male,Medium,None,Joint,No,3.89,Low,4,31,3,No,63,3,32,55,19.8,12,6,Mixed,1,0,1,Low,0
S2606,18,Male,Medium,None,Guardian,Yes,3.1,Low,3,98,5,Yes,79,2,88,70,17.6,9,6,Auditory,2,7,3,Medium,0
S2607,20,Female,Low,Postgraduate,Joint,No,2.83,Medium,2,62,6,No,94,7,92,66,6.0,21,3,Visual,5,5,4,Medium,0
S2608,22,Female,Low,Primary,Single Parent,Yes,3.27,Low,5,31,3,No,42,10,53,61,10.7,15,2,Auditory,1,8,4,High,1
S2609,19,Male,Low,Secondary,Nuclear,No,2.82,High,1,74,7,No,42,3,54,76,8.9,2,9,Visual,1,9,5,Medium,0
S2610,18,Male,Low,Primary,Joint,Yes,3.2,Medium,2,110,6,No,76,8,100,67,16.9,18,5,Visual,2,0,1,Medium,0
S2611,21,Other,Low,Postgraduate,Nuclear,No,1.72,Low,0,28,5,Yes,54,3,73,30,3.2,4,8,Auditory,1,5,3,Low,1
S2612,20,Male,Medium,Postgraduate,Joint,No,3.61,High,0,37,6,No,59,3,58,24,18.6,23,2,Mixed,2,1,4,High,1
S2613,22,Male,Low,Graduate,Single Parent,Yes,3.99,Low,2,98,7,Yes,62,0,77,75,6.5,21,9,Visual,3,2,4,High,0
S2614,19,Female,Low,Postgraduate,Single Parent,No,1.59,Medium,4,75,3,No,72,0,46,63,10.7,10,5,Kinesthetic,1,0,5,Low,0
S2615,25,Female,Medium,None,Nuclear,Yes,2.15,Medium,5,93,7,Yes,67,10,79,78,10.9,12,3,Auditory,4,8,1,Low,0
S2616,21,Female,High,Graduate,Nuclear,Yes,1.5,Medium,0,101,4,No,64,6,87,99,17.3,20,8,Visual,5,5,0,High,1
S2617,18,Male,Low,Primary,Nuclear,Yes,3.7,Low,1,115,4,No,69,5,31,94,1.3,10,8,Auditory,2,6,4,Low,0
S2618,22,Female,Low,Primary,Nuclear,Yes,3.94,High,4,58,6,No,75,7,36,75,10.7,17,2,Mixed,3,6,5,High,0
S2619,20,Male,Medium,Graduate,Nuclear,No,2.07,Medium,2,39,5,Yes,80,10,73,44,17.1,28,1,Visual,4,4,3,Low,0
S2620,21,Female,Low,None,Nuclear,Yes,2.92,High,2,23,7,No,63,4,99,99,18.0,19,10,Kinesthetic,2,9,1,Medium,0
S2621,25,Male,Medium,Graduate,Joint,No,2.37,Medium,3,84,4,Yes,74,3,30,90,12.8,27,7,Auditory,3,1,2,High,0
S2622,22,Female,Low,Primary,Single Parent,Yes,3.0,Low,5,41,3,Yes,95,4,82,87,5.9,9,5,Kinesthetic,2,0,3,Low,0
S2623,21,Male,Medium,Primary,Nuclear,No,1.85,Low,4,68,3,No,92,5,52,45,13.4,15,3,Kinesthetic,3,1,1,Medium,1
S2624,19,Male,High,None,Nuclear,Yes,2.52,Medium,3,94,3,No,62,8,49,92,15.8,6,2,Auditory,1,3,5,Medium,0
S2625,18,Other,High,Postgraduate,Nuclear,No,3.28,Medium,4,117,4,No,76,7,64,35,14.7,5,8,Visual,3,2,1,Low,0
S2626,22,Female,Medium,Graduate,Single Parent,Yes,2.29,High,0,103,3,Yes,98,10,44,38,4.3,10,3,Auditory,1,1,3,Low,0
S2627,24,Female,Medium,Secondary,Joint,Yes,3.85,Low,0,109,7,No,46,9,36,86,1.8,10,9,Visual,2,4,5,Low,0
S2628,19,Female,Low,Secondary,Nuclear,No,2.26,High,4,78,4,No,64,4,42,77,2.4,11,2,Kinesthetic,3,6,5,Medium,0
S2629,21,Male,Low,Primary,Nuclear,Yes,3.96,Medium,0,57,5,No,90,5,36,68,10.4,11,1,Mixed,5,9,0,Low,0
S2630,20,Male,Medium,Secondary,Nuclear,Yes,1.68,Low,1,94,7,No,91,4,79,97,14.8,7,10,Mixed,2,0,2,Low,0
S2631,23,Male,Low,Secondary,Nuclear,Yes,2.47,Low,4,86,3,No,66,10,57,100,9.9,20,9,Auditory,5,1,2,Medium,0
S2632,22,Female,High,Graduate,Joint,Yes,3.83,Medium,2,65,7,No,73,4,42,76,4.0,9,8,Auditory,3,10,1,Low,0
S2633,22,Male,Low,Postgraduate,Nuclear,No,3.14,Medium,4,45,3,No,95,9,61,20,1.7,4,5,Auditory,2,6,1,Medium,0
S2634,24,Male,Medium,Postgraduate,Nuclear,No,3.61,Medium,0,29,5,No,56,5,58,36,6.1,2,6,Auditory,2,5,0,Low,0
S2635,20,Female,Low,Primary,Nuclear,No,2.22,Medium,1,37,5,No,79,0,33,41,8.0,3,5,Visual,2,9,1,Medium,0
S2636,19,Male,Low,Secondary,Single Parent,No,3.15,Medium,0,42,7,Yes,77,0,82,80,11.2,1,6,Auditory,4,7,5,Medium,0
S2637,22,Female,Medium,Graduate,Single Parent,Yes,1.94,High,0,31,4,No,65,7,82,29,17.3,11,9,Visual,1,3,1,Medium,0
S2638,19,Male,Low,Secondary,Nuclear,No,2.56,High,4,86,4,No,44,1,37,79,7.5,6,5,Auditory,1,10,4,Medium,0
S2639,24,Male,Low,Graduate,Nuclear,No,3.15,High,5,51,3,No,86,2,64,94,11.1,18,1,Kinesthetic,5,7,3,Medium,0
S2640,20,Female,Medium,Secondary,Single Parent,Yes,2.36,Low,0,25,7,Yes,82,2,95,34,3.8,15,6,Visual,4,3,2,Medium,0
S2641,22,Female,Medium,Secondary,Nuclear,Yes,1.68,Low,2,34,3,No,92,1,77,62,5.3,11,7,Auditory,1,7,3,Medium,0
S2642,22,Female,Medium,Secondary,Single Parent,Yes,1.79,Medium,5,119,5,No,69,3,87,71,13.2,4,9,Mixed,4,4,1,High,1
S2643,17,Female,Medium,Primary,Joint,Yes,3.85,Low,5,51,4,Yes,65,1,76,96,2.6,21,6,Mixed,2,10,0,Low,0
S2644,24,Female,Low,Postgraduate,Nuclear,No,2.72,High,3,65,5,No,98,4,82,40,8.8,14,4,Auditory,5,7,1,Medium,0
S2645,21,Female,Medium,Primary,Nuclear,No,1.54,Medium,2,92,6,No,53,7,31,49,5.1,9,8,Kinesthetic,2,4,1,Medium,1
S2646,24,Female,Low,Primary,Single Parent,No,3.36,Medium,5,70,4,Yes,53,4,64,61,1.1,28,4,Mixed,1,9,5,Low,0
S2647,22,Male,Low,Graduate,Guardian,No,2.98,Medium,4,100,4,No,86,8,58,59,2.9,24,8,Visual,5,2,1,High,0
S2648,23,Male,High,Secondary,Nuclear,Yes,1.65,Medium,2,46,3,No,54,5,39,52,14.9,17,8,Mixed,2,10,5,Medium,1
S2649,25,Female,Medium,Primary,Joint,No,1.52,Low,2,23,7,Yes,65,3,35,66,5.1,24,3,Auditory,2,4,4,Medium,1
S2650,19,Female,Medium,Postgraduate,Single Parent,Yes,2.47,Medium,3,23,7,No,89,10,32,69,2.5,3,7,Mixed,3,9,4,Low,0
S2651,17,Male,Medium,Graduate,Joint,No,3.9,Low,4,26,7,No,72,3,50,38,8.1,6,4,Auditory,5,4,1,Medium,0
S2652,21,Male,Low,Graduate,Nuclear,No,3.47,High,1,43,7,No,76,9,93,41,7.0,21,2,Mixed,3,2,1,Low,0
S2653,21,Female,Low,Graduate,Nuclear,No,1.81,High,0,67,6,No,47,4,41,94,19.7,16,8,Auditory,3,4,4,Medium,1
S2654,20,Male,High,Primary,Nuclear,Yes,2.04,Medium,0,72,6,Yes,78,9,35,34,7.9,10,3,Mixed,4,10,4,Low,0
S2655,20,Male,Low,Graduate,Nuclear,Yes,3.15,Medium,4,33,5,No,74,5,99,35,19.2,19,6,Mixed,4,1,5,Low,0
S2656,21,Male,High,Graduate,Nuclear,No,3.35,Low,3,41,7,Yes,98,10,89,26,12.9,6,9,Visual,2,1,2,Low,0
S2657,22,Male,Medium,Primary,Joint,No,2.82,High,3,80,3,No,99,7,63,56,18.6,11,4,Auditory,2,4,3,High,0
S2658,21,Male,Medium,Secondary,Joint,No,2.32,Medium,5,23,4,No,65,5,48,79,15.9,2,6,Mixed,3,9,3,High,0
S2659,23,Female,Low,Primary,Joint,No,2.93,Medium,0,112,5,No,44,5,45,86,17.9,11,10,Visual,1,7,3,High,1
S2660,24,Female,Low,Postgraduate,Nuclear,No,3.22,Medium,0,85,7,Yes,76,2,49,91,11.2,26,5,Visual,4,5,1,High,0
S2661,24,Male,High,Secondary,Nuclear,No,3.62,Medium,2,38,6,No,41,10,70,30,6.8,1,6,Kinesthetic,3,1,5,Medium,0
S2662,17,Other,High,Postgraduate,Nuclear,Yes,3.62,Medium,1,74,4,No,50,7,99,38,19.4,5,6,Kinesthetic,5,9,0,Medium,0
S2663,21,Male,Medium,Secondary,Joint,No,2.75,Low,1,73,6,Yes,90,5,73,20,4.2,19,3,Kinesthetic,4,9,0,Medium,0
S2664,25,Female,Low,Secondary,Nuclear,No,2.29,High,0,61,6,No,48,1,59,47,11.1,12,7,Visual,5,9,2,Low,0
S2665,18,Female,Medium,Primary,Nuclear,Yes,1.79,Medium,4,76,3,No,78,2,64,92,6.3,3,3,Mixed,2,8,0,Medium,1
S2666,21,Male,Medium,Primary,Nuclear,No,2.94,Medium,3,32,5,No,78,5,37,43,7.6,22,3,Mixed,1,5,0,Low,0
S2667,21,Male,Low,Primary,Guardian,Yes,3.82,Medium,3,47,6,No,60,8,37,50,19.4,7,1,Visual,3,1,1,High,0
S2668,22,Female,Medium,Primary,Nuclear,No,2.7,Medium,2,60,5,No,58,5,79,73,11.9,8,4,Mixed,5,2,4,Medium,0
S2669,18,Male,Low,Secondary,Nuclear,Yes,3.47,Medium,4,29,3,Yes,79,6,69,64,8.7,27,2,Mixed,1,2,3,High,0
S2670,19,Male,Medium,Secondary,Nuclear,No,2.49,Medium,1,48,4,Yes,43,8,69,41,13.9,11,10,Mixed,2,7,2,Low,0
S2671,20,Female,Low,Graduate,Nuclear,No,3.33,Medium,0,21,3,No,80,2,50,29,16.8,22,6,Mixed,2,9,5,High,0
S2672,21,Male,Low,Postgraduate,Single Parent,Yes,3.84,Low,3,82,6,No,75,3,83,65,5.5,3,1,Visual,3,7,2,Medium,0
S2673,24,Female,High,Secondary,Nuclear,Yes,1.95,High,4,42,5,No,92,3,71,91,14.6,17,5,Visual,5,2,3,High,1
S2674,22,Male,Low,Postgraduate,Joint,No,2.43,High,0,82,6,Yes,51,0,94,97,18.0,2,8,Mixed,3,9,5,Medium,0
S2675,18,Female,High,Primary,Nuclear,No,1.61,Low,2,114,7,Yes,63,2,51,37,18.4,2,5,Mixed,5,8,3,Medium,0
S2676,17,Female,Medium,None,Nuclear,No,3.75,Medium,5,59,6,No,75,7,59,98,12.6,12,4,Visual,3,4,1,Medium,0
S2677,18,Male,Medium,Postgraduate,Guardian,Yes,1.51,Medium,4,107,4,No,94,6,34,55,2.9,7,1,Visual,3,3,4,Medium,1
S2678,18,Male,Low,Primary,Nuclear,No,3.31,Low,0,91,4,No,64,6,78,62,15.2,21,9,Visual,5,5,2,Medium,0
S2679,20,Other,Low,Secondary,Nuclear,Yes,2.48,High,3,90,4,No,49,10,53,57,6.1,6,8,Mixed,3,0,4,Medium,0
S2680,22,Male,Medium,None,Nuclear,Yes,3.33,High,5,31,3,No,75,4,80,51,10.1,8,9,Kinesthetic,4,6,2,Low,0
S2681,22,Female,Low,Graduate,Joint,No,3.34,High,4,106,5,No,83,1,65,59,4.2,21,2,Visual,5,0,4,Medium,0
S2682,17,Female,Medium,Secondary,Single Parent,Yes,2.85,Medium,5,37,5,No,40,2,91,51,17.8,14,2,Auditory,1,7,5,Low,1
S2683,21,Male,Low,Graduate,Joint,Yes,3.7,Low,4,111,3,No,67,6,81,48,17.7,13,4,Auditory,3,7,5,Low,0
S2684,19,Male,Medium,Secondary,Single Parent,No,3.19,Low,3,52,5,No,70,6,82,55,4.5,21,9,Mixed,1,1,1,Low,0
S2685,17,Male,High,Graduate,Joint,No,2.37,Medium,3,83,6,Yes,53,0,76,65,18.1,12,10,Auditory,2,9,1,Low,0
S2686,21,Male,Medium,None,Joint,Yes,2.23,High,0,86,4,No,92,4,88,85,2.2,10,7,Visual,4,10,2,Low,0
S2687,23,Male,Medium,Secondary,Nuclear,Yes,2.5,Low,0,20,5,No,64,10,49,47,6.7,7,1,Visual,1,10,2,High,0
S2688,21,Female,Low,Secondary,Nuclear,Yes,3.9,High,1,43,3,No,55,1,56,39,8.7,11,5,Kinesthetic,4,10,1,High,1
S2689,20,Female,Low,Graduate,Guardian,No,2.5,Low,1,59,4,Yes,70,6,55,49,19.8,9,6,Kinesthetic,1,0,1,Medium,0
S2690,21,Male,Low,Primary,Nuclear,Yes,2.91,Low,2,107,4,No,85,6,59,62,10.7,27,5,Kinesthetic,4,7,0,High,0
S2691,19,Female,Medium,None,Nuclear,No,3.93,Low,3,94,3,No,76,4,67,47,17.5,12,1,Visual,2,2,0,Low,0
S2692,22,Male,Low,Postgraduate,Joint,No,2.42,Medium,5,112,6,Yes,98,8,91,62,1.8,17,8,Auditory,1,7,5,Low,0
S2693,24,Male,Medium,Secondary,Nuclear,No,1.81,Low,1,23,3,No,68,10,80,26,19.4,16,9,Mixed,1,5,1,Low,0
S2694,20,Male,Low,Graduate,Joint,Yes,3.21,Medium,0,103,4,No,97,1,49,38,16.0,12,4,Visual,2,6,4,Low,0
S2695,22,Female,Low,Postgraduate,Joint,Yes,2.32,High,2,98,6,Yes,54,7,70,82,14.0,15,5,Mixed,4,5,4,Low,0
S2696,18,Male,Low,Postgraduate,Single Parent,Yes,3.2,Medium,5,59,7,Yes,83,9,81,40,9.2,3,2,Auditory,5,9,2,High,0
S2697,24,Male,Low,Postgraduate,Joint,Yes,2.01,Medium,4,31,7,No,87,3,50,51,12.2,22,5,Visual,3,8,3,Low,0
S2698,23,Female,Low,Postgraduate,Joint,No,2.41,High,3,49,7,No,46,0,53,75,18.0,25,6,Mixed,4,3,3,Medium,0
S2699,20,Female,Medium,Graduate,Guardian,Yes,3.35,Medium,3,114,7,No,75,1,79,38,1.7,20,5,Mixed,5,0,3,Low,0
S2700,19,Female,Medium,Secondary,Nuclear,Yes,3.37,Medium,3,33,7,Yes,66,4,57,56,15.1,7,3,Auditory,2,9,3,Medium,0
S2701,23,Other,Low,Graduate,Nuclear,No,2.51,Medium,2,94,5,No,77,1,61,28,11.4,8,5,Auditory,5,6,4,High,0
S2702,21,Female,Medium,None,Single Parent,No,1.64,Medium,1,36,7,Yes,53,2,89,96,18.8,9,9,Visual,4,0,0,Low,1
S2703,24,Male,Low,Graduate,Nuclear,Yes,3.58,Low,2,78,3,No,96,3,88,38,3.9,21,7,Auditory,4,5,3,Low,0
S2704,21,Female,High,Postgraduate,Nuclear,Yes,2.27,Low,4,85,5,No,63,7,81,44,11.5,13,1,Kinesthetic,1,6,3,Low,0
S2705,25,Male,Low,Postgraduate,Joint,Yes,3.75,Medium,1,106,3,Yes,63,1,93,91,3.5,22,9,Kinesthetic,3,8,2,High,0
S2706,21,Female,Medium,Graduate,Single Parent,No,2.88,Medium,3,111,5,No,71,1,77,67,13.8,25,1,Mixed,4,7,3,Medium,0
S2707,17,Female,Medium,Graduate,Single Parent,No,1.51,Medium,0,29,3,Yes,51,3,39,39,8.6,22,6,Auditory,4,6,3,Medium,1
S2708,18,Female,High,Primary,Guardian,No,1.76,Medium,3,59,5,No,63,3,80,63,14.3,1,1,Visual,1,1,4,Low,1
S2709,22,Male,Low,Primary,Nuclear,No,3.95,Medium,0,69,4,No,40,4,61,34,1.2,26,8,Auditory,3,3,2,High,1
S2710,17,Male,Medium,Graduate,Nuclear,No,3.42,Low,5,75,4,No,72,4,50,24,2.4,26,4,Kinesthetic,1,4,4,Low,0
S2711,17,Female,Low,Secondary,Nuclear,Yes,2.91,Medium,3,58,7,No,72,8,84,86,19.9,4,10,Mixed,5,10,3,Low,0
S2712,23,Male,Low,Graduate,Guardian,No,3.95,Medium,3,24,5,No,93,2,62,47,10.3,9,3,Visual,2,1,0,Medium,0
S2713,18,Female,High,Graduate,Nuclear,No,1.61,Medium,2,98,5,No,94,8,35,72,9.2,24,5,Visual,4,4,4,Low,0
S2714,20,Male,High,None,Joint,No,1.9,Medium,2,20,3,No,84,1,57,39,8.5,14,4,Visual,2,10,2,Low,0
S2715,18,Female,Low,Secondary,Nuclear,No,2.94,Medium,5,53,5,No,68,3,40,44,4.1,4,2,Auditory,5,4,1,Medium,0
S2716,21,Male,High,Secondary,Nuclear,Yes,1.51,Low,3,27,7,No,61,0,32,65,15.1,27,6,Kinesthetic,2,4,3,Medium,0
S2717,19,Female,Medium,Primary,Guardian,No,3.18,High,3,107,7,Yes,88,4,70,96,16.8,15,5,Kinesthetic,5,1,5,Medium,0
S2718,19,Male,Medium,Secondary,Joint,No,1.77,High,5,57,4,No,57,6,64,44,10.6,23,5,Mixed,2,0,0,Medium,1
S2719,21,Female,Medium,Graduate,Nuclear,Yes,3.81,Medium,1,26,7,No,44,2,36,61,14.2,29,6,Auditory,3,0,2,Low,0
S2720,17,Male,Medium,Postgraduate,Nuclear,Yes,3.47,Medium,4,34,5,No,52,6,62,49,7.1,25,4,Auditory,5,5,2,Medium,0
S2721,17,Male,High,Postgraduate,Nuclear,No,3.71,Medium,4,111,3,No,67,9,38,24,14.4,4,3,Visual,2,7,2,Medium,0
S2722,25,Male,Medium,Postgraduate,Guardian,No,3.08,High,5,109,6,No,96,5,76,59,11.1,27,4,Auditory,3,6,1,Medium,0
S2723,19,Female,Low,Graduate,Joint,No,3.37,Low,3,54,6,Yes,53,9,45,76,10.2,24,1,Visual,1,0,0,Medium,1
S2724,17,Male,Medium,Graduate,Nuclear,No,3.84,Low,2,32,5,No,50,0,96,65,6.1,12,6,Mixed,3,4,2,Low,0
S2725,24,Female,Medium,Graduate,Joint,Yes,3.39,High,2,52,5,No,45,6,95,48,13.1,7,2,Kinesthetic,2,2,0,Medium,1
S2726,25,Other,High,Primary,Nuclear,Yes,2.4,Medium,0,98,5,No,93,2,38,69,7.6,7,5,Mixed,4,6,5,Medium,0
S2727,17,Female,Medium,Primary,Nuclear,No,2.93,High,5,118,5,No,74,1,91,90,7.3,2,4,Kinesthetic,5,5,0,High,0
S2728,17,Female,Medium,Graduate,Nuclear,Yes,1.64,High,5,54,7,No,77,3,59,25,5.3,13,5,Visual,4,6,2,Medium,0
S2729,20,Female,Medium,Graduate,Joint,Yes,2.22,High,3,107,3,Yes,89,2,66,69,10.7,18,6,Visual,2,3,4,Medium,0
S2730,24,Male,Low,Graduate,Nuclear,No,3.15,Low,1,87,4,No,95,0,80,65,14.8,3,8,Visual,1,3,0,High,0
S2731,22,Female,Low,Secondary,Nuclear,No,2.58,Low,1,91,5,No,48,0,53,22,4.1,19,1,Visual,1,9,3,Low,1
S2732,25,Female,Low,Graduate,Nuclear,Yes,2.34,Medium,4,74,6,Yes,81,0,43,95,15.4,7,5,Mixed,3,4,3,Medium,0
S2733,19,Female,Medium,Secondary,Nuclear,Yes,3.0,Low,2,38,5,Yes,98,10,98,67,3.3,28,1,Visual,1,0,2,High,0
S2734,24,Male,Low,Secondary,Nuclear,No,1.89,Low,4,36,3,No,92,4,76,51,8.5,28,1,Visual,1,9,3,High,1
S2735,25,Male,High,Graduate,Single Parent,Yes,1.89,High,5,25,6,No,85,6,87,49,6.0,24,9,Visual,3,4,0,Medium,0
S2736,21,Female,Medium,Graduate,Nuclear,Yes,2.38,Low,3,115,7,Yes,92,1,86,46,19.6,9,8,Mixed,1,1,4,Medium,0
S2737,24,Female,Medium,Graduate,Nuclear,Yes,3.11,Low,3,50,6,No,69,10,76,39,4.4,10,1,Kinesthetic,1,6,0,Medium,0
S2738,17,Female,Medium,Graduate,Joint,Yes,3.16,High,5,83,3,No,40,2,36,44,9.0,6,2,Kinesthetic,4,7,3,Medium,1
S2739,22,Male,Medium,Primary,Single Parent,Yes,2.88,Medium,3,96,3,Yes,54,1,64,88,8.3,18,9,Visual,2,8,3,Medium,0
S2740,21,Female,Medium,None,Nuclear,No,3.51,Medium,3,28,5,Yes,55,9,69,83,7.4,11,10,Mixed,4,0,4,Medium,0
S2741,25,Other,Low,Secondary,Joint,No,3.76,Medium,0,107,5,No,49,3,98,75,8.8,10,8,Visual,3,6,2,High,1
S2742,20,Male,High,Postgraduate,Nuclear,No,2.84,Medium,1,102,4,No,48,1,98,57,11.9,23,9,Auditory,5,4,3,Low,0
S2743,17,Female,Medium,Secondary,Joint,Yes,2.42,Low,0,83,6,No,64,0,94,59,16.2,12,6,Auditory,5,3,3,High,0
S2744,25,Female,Low,Secondary,Joint,Yes,3.46,Low,5,47,6,No,64,8,71,88,18.5,22,6,Kinesthetic,3,8,2,High,0
S2745,20,Male,Medium,Secondary,Joint,Yes,3.08,Medium,3,109,7,Yes,71,0,59,39,10.9,28,7,Kinesthetic,2,9,4,Low,0
S2746,19,Male,Medium,Graduate,Nuclear,No,3.39,Medium,4,67,5,No,62,8,42,77,2.2,16,8,Auditory,5,7,1,Medium,0
S2747,18,Male,High,Postgraduate,Joint,No,3.76,High,2,43,5,Yes,96,9,81,54,17.0,22,7,Auditory,1,10,4,Medium,0
S2748,23,Male,Low,None,Nuclear,No,2.13,Medium,3,31,3,Yes,51,5,72,59,12.3,15,8,Visual,3,6,0,Low,0
S2749,23,Other,Low,Primary,Joint,No,1.6,Medium,3,23,4,No,91,1,86,51,4.1,2,8,Visual,3,7,4,Medium,0
S2750,22,Female,Low,Graduate,Single Parent,Yes,2.71,Medium,3,83,3,No,63,9,67,45,3.7,1,4,Auditory,2,1,3,Low,0
S2751,19,Female,High,Graduate,Single Parent,No,2.79,Medium,2,38,6,No,50,6,51,30,6.0,5,6,Auditory,4,2,1,Low,0
S2752,17,Male,Medium,Primary,Nuclear,No,1.62,Medium,4,111,5,No,73,8,93,56,1.1,22,5,Mixed,4,5,4,Low,0
S2753,23,Female,Medium,Primary,Nuclear,No,1.63,Low,1,45,5,Yes,91,5,71,81,16.7,22,5,Auditory,1,10,1,Medium,0
S2754,18,Male,High,Graduate,Single Parent,Yes,3.55,Medium,1,101,4,No,68,6,30,34,4.1,4,6,Mixed,4,0,2,Low,0
S2755,20,Female,Medium,Postgraduate,Joint,No,2.4,Medium,0,83,5,No,70,0,96,75,14.5,10,10,Visual,3,8,4,Medium,0
S2756,17,Female,Medium,Primary,Nuclear,No,2.02,Medium,0,70,4,No,82,3,37,46,18.2,17,7,Visual,1,4,3,Medium,0
S2757,21,Male,Low,Primary,Nuclear,No,1.68,Medium,5,119,3,No,82,1,43,29,8.6,2,6,Mixed,3,2,0,Low,0
S2758,20,Female,Medium,Postgraduate,Nuclear,No,3.93,Medium,1,85,7,No,64,10,87,45,2.0,23,10,Visual,1,1,2,Low,0
S2759,18,Male,Low,Secondary,Nuclear,Yes,2.33,Medium,2,80,6,No,41,2,78,55,16.2,3,3,Mixed,3,3,4,Medium,1
S2760,19,Female,Low,Secondary,Joint,Yes,2.52,Low,4,59,3,Yes,59,1,38,40,1.3,7,6,Visual,1,0,5,Low,0
S2761,21,Male,Medium,None,Single Parent,Yes,2.19,Medium,0,38,5,No,42,0,79,20,4.1,4,7,Mixed,1,7,4,Medium,0
S2762,17,Female,Low,Secondary,Joint,No,3.63,Medium,3,31,4,No,53,5,100,84,2.5,19,5,Visual,1,6,3,Medium,0
S2763,22,Female,Low,Secondary,Nuclear,No,2.77,Medium,3,36,6,No,94,4,43,94,6.8,28,3,Kinesthetic,5,1,2,Low,0
S2764,19,Female,Low,Secondary,Nuclear,No,1.75,Medium,4,30,3,No,49,10,40,72,5.4,7,2,Auditory,1,10,0,Low,1
S2765,19,Male,High,Secondary,Joint,Yes,4.0,Medium,0,116,6,No,68,10,77,94,17.4,26,10,Visual,5,8,4,Low,0
S2766,24,Female,High,Secondary,Nuclear,No,2.01,Medium,4,67,3,No,68,5,32,48,17.2,4,7,Auditory,5,7,5,Medium,0
S2767,18,Male,Low,Secondary,Nuclear,No,2.88,Low,0,87,3,No,59,2,87,65,6.3,5,5,Auditory,2,6,1,Medium,0
S2768,25,Male,Low,None,Nuclear,No,2.81,High,2,114,6,No,88,0,44,63,15.1,5,9,Mixed,4,4,4,Low,0
S2769,20,Female,Medium,Primary,Joint,Yes,2.51,Medium,2,86,7,Yes,41,8,87,46,5.6,1,7,Mixed,5,5,0,Low,0
S2770,21,Female,Low,Graduate,Joint,No,1.6,Medium,2,99,7,No,61,0,78,45,10.7,12,7,Kinesthetic,1,3,1,Low,0
S2771,19,Male,Medium,Postgraduate,Joint,No,2.72,Low,2,68,6,Yes,99,5,70,80,13.7,5,7,Kinesthetic,1,2,5,Low,0
S2772,23,Female,Low,Postgraduate,Nuclear,Yes,1.86,Low,5,34,4,No,73,4,55,63,14.7,19,6,Mixed,1,1,2,Low,0
S2773,18,Female,Low,Graduate,Nuclear,No,2.71,Medium,2,29,6,No,80,8,53,71,10.3,11,9,Visual,5,7,3,Low,0
S2774,22,Female,High,Secondary,Nuclear,No,1.7,Low,4,49,5,No,96,4,37,46,2.3,27,9,Auditory,1,3,5,Medium,0
S2775,21,Male,Medium,Secondary,Nuclear,Yes,3.67,Low,2,107,4,Yes,85,5,68,20,16.4,16,9,Mixed,5,1,4,Low,0
S2776,20,Male,High,Graduate,Nuclear,No,2.07,High,3,48,6,No,41,3,90,35,18.4,14,9,Auditory,2,1,3,Medium,0
S2777,19,Female,Medium,Postgraduate,Nuclear,No,1.74,Low,2,30,7,No,87,3,34,67,13.4,27,3,Visual,5,9,1,Medium,1
S2778,17,Male,Low,Primary,Nuclear,No,3.39,Medium,5,76,7,No,89,5,65,63,13.4,2,1,Mixed,2,6,3,Medium,0
S2779,23,Male,Medium,Graduate,Joint,No,2.72,Low,1,97,7,Yes,91,8,85,53,8.8,12,7,Kinesthetic,2,3,5,Medium,0
S2780,18,Other,Medium,Secondary,Joint,Yes,2.12,High,2,48,5,No,43,8,44,72,14.5,8,10,Visual,3,2,3,Medium,0
S2781,19,Other,Low,Secondary,Single Parent,Yes,1.73,High,4,41,3,No,60,6,46,44,2.6,7,8,Kinesthetic,5,8,2,Medium,0
S2782,20,Male,Medium,None,Joint,No,2.03,Medium,0,108,7,No,72,9,37,73,10.6,12,8,Visual,4,0,1,Medium,0
S2783,25,Female,Low,Primary,Nuclear,Yes,2.99,High,0,104,5,No,75,2,99,36,7.2,1,1,Kinesthetic,2,3,4,Low,0
S2784,18,Female,High,Postgraduate,Nuclear,No,2.68,Medium,3,98,4,No,77,8,59,59,14.9,26,6,Mixed,5,5,5,Medium,0
S2785,20,Male,Medium,Secondary,Nuclear,Yes,2.32,High,2,41,4,No,57,5,78,55,1.8,4,1,Mixed,1,2,5,Medium,1
S2786,24,Male,High,Graduate,Nuclear,No,3.32,Low,0,90,6,No,47,7,60,100,6.9,23,6,Visual,5,10,2,Medium,0
S2787,17,Male,Low,None,Nuclear,No,3.56,Medium,0,67,5,No,57,2,85,74,14.1,6,2,Auditory,3,2,5,Medium,1
S2788,23,Female,Medium,Graduate,Single Parent,Yes,2.45,Medium,3,53,7,Yes,72,9,33,99,16.5,25,4,Auditory,2,10,0,Medium,0
S2789,22,Male,Medium,Primary,Guardian,No,3.9,Medium,5,23,6,Yes,96,1,38,56,16.2,8,7,Visual,2,2,4,High,0
S2790,21,Female,Low,Postgraduate,Nuclear,No,2.91,Low,5,91,7,No,90,7,67,83,1.9,26,4,Visual,1,10,1,Low,0
S2791,23,Male,Medium,Graduate,Joint,No,2.88,Medium,5,60,5,No,42,7,45,26,14.7,6,2,Auditory,2,0,0,High,1
S2792,19,Male,Medium,Secondary,Nuclear,No,3.15,High,5,105,5,No,83,4,60,68,5.4,29,9,Mixed,2,1,0,Low,0
S2793,23,Male,Low,Primary,Guardian,No,1.67,High,2,97,5,No,82,1,98,59,6.3,26,2,Mixed,3,6,0,Medium,1
S2794,24,Female,Low,Secondary,Single Parent,Yes,3.09,Low,2,96,5,Yes,90,6,65,34,16.7,10,10,Mixed,4,1,3,High,0
S2795,25,Male,High,Graduate,Nuclear,Yes,2.89,Medium,1,63,3,Yes,57,4,39,43,13.7,11,7,Auditory,5,2,5,High,1
S2796,20,Female,High,Primary,Nuclear,No,2.2,Low,3,86,3,Yes,73,2,71,33,8.7,2,8,Auditory,3,4,4,Medium,0
S2797,19,Male,High,Secondary,Nuclear,No,1.86,Low,2,72,7,No,87,1,97,81,10.2,6,9,Kinesthetic,1,6,1,High,1
S2798,17,Female,Medium,Graduate,Nuclear,Yes,1.89,Medium,5,31,4,Yes,91,10,88,41,10.9,1,2,Visual,3,7,1,High,1
S2799,22,Female,Medium,Primary,Nuclear,No,1.99,Low,0,92,3,No,89,1,62,37,11.3,6,10,Mixed,5,5,0,Low,0
S2800,22,Male,Low,Secondary,Joint,Yes,3.44,Low,0,20,6,No,56,6,71,85,6.2,27,2,Visual,1,8,5,Medium,1
S2801,25,Male,Low,Secondary,Joint,Yes,2.98,Medium,5,56,3,No,98,4,30,36,11.1,10,8,Visual,5,4,4,Low,0
S2802,23,Female,Low,Graduate,Guardian,No,2.8,Medium,3,75,4,Yes,42,9,86,97,20.0,15,2,Mixed,2,5,3,Low,1
S2803,24,Male,High,Postgraduate,Nuclear,No,3.07,Low,2,41,6,No,95,8,76,69,16.2,18,8,Visual,5,9,0,Medium,0
S2804,25,Male,Medium,Secondary,Single Parent,No,2.31,High,0,109,7,No,89,7,43,57,7.9,16,6,Mixed,3,3,5,Low,0
S2805,22,Female,High,Secondary,Nuclear,No,2.49,Low,3,114,3,No,42,5,89,79,6.8,10,5,Kinesthetic,1,10,5,Medium,0
S2806,18,Male,Low,Secondary,Nuclear,No,1.83,Low,3,118,7,No,93,8,84,94,3.4,16,9,Mixed,2,4,2,High,1
S2807,25,Male,Medium,None,Nuclear,No,3.32,Medium,0,45,5,No,65,3,98,22,2.1,28,8,Kinesthetic,5,6,5,High,0
S2808,25,Female,Low,Primary,Joint,No,3.56,Medium,4,73,4,No,63,10,46,55,17.8,29,6,Visual,4,3,4,Medium,0
S2809,23,Male,High,Primary,Nuclear,No,1.86,Low,4,84,7,Yes,49,2,58,55,8.3,10,3,Kinesthetic,4,3,5,Low,1
S2810,18,Male,Low,Graduate,Nuclear,Yes,1.92,Medium,4,56,3,No,43,10,78,57,14.0,28,4,Visual,2,1,1,High,1
S2811,23,Female,High,Postgraduate,Joint,No,2.85,Low,1,104,4,Yes,96,1,52,55,9.3,29,7,Mixed,4,9,2,Medium,0
S2812,17,Female,Low,Graduate,Nuclear,No,2.38,Medium,0,41,3,No,68,5,54,78,3.9,15,6,Visual,4,1,3,Medium,0
S2813,24,Female,Medium,Primary,Joint,No,3.65,Medium,1,32,3,No,75,5,31,72,16.5,18,4,Kinesthetic,2,6,4,Medium,0
S2814,19,Male,Low,Graduate,Joint,No,1.77,Low,4,43,3,No,52,0,78,52,12.6,20,3,Mixed,5,4,4,High,1
S2815,17,Female,Medium,Postgraduate,Joint,No,3.76,Medium,3,113,5,Yes,52,2,43,69,19.0,8,4,Visual,4,3,5,Medium,0
S2816,25,Female,Medium,Secondary,Joint,No,2.9,High,3,55,4,No,68,1,52,24,3.3,10,8,Mixed,3,6,5,High,0
S2817,18,Female,Medium,None,Nuclear,Yes,3.82,Low,2,103,5,No,94,0,73,40,7.7,1,1,Visual,4,4,2,Medium,0
S2818,20,Male,Low,None,Guardian,No,3.58,High,0,54,7,No,81,8,61,73,19.3,11,5,Mixed,5,1,3,Medium,0
S2819,25,Female,Low,Secondary,Joint,No,3.62,High,2,69,3,No,83,1,100,44,11.7,3,10,Mixed,1,0,1,Medium,0
S2820,18,Other,Low,None,Nuclear,No,2.31,Medium,2,22,5,Yes,70,4,63,71,12.6,27,8,Auditory,1,3,0,Medium,0
S2821,23,Female,Medium,Postgraduate,Nuclear,Yes,3.9,Low,2,56,5,No,95,3,54,26,14.6,29,9,Auditory,3,1,2,Low,0
S2822,19,Male,Low,Primary,Guardian,Yes,2.0,Low,1,92,7,No,87,4,35,53,13.3,5,1,Auditory,1,7,1,Medium,0
S2823,19,Female,Medium,Primary,Nuclear,No,3.8,Low,0,32,7,No,86,1,71,39,1.4,4,6,Visual,4,0,3,Medium,0
S2824,20,Female,Medium,Primary,Nuclear,No,1.51,Medium,4,115,7,No,83,9,95,55,16.8,12,4,Auditory,2,4,4,High,1
S2825,24,Male,Low,None,Joint,No,2.21,Medium,2,52,5,No,43,7,100,65,18.0,15,6,Visual,3,1,4,Medium,0
S2826,17,Female,Low,Postgraduate,Single Parent,No,3.64,High,2,117,7,No,76,3,79,23,12.4,17,9,Mixed,4,5,4,Low,0
S2827,24,Female,High,Secondary,Nuclear,No,2.06,High,3,116,6,No,87,8,100,29,18.3,6,9,Visual,1,8,1,Medium,0
S2828,21,Female,Low,Postgraduate,Nuclear,Yes,2.26,Low,4,44,5,No,76,0,39,29,10.4,5,5,Auditory,1,2,4,High,0
S2829,23,Female,Low,Postgraduate,Nuclear,No,1.87,Medium,1,83,7,Yes,66,1,34,37,13.2,22,9,Visual,2,3,1,High,1
S2830,19,Female,Medium,Secondary,Joint,No,3.5,Low,1,43,5,No,56,2,70,36,9.6,21,5,Visual,1,0,5,Medium,0
S2831,19,Female,Medium,Primary,Joint,Yes,3.0,Low,3,80,5,Yes,41,2,34,32,1.8,10,1,Visual,3,6,5,Low,1
S2832,24,Male,Medium,Graduate,Nuclear,No,3.47,Medium,2,90,5,No,61,1,100,66,17.8,26,7,Auditory,2,10,5,High,0
S2833,17,Male,Medium,Postgraduate,Guardian,No,3.9,Medium,5,33,7,No,50,9,89,38,18.3,21,3,Kinesthetic,5,5,3,High,1
S2834,22,Male,High,Primary,Joint,No,3.34,Medium,3,82,6,No,56,2,87,35,17.7,13,8,Kinesthetic,2,10,4,Medium,0
S2835,19,Female,High,Postgraduate,Nuclear,No,2.94,Low,5,65,4,No,75,5,46,88,14.9,9,5,Kinesthetic,3,0,0,High,0
S2836,23,Male,Medium,Postgraduate,Nuclear,Yes,1.65,Medium,0,114,7,Yes,82,9,77,95,6.7,23,5,Auditory,2,9,3,High,1
S2837,17,Female,Medium,Secondary,Nuclear,No,3.33,Low,5,96,6,Yes,83,7,75,72,17.7,16,5,Auditory,1,9,1,High,0
S2838,24,Female,Medium,Postgraduate,Joint,No,2.91,High,5,111,4,Yes,58,7,34,69,16.5,26,8,Visual,2,3,1,Low,0
S2839,22,Male,Low,Secondary,Nuclear,Yes,2.39,Medium,0,84,3,No,53,10,53,40,11.0,23,10,Auditory,2,4,3,Medium,0
S2840,20,Male,High,Primary,Nuclear,No,2.93,Medium,4,61,3,No,41,3,83,73,16.8,6,9,Auditory,4,10,4,Medium,0
S2841,18,Female,Medium,Graduate,Nuclear,Yes,3.94,Medium,4,98,4,No,60,7,61,35,17.0,2,3,Visual,2,4,5,Low,0
S2842,17,Male,Medium,Graduate,Joint,No,2.5,Low,4,79,7,No,46,10,32,52,19.7,20,4,Mixed,2,10,4,Medium,0
S2843,24,Female,Medium,None,Joint,No,2.43,High,3,28,5,No,45,0,61,56,7.4,14,5,Auditory,3,10,0,Low,0
S2844,17,Female,Low,Primary,Joint,No,2.4,High,4,101,7,No,90,4,42,80,1.1,27,1,Mixed,4,9,4,Medium,0
S2845,20,Male,High,Primary,Nuclear,Yes,2.3,Low,2,35,5,No,50,8,30,54,5.9,8,4,Mixed,4,3,3,High,1
S2846,19,Female,Medium,Secondary,Joint,Yes,3.58,Medium,0,79,6,No,83,5,38,52,10.3,17,7,Auditory,5,0,3,Low,0
S2847,25,Female,Medium,Graduate,Nuclear,No,1.61,Low,4,111,6,No,91,1,94,59,15.4,23,3,Kinesthetic,4,8,0,Low,1
S2848,25,Female,Medium,Postgraduate,Nuclear,No,3.96,Low,5,89,6,Yes,60,7,81,89,14.9,19,10,Kinesthetic,3,5,4,Medium,0
S2849,25,Other,Low,Postgraduate,Single Parent,No,2.37,Medium,0,110,6,No,86,0,33,50,14.6,1,2,Visual,5,7,0,Low,0
S2850,20,Male,High,Secondary,Joint,No,3.76,High,3,50,5,No,67,8,39,80,13.9,15,6,Visual,3,3,3,Medium,0
S2851,21,Male,Low,Graduate,Single Parent,Yes,3.48,Medium,0,108,3,No,77,2,56,52,2.3,25,10,Visual,1,7,3,Medium,0
S2852,18,Male,Low,Graduate,Nuclear,Yes,4.0,Medium,0,116,6,Yes,88,2,100,76,12.2,28,9,Kinesthetic,5,3,5,Medium,0
S2853,20,Female,Low,Secondary,Single Parent,Yes,2.6,Low,3,100,6,Yes,46,6,100,100,7.3,27,3,Auditory,5,3,5,Medium,1
S2854,19,Male,Medium,Primary,Single Parent,Yes,3.38,Low,0,84,5,No,78,2,40,44,18.8,23,9,Auditory,5,8,0,High,0
S2855,21,Female,Low,None,Joint,No,2.54,High,4,103,7,No,89,8,68,63,14.5,24,6,Visual,3,6,1,Medium,0
S2856,24,Male,Medium,Graduate,Nuclear,No,3.79,Medium,2,64,5,No,55,4,47,50,12.7,10,4,Mixed,3,8,1,Medium,0
S2857,17,Female,Medium,Postgraduate,Nuclear,Yes,3.04,Low,0,22,4,Yes,52,10,74,25,7.9,22,10,Kinesthetic,2,9,3,High,1
S2858,19,Male,Low,Graduate,Nuclear,No,3.96,High,1,79,6,No,75,10,64,44,15.0,6,3,Visual,2,8,4,Low,0
S2859,18,Female,Low,Postgraduate,Nuclear,No,2.77,Low,3,103,4,Yes,41,8,62,32,1.5,21,10,Auditory,1,1,1,High,1
S2860,19,Male,Medium,Primary,Joint,No,1.89,Medium,4,117,3,No,88,4,65,75,11.2,2,5,Mixed,5,1,3,Low,0
S2861,22,Female,High,Graduate,Nuclear,No,1.86,Low,2,91,3,Yes,75,0,62,38,11.1,1,10,Auditory,2,2,1,Low,0
S2862,24,Female,Low,Primary,Nuclear,No,3.43,Low,0,79,3,No,52,6,64,69,2.3,5,10,Visual,5,10,2,Low,0
S2863,21,Male,High,Postgraduate,Nuclear,Yes,3.9,Low,0,99,5,No,81,7,77,33,2.4,5,5,Visual,1,10,4,Low,0
S2864,21,Female,Medium,Secondary,Nuclear,No,2.43,Low,0,61,5,Yes,99,9,83,65,2.9,1,5,Kinesthetic,2,2,3,Low,0
S2865,23,Male,Low,Primary,Nuclear,No,2.12,Medium,0,57,3,Yes,56,5,66,34,13.0,4,1,Mixed,2,7,2,Medium,1
S2866,17,Female,Medium,Secondary,Nuclear,Yes,2.77,High,5,36,7,No,47,1,92,76,9.9,17,3,Kinesthetic,1,6,3,Medium,1
S2867,17,Male,Low,None,Joint,No,2.59,Low,4,59,6,Yes,57,4,81,88,4.4,5,7,Auditory,3,0,4,Low,0
S2868,25,Male,Medium,None,Single Parent,No,1.87,Medium,3,34,6,Yes,91,8,89,44,15.0,20,7,Visual,5,0,4,Medium,0
S2869,21,Female,High,Graduate,Nuclear,No,2.59,Medium,2,69,5,Yes,43,1,42,84,18.7,17,7,Visual,2,4,4,Medium,0
S2870,19,Male,Medium,Secondary,Joint,No,3.54,Medium,5,52,5,No,95,1,91,56,16.5,22,2,Auditory,3,10,2,High,0
S2871,20,Female,Low,Secondary,Nuclear,Yes,3.63,Low,3,60,4,No,50,4,36,40,15.0,3,4,Kinesthetic,1,2,2,Low,0
S2872,21,Male,Low,Postgraduate,Nuclear,No,3.28,Medium,4,23,4,No,99,9,86,61,2.8,20,1,Visual,1,0,4,Medium,0
S2873,22,Female,Medium,Graduate,Nuclear,No,1.97,Medium,1,115,6,No,61,2,86,25,9.5,27,9,Kinesthetic,3,7,2,High,1
S2874,19,Other,Low,Secondary,Joint,Yes,1.73,Low,1,76,4,Yes,87,2,85,67,12.4,23,3,Auditory,3,8,1,High,1
S2875,18,Other,Medium,Secondary,Single Parent,No,2.31,Medium,4,33,4,No,87,7,79,92,12.9,15,4,Mixed,2,3,5,High,0
S2876,21,Female,Low,Graduate,Single Parent,No,2.39,Medium,1,66,7,No,58,1,42,47,5.6,11,7,Auditory,3,2,2,Medium,0
S2877,20,Female,Low,Postgraduate,Nuclear,No,2.6,Medium,5,49,5,No,78,4,90,25,6.0,14,3,Mixed,2,5,5,Low,0
S2878,23,Female,Low,Graduate,Nuclear,No,3.69,High,3,99,3,No,75,8,56,83,14.8,25,4,Kinesthetic,1,2,0,Medium,0
S2879,19,Female,Medium,Postgraduate,Guardian,Yes,3.95,Low,5,25,5,No,97,9,83,56,6.4,18,7,Auditory,1,8,4,Medium,0
S2880,23,Female,High,Postgraduate,Nuclear,No,1.73,High,5,55,7,No,67,6,41,87,12.4,18,2,Kinesthetic,2,0,2,High,1
S2881,21,Female,Medium,Secondary,Single Parent,No,2.48,High,5,36,4,No,53,1,38,83,15.3,11,4,Auditory,3,9,0,Medium,0
S2882,18,Female,Medium,Secondary,Nuclear,No,2.0,Medium,5,92,5,No,93,9,35,22,19.3,19,3,Kinesthetic,2,10,3,Medium,0
S2883,23,Female,Medium,Primary,Nuclear,No,3.44,Medium,1,102,5,No,58,9,58,28,13.5,9,2,Visual,1,10,0,High,1
S2884,17,Male,Medium,Primary,Joint,Yes,2.99,High,2,117,5,No,62,7,30,61,19.3,22,2,Auditory,5,2,5,Medium,0
S2885,19,Male,Medium,Primary,Single Parent,No,3.32,Medium,5,76,6,No,85,3,57,79,3.0,27,10,Auditory,4,6,0,Low,0
S2886,22,Male,High,Secondary,Nuclear,Yes,3.3,Medium,2,80,6,No,96,9,89,88,13.4,3,6,Auditory,3,1,2,Medium,0
S2887,20,Female,Medium,None,Nuclear,Yes,1.55,Low,1,111,7,Yes,97,9,98,97,1.8,9,6,Visual,5,1,2,Low,0
S2888,23,Male,Medium,None,Nuclear,No,2.65,Medium,5,104,6,Yes,83,10,49,88,5.7,22,2,Mixed,3,1,2,Low,0
S2889,25,Male,Medium,Primary,Nuclear,No,2.75,Medium,2,118,3,No,67,6,73,87,6.6,17,10,Visual,3,1,2,Medium,0
S2890,21,Male,Medium,Postgraduate,Joint,No,3.35,Medium,2,91,4,No,77,5,61,74,13.2,5,7,Visual,2,10,1,Medium,0
S2891,21,Female,Medium,Secondary,Nuclear,No,3.42,Medium,5,71,3,No,94,10,46,86,18.6,17,9,Visual,3,1,2,Medium,0
S2892,24,Male,Low,Secondary,Nuclear,No,2.74,Medium,3,99,6,Yes,89,1,64,24,6.5,25,6,Mixed,4,7,4,Medium,0
S2893,24,Male,Low,Secondary,Guardian,Yes,1.86,High,4,107,3,No,54,5,89,44,11.7,20,10,Visual,2,1,4,Medium,1
S2894,19,Male,Medium,Postgraduate,Nuclear,No,3.78,Low,2,38,6,No,68,9,56,38,10.5,27,5,Mixed,4,0,5,High,0
S2895,23,Female,Medium,Secondary,Nuclear,Yes,3.3,Medium,2,62,6,No,44,4,52,67,19.9,11,4,Visual,2,5,1,Medium,0
S2896,21,Female,Low,Secondary,Joint,No,3.66,High,5,36,5,No,75,6,56,80,10.8,29,6,Mixed,4,8,3,High,0
S2897,17,Male,Medium,Secondary,Nuclear,No,1.89,Low,2,95,6,Yes,98,1,86,23,12.3,6,6,Auditory,3,8,4,Medium,0
S2898,17,Male,Medium,Graduate,Nuclear,No,3.26,Low,1,115,5,No,47,0,73,78,10.3,3,3,Visual,1,10,3,High,1
S2899,17,Female,Medium,Secondary,Single Parent,Yes,2.59,High,5,100,3,No,56,2,33,82,5.8,27,9,Auditory,5,3,2,Medium,0
S2900,17,Female,Medium,Secondary,Nuclear,No,3.81,Medium,4,52,5,No,46,1,89,40,18.5,17,8,Visual,1,0,2,Medium,0
S2901,24,Female,High,Graduate,Nuclear,No,3.73,Low,2,25,5,No,84,6,93,85,14.7,5,10,Kinesthetic,3,3,0,High,0
S2902,21,Male,Low,Primary,Joint,No,2.77,Medium,2,83,6,Yes,72,9,99,78,19.9,5,4,Kinesthetic,2,4,3,Medium,0
S2903,24,Male,Medium,Secondary,Single Parent,Yes,2.43,Medium,2,100,4,No,81,10,79,74,16.6,24,3,Visual,5,7,0,Low,0
S2904,23,Female,Low,Graduate,Nuclear,No,3.41,Low,1,37,4,Yes,69,5,68,63,1.6,3,6,Visual,5,3,2,High,0
S2905,24,Male,Low,Postgraduate,Guardian,Yes,2.06,Low,0,62,4,No,51,5,57,100,15.4,22,6,Mixed,3,4,1,Medium,0
S2906,21,Male,High,Secondary,Nuclear,No,3.38,Medium,3,58,6,No,68,6,37,64,15.3,29,9,Kinesthetic,1,10,1,Low,0
S2907,17,Female,Medium,Secondary,Single Parent,No,1.72,Medium,0,116,5,No,69,7,35,88,19.7,21,9,Kinesthetic,1,9,5,Medium,0
S2908,18,Female,Low,None,Joint,No,3.55,Low,2,40,6,Yes,87,7,55,35,14.8,1,6,Kinesthetic,1,1,3,Medium,0
S2909,20,Other,High,Primary,Nuclear,No,3.54,Low,1,92,5,No,93,8,99,80,7.5,10,10,Visual,4,0,2,Low,0
S2910,22,Male,Low,Primary,Single Parent,No,1.89,High,5,60,7,No,91,7,42,56,7.9,21,5,Auditory,3,5,2,Medium,0
S2911,25,Male,Medium,Primary,Nuclear,No,3.39,Medium,2,29,6,No,67,5,99,39,1.4,10,8,Kinesthetic,5,0,2,Medium,0
S2912,19,Female,High,Primary,Single Parent,Yes,2.7,Medium,2,77,7,Yes,80,5,57,78,6.9,16,2,Auditory,2,0,3,Low,0
S2913,18,Female,Low,Postgraduate,Single Parent,No,3.13,Low,3,56,3,No,59,5,97,31,4.6,27,4,Visual,4,10,1,Medium,0
S2914,18,Female,High,None,Joint,No,3.99,Medium,0,111,7,No,95,10,42,97,14.8,18,4,Kinesthetic,1,2,1,High,0
S2915,21,Other,Medium,Postgraduate,Joint,No,2.72,Medium,5,35,3,No,46,6,35,38,14.5,10,1,Kinesthetic,1,4,1,Medium,1
S2916,20,Male,High,Secondary,Joint,Yes,3.78,Low,0,25,3,No,54,0,55,63,2.0,1,3,Kinesthetic,1,3,5,Medium,1
S2917,19,Female,Medium,None,Nuclear,Yes,3.85,High,4,44,7,No,62,7,78,26,13.7,12,9,Auditory,1,10,1,Low,0
S2918,22,Male,Medium,Primary,Single Parent,No,2.55,High,5,29,6,Yes,58,10,36,93,2.7,6,3,Visual,4,8,3,Medium,1
S2919,24,Female,Medium,Graduate,Nuclear,No,3.81,Low,2,60,4,No,83,2,50,62,19.1,5,3,Mixed,3,8,1,High,0
S2920,20,Female,Medium,Postgraduate,Guardian,No,1.65,Medium,5,109,3,No,44,4,68,29,12.6,27,3,Visual,1,6,2,Medium,1
S2921,19,Female,Low,Secondary,Nuclear,No,3.81,Medium,3,43,3,No,82,5,44,87,6.9,23,8,Auditory,4,6,5,High,0
S2922,20,Male,Medium,None,Nuclear,No,2.66,Low,4,49,6,No,67,2,73,80,13.5,15,4,Kinesthetic,3,10,4,High,0
S2923,18,Female,Low,Postgraduate,Nuclear,No,3.64,High,5,80,7,No,98,3,87,94,6.1,4,3,Kinesthetic,4,4,5,High,0
S2924,23,Female,Medium,Graduate,Single Parent,Yes,3.83,Low,4,53,3,No,88,8,82,91,16.0,2,5,Visual,3,6,4,Medium,0
S2925,23,Female,Medium,Postgraduate,Nuclear,No,3.95,Low,2,85,3,No,71,5,91,22,2.5,12,8,Kinesthetic,3,2,0,Low,0
S2926,19,Male,Medium,Primary,Single Parent,No,2.57,Medium,5,28,7,No,44,0,57,97,8.6,2,9,Visual,4,6,4,Medium,0
S2927,21,Male,High,Graduate,Nuclear,No,1.63,Medium,5,55,4,No,80,1,54,74,9.8,17,9,Visual,4,2,1,Low,0
S2928,18,Female,High,Primary,Joint,Yes,3.67,High,1,36,7,Yes,96,1,62,29,5.2,29,1,Auditory,5,8,3,Medium,0
S2929,19,Female,Medium,None,Nuclear,Yes,1.65,Medium,4,51,3,Yes,80,5,76,78,10.1,24,1,Mixed,5,0,1,Low,1
S2930,19,Female,Medium,Primary,Single Parent,No,2.77,Low,3,52,4,Yes,59,0,37,74,2.3,1,5,Auditory,2,9,1,High,1
S2931,19,Female,Medium,Graduate,Joint,No,1.62,Medium,2,43,4,No,90,5,83,55,17.1,6,6,Visual,3,4,3,Low,0
S2932,20,Male,Medium,Secondary,Joint,No,3.21,Medium,0,94,6,Yes,69,1,69,57,7.5,21,3,Visual,1,7,2,Low,0
S2933,23,Male,Medium,Primary,Joint,No,2.16,Medium,1,55,7,Yes,63,10,67,45,15.3,13,1,Mixed,1,9,1,Medium,0
S2934,24,Male,Low,Secondary,Single Parent,Yes,3.05,Medium,2,114,5,No,52,4,95,26,19.5,23,8,Kinesthetic,3,7,0,Medium,0
S2935,18,Male,Medium,Primary,Joint,No,2.74,High,4,31,4,Yes,77,5,81,86,7.6,29,9,Mixed,4,1,0,Medium,0
S2936,25,Male,High,Secondary,Nuclear,Yes,2.69,Medium,3,98,5,Yes,84,7,47,49,14.5,9,9,Auditory,2,10,1,Low,0
S2937,23,Female,Low,Secondary,Nuclear,No,3.55,Low,1,95,3,No,78,2,61,72,2.8,5,7,Visual,5,10,3,Medium,0
S2938,25,Other,Medium,Secondary,Nuclear,No,2.46,Medium,2,34,3,Yes,60,5,71,99,14.2,7,2,Visual,3,10,1,High,0
S2939,23,Male,High,Postgraduate,Joint,No,2.57,Medium,0,89,5,Yes,97,7,33,56,7.8,25,8,Visual,1,3,1,Medium,0
S2940,17,Male,Medium,None,Nuclear,Yes,3.9,Low,5,94,4,No,88,2,99,23,4.0,25,8,Auditory,4,1,5,Medium,0
S2941,18,Male,Low,Graduate,Guardian,Yes,3.29,Medium,3,102,6,No,92,9,97,28,1.8,18,1,Visual,4,7,5,Medium,0
S2942,18,Female,Medium,Secondary,Single Parent,No,1.64,Medium,3,26,7,No,97,9,70,84,8.1,12,10,Auditory,2,5,3,Low,0
S2943,20,Male,Medium,Graduate,Nuclear,No,1.65,Low,3,22,4,No,92,5,84,27,10.1,18,3,Kinesthetic,5,6,0,Medium,1
S2944,20,Male,Medium,Postgraduate,Single Parent,No,2.08,Low,0,66,7,No,88,3,50,26,5.5,28,3,Mixed,3,0,1,Low,0
S2945,23,Female,Low,Primary,Nuclear,No,2.39,Low,3,61,4,Yes,65,0,70,50,14.9,7,6,Kinesthetic,4,10,2,Medium,0
S2946,24,Female,Medium,Graduate,Nuclear,Yes,1.62,Low,4,28,3,Yes,84,10,68,99,6.3,15,7,Mixed,5,5,4,Medium,0
S2947,17,Female,High,Graduate,Nuclear,Yes,2.32,Medium,4,108,3,No,95,1,45,73,13.3,5,10,Visual,2,8,3,Medium,0
S2948,19,Male,Medium,Secondary,Single Parent,No,2.14,High,4,65,4,No,56,8,62,100,11.4,16,3,Kinesthetic,5,4,1,Low,1
S2949,19,Male,Medium,Primary,Joint,Yes,1.9,Medium,0,106,3,No,54,10,43,84,1.5,10,1,Auditory,1,10,0,Medium,1
S2950,21,Male,Medium,Primary,Single Parent,Yes,3.83,High,5,80,5,No,40,5,80,59,15.2,13,6,Auditory,1,3,5,High,1
S2951,17,Female,Medium,Secondary,Single Parent,No,2.42,Medium,4,112,6,No,73,7,57,81,11.8,8,6,Auditory,5,1,4,Medium,0
S2952,22,Male,Medium,Postgraduate,Nuclear,No,2.05,Low,1,45,3,Yes,61,0,96,94,14.4,2,9,Mixed,1,8,2,High,0
S2953,18,Male,Medium,Primary,Nuclear,Yes,1.53,Medium,3,82,5,No,97,10,84,72,5.8,29,5,Auditory,4,1,0,Low,0
S2954,17,Male,Low,Graduate,Nuclear,Yes,1.78,Medium,0,54,7,No,47,10,88,29,18.4,26,2,Auditory,5,6,1,Medium,1
S2955,21,Male,Medium,None,Nuclear,Yes,2.96,High,3,34,6,Yes,79,8,57,35,13.1,9,3,Visual,1,9,5,Low,0
S2956,24,Male,Medium,None,Nuclear,No,2.87,Medium,3,101,7,No,86,9,67,66,6.4,1,8,Visual,5,2,1,Medium,0
S2957,24,Female,Medium,Secondary,Joint,Yes,3.14,Medium,2,78,7,Yes,81,3,51,53,9.3,17,9,Mixed,1,9,2,Medium,0
S2958,19,Male,Low,Postgraduate,Nuclear,No,1.87,Medium,2,111,6,No,96,6,80,27,15.3,2,9,Visual,2,7,3,Medium,0
S2959,23,Female,High,Secondary,Single Parent,Yes,2.67,Medium,5,40,4,No,73,7,53,42,15.3,11,8,Auditory,1,0,2,Medium,0
S2960,18,Male,Low,Graduate,Nuclear,No,3.04,Medium,1,115,4,No,73,0,35,90,16.3,23,8,Visual,5,3,0,Medium,0
S2961,24,Female,Medium,Graduate,Nuclear,No,3.55,Medium,2,97,3,No,57,4,43,64,5.0,3,6,Kinesthetic,5,1,4,Medium,0
S2962,23,Male,Low,Graduate,Nuclear,Yes,2.24,Medium,3,37,6,Yes,61,4,81,22,17.6,17,3,Visual,5,6,4,High,0
S2963,18,Male,Medium,Graduate,Nuclear,No,3.35,Low,4,118,3,No,68,8,44,23,7.3,2,2,Kinesthetic,3,3,0,Low,0
S2964,24,Female,Medium,None,Single Parent,No,2.36,Medium,1,55,6,No,70,8,72,66,6.1,26,1,Visual,2,2,0,Medium,0
S2965,21,Male,Medium,Secondary,Guardian,No,3.76,Medium,5,51,4,No,43,1,33,23,16.4,13,5,Auditory,5,4,5,Low,0
S2966,21,Male,Medium,Secondary,Joint,No,3.69,Low,1,116,7,No,91,4,100,44,12.6,4,2,Visual,4,8,5,High,0
S2967,19,Male,Low,Graduate,Nuclear,Yes,1.66,Medium,1,52,5,Yes,42,10,68,61,10.6,7,1,Mixed,1,6,1,Medium,1
S2968,21,Male,Medium,Postgraduate,Nuclear,Yes,1.98,Medium,1,28,5,No,53,1,100,77,18.9,12,6,Auditory,3,5,5,Low,1
S2969,25,Female,Medium,Graduate,Nuclear,No,3.56,Medium,1,99,5,No,43,2,73,99,7.1,22,4,Mixed,2,2,3,Medium,0
S2970,17,Female,Low,Secondary,Nuclear,No,2.53,Low,4,23,5,No,69,2,49,56,11.7,18,7,Kinesthetic,5,8,0,Medium,0
S2971,25,Female,High,Primary,Nuclear,Yes,3.06,Medium,0,93,6,No,72,7,68,68,17.1,14,2,Auditory,5,3,5,Low,0
S2972,24,Male,Low,Secondary,Nuclear,No,2.34,Medium,2,68,4,No,91,7,50,46,18.4,13,4,Auditory,3,0,5,Medium,0
S2973,24,Male,Low,Secondary,Nuclear,No,2.12,Medium,0,50,3,No,49,3,30,41,2.0,11,10,Auditory,4,7,5,Low,0
S2974,17,Male,Low,Postgraduate,Nuclear,No,2.53,Low,4,63,7,Yes,71,0,43,56,4.2,8,3,Mixed,3,10,0,Medium,0
S2975,18,Male,Medium,Graduate,Nuclear,No,3.18,Medium,5,48,3,No,77,2,68,30,11.4,18,8,Mixed,5,2,3,Medium,0
S2976,24,Female,Low,Secondary,Guardian,No,2.51,Medium,3,69,6,No,54,8,42,71,4.8,26,8,Visual,3,2,0,High,1
S2977,22,Female,High,Graduate,Joint,Yes,1.57,Low,2,109,4,No,47,10,79,44,12.8,2,8,Visual,2,6,3,Low,1
S2978,24,Male,Low,Primary,Single Parent,No,2.07,Medium,4,72,6,Yes,40,10,73,84,6.4,19,7,Auditory,2,10,1,Low,0
S2979,23,Female,Medium,Secondary,Nuclear,No,1.64,High,5,35,5,Yes,79,8,69,76,1.6,2,2,Kinesthetic,3,4,2,Medium,1
S2980,19,Female,Low,None,Joint,No,2.06,Medium,3,87,7,No,66,2,49,43,19.7,15,1,Kinesthetic,3,5,2,High,0
S2981,18,Male,Medium,Graduate,Single Parent,No,3.88,Medium,3,67,3,Yes,82,10,67,23,16.8,26,8,Visual,3,7,3,Low,0
S2982,18,Male,Medium,Postgraduate,Joint,Yes,2.3,Medium,4,85,6,No,62,7,55,44,12.4,14,7,Mixed,3,5,1,High,0
S2983,18,Female,Medium,Postgraduate,Nuclear,No,2.16,Low,1,66,7,Yes,81,0,69,91,1.5,24,3,Visual,1,10,4,High,0
S2984,20,Male,Low,Graduate,Joint,No,3.0,Medium,1,74,7,No,81,9,32,27,12.3,15,1,Auditory,4,7,0,Medium,0
S2985,19,Female,Low,Primary,Single Parent,No,3.44,High,0,106,4,Yes,42,9,80,50,6.8,7,5,Visual,2,8,4,Medium,0
S2986,17,Other,Medium,Secondary,Single Parent,No,2.38,Medium,0,84,3,Yes,61,7,91,87,6.3,17,2,Auditory,2,8,5,Low,0
S2987,21,Male,Low,Postgraduate,Guardian,Yes,2.46,Medium,1,66,5,No,67,4,75,75,7.4,4,8,Visual,5,4,3,Medium,0
S2988,23,Male,Low,Secondary,Nuclear,Yes,3.39,Medium,4,87,6,No,75,7,44,29,13.7,18,8,Auditory,5,5,2,Low,0
S2989,23,Female,High,Postgraduate,Nuclear,No,3.69,Low,5,72,6,No,47,10,35,97,8.9,13,7,Visual,2,1,2,Low,0
S2990,19,Male,Low,Primary,Nuclear,No,2.62,High,3,58,6,No,94,6,70,74,6.0,20,10,Auditory,5,1,0,High,0
S2991,19,Female,Low,Graduate,Joint,No,3.68,Low,2,108,4,Yes,68,5,60,92,10.8,4,1,Auditory,5,7,4,Low,0
S2992,19,Male,Medium,Secondary,Guardian,No,1.51,Medium,3,56,5,No,41,4,35,59,15.8,28,2,Kinesthetic,3,1,2,Medium,1
S2993,19,Female,High,Graduate,Nuclear,No,3.11,Low,1,61,5,No,67,2,89,42,19.5,15,7,Mixed,2,0,0,Low,0
S2994,17,Male,High,Graduate,Joint,Yes,2.43,Medium,4,68,6,No,85,6,53,100,19.3,19,7,Kinesthetic,5,2,2,Medium,0
S2995,23,Female,Low,None,Joint,No,2.61,Low,4,37,7,No,69,0,47,72,4.2,5,4,Mixed,3,7,4,High,0
S2996,24,Female,Low,Secondary,Joint,No,1.63,Medium,1,34,6,No,93,0,35,43,17.9,28,4,Auditory,2,3,2,Low,0
S2997,25,Male,Medium,Secondary,Single Parent,Yes,3.95,High,4,82,6,No,68,4,89,24,10.5,19,8,Mixed,3,0,2,Medium,0
S2998,17,Male,Low,Postgraduate,Guardian,Yes,2.12,Low,2,82,7,No,63,7,45,43,8.6,6,10,Visual,2,6,4,Medium,0
S2999,24,Male,Low,Secondary,Nuclear,Yes,3.91,Low,5,89,4,No,93,10,32,41,12.5,7,10,Visual,2,2,5,Low,0
S3000,18,Male,Medium,Graduate,Joint,Yes,2.65,High,2,104,3,No,93,6,64,33,16.6,22,3,Kinesthetic,1,8,5,Low,0
S3001,18,Female,Medium,Primary,Guardian,Yes,2.13,High,5,34,4,No,52,1,99,60,13.4,6,9,Auditory,4,7,5,Medium,0
S3002,24,Female,Medium,Graduate,Single Parent,Yes,2.64,Medium,4,44,4,Yes,70,3,65,97,6.8,24,8,Visual,4,8,5,Medium,0
S3003,19,Female,Medium,Secondary,Nuclear,No,2.69,Low,4,105,7,No,47,4,43,31,17.6,9,5,Visual,2,6,2,Low,0
S3004,18,Female,Low,Secondary,Nuclear,No,1.66,Low,2,31,3,No,59,10,95,91,7.0,14,9,Auditory,5,10,3,Medium,1
S3005,21,Male,Medium,Graduate,Nuclear,No,1.99,Medium,0,117,7,No,73,3,59,47,13.1,22,10,Mixed,3,9,2,Medium,0
S3006,23,Female,Low,Primary,Nuclear,No,3.48,Low,3,58,6,Yes,93,6,100,76,12.3,15,5,Visual,1,8,3,Low,0
S3007,18,Male,Medium,Primary,Joint,No,2.46,Medium,3,72,3,No,87,2,59,87,13.8,19,6,Mixed,3,3,3,Medium,0
S3008,24,Other,Low,Secondary,Nuclear,No,2.47,Low,3,24,3,No,74,2,81,81,8.2,16,4,Mixed,2,7,1,Medium,0
S3009,25,Female,High,None,Nuclear,No,2.15,Medium,5,21,3,No,57,9,68,52,7.9,17,4,Auditory,5,0,2,Medium,0
S3010,25,Male,Medium,Graduate,Joint,No,3.2,Medium,1,88,5,No,45,0,64,58,3.0,1,9,Visual,3,1,5,Low,0
S3011,22,Female,Medium,Graduate,Nuclear,Yes,2.78,Low,1,101,7,Yes,60,4,98,93,9.0,22,1,Visual,5,3,3,Medium,0
S3012,19,Male,Low,Primary,Joint,No,3.13,Medium,5,68,7,No,43,10,64,91,9.6,24,1,Kinesthetic,2,1,3,Medium,1
S3013,21,Female,Low,Primary,Single Parent,No,3.18,Low,4,119,7,No,92,2,76,84,16.1,1,1,Kinesthetic,1,4,1,Low,0
S3014,25,Male,Low,Primary,Guardian,No,1.79,Medium,4,76,7,No,50,1,68,83,1.1,9,8,Kinesthetic,4,3,1,Medium,1
S3015,24,Male,Medium,Primary,Nuclear,No,3.16,Medium,4,109,7,Yes,42,5,39,29,2.8,25,2,Mixed,5,7,3,Medium,1
S3016,25,Female,Low,Secondary,Joint,No,1.63,Low,1,71,6,No,48,5,97,95,15.5,17,2,Kinesthetic,2,10,3,Medium,1
S3017,19,Male,High,Primary,Nuclear,No,3.46,Medium,0,37,5,No,55,4,86,32,1.8,3,3,Auditory,3,6,4,Low,1
S3018,18,Female,Medium,Postgraduate,Joint,No,3.84,Medium,3,111,3,No,65,4,96,59,11.4,9,9,Visual,2,8,1,Medium,0
S3019,24,Female,Medium,Graduate,Nuclear,No,3.7,Medium,2,61,6,No,99,2,88,94,3.0,21,2,Auditory,3,3,0,High,0
S3020,17,Male,Medium,Primary,Nuclear,Yes,1.67,Medium,5,77,3,No,71,9,96,38,10.3,26,10,Kinesthetic,3,6,2,Medium,0
S3021,21,Female,Low,Primary,Single Parent,Yes,2.89,Low,2,23,5,Yes,86,9,38,53,12.9,12,2,Visual,2,1,5,Low,0
S3022,25,Male,Low,Graduate,Nuclear,Yes,3.74,Medium,1,78,4,No,77,2,86,80,12.9,10,2,Mixed,4,8,0,High,0
S3023,19,Male,Low,Graduate,Nuclear,Yes,2.36,Medium,0,51,4,No,84,8,59,77,13.5,19,2,Kinesthetic,4,3,4,Medium,0
S3024,23,Female,Medium,Postgraduate,Joint,No,1.93,Low,5,20,3,Yes,73,3,31,41,9.8,16,2,Kinesthetic,1,10,2,Medium,1
S3025,21,Male,Medium,None,Nuclear,Yes,1.6,High,0,86,4,Yes,70,0,70,41,13.9,8,9,Auditory,1,0,3,Medium,0
S3026,24,Male,Medium,Graduate,Joint,No,2.02,Medium,2,82,6,Yes,84,0,68,94,7.1,15,7,Mixed,2,10,5,Low,0
S3027,25,Male,High,Secondary,Nuclear,Yes,3.01,Low,5,51,7,No,82,4,97,64,17.8,21,10,Auditory,1,2,1,High,0
S3028,18,Male,Low,Graduate,Joint,Yes,2.16,Low,4,116,4,No,82,0,95,50,5.3,10,3,Kinesthetic,4,4,2,High,0
S3029,20,Female,High,None,Guardian,No,3.04,Low,1,98,5,Yes,47,2,96,82,17.3,13,4,Kinesthetic,1,8,5,Low,0
S3030,19,Male,Medium,Primary,Nuclear,No,2.85,Low,1,116,4,No,71,9,45,43,17.8,1,3,Mixed,2,4,1,Medium,0
S3031,25,Female,High,None,Nuclear,No,3.17,Low,1,61,7,Yes,63,4,75,80,1.9,5,5,Visual,5,9,2,Medium,0
S3032,25,Female,Medium,Primary,Single Parent,Yes,3.05,Medium,5,81,5,No,52,4,49,60,7.9,20,1,Visual,5,4,5,Low,1
S3033,23,Male,Medium,Secondary,Single Parent,No,1.77,Medium,0,29,7,Yes,70,4,36,23,9.6,27,10,Visual,5,9,4,Medium,0
S3034,22,Male,Medium,Graduate,Nuclear,No,3.18,Medium,3,95,5,Yes,96,0,97,56,7.0,7,6,Mixed,4,0,5,Medium,0
S3035,23,Female,Low,Graduate,Single Parent,No,3.57,High,3,56,4,No,80,7,64,25,1.9,2,2,Mixed,5,0,4,Medium,0
S3036,24,Female,Medium,Primary,Single Parent,No,2.88,Medium,1,68,3,Yes,68,7,83,100,15.9,8,4,Kinesthetic,3,4,3,Medium,0
S3037,24,Other,Medium,Secondary,Single Parent,No,2.06,High,2,72,4,No,67,4,35,78,15.8,26,8,Mixed,4,5,4,Low,0
S3038,21,Male,Medium,Primary,Joint,Yes,3.3,Medium,0,67,5,Yes,54,3,48,72,4.6,22,5,Auditory,5,0,0,High,1
S3039,21,Male,Medium,Postgraduate,Joint,No,2.38,Low,1,99,4,No,67,8,88,95,3.3,17,10,Visual,2,4,2,Medium,0
S3040,17,Female,High,Primary,Nuclear,No,3.1,High,2,36,7,No,92,5,32,70,1.9,12,6,Mixed,4,2,2,Low,0
S3041,22,Female,High,Secondary,Guardian,Yes,2.28,Low,4,29,4,No,63,9,81,94,9.8,17,2,Auditory,2,4,2,Medium,0
S3042,25,Male,Low,Secondary,Nuclear,No,1.92,Medium,1,68,5,No,49,0,81,45,10.5,16,5,Auditory,3,3,1,High,1
S3043,24,Female,Low,Graduate,Guardian,Yes,3.51,Low,0,93,6,Yes,65,1,100,43,8.7,11,9,Auditory,5,10,5,Medium,0
S3044,25,Female,Low,Graduate,Joint,No,1.83,Low,0,59,5,No,61,1,60,87,16.3,29,7,Visual,4,4,0,High,1
S3045,21,Male,Medium,Graduate,Single Parent,No,2.85,High,2,105,6,No,79,10,95,37,9.2,11,6,Mixed,2,7,3,Medium,0
S3046,24,Male,High,Postgraduate,Nuclear,Yes,1.93,Low,4,56,3,No,98,1,70,66,12.5,9,4,Auditory,2,7,0,Medium,0
S3047,21,Female,Low,Secondary,Joint,No,3.25,Medium,4,86,6,No,62,6,84,31,1.1,3,9,Visual,3,10,3,Medium,0
S3048,23,Female,High,Secondary,Joint,No,2.7,Medium,1,99,4,No,81,6,96,47,1.1,29,8,Visual,4,3,1,Low,0
S3049,24,Female,Low,Postgraduate,Nuclear,Yes,3.69,High,2,62,5,No,66,5,77,97,19.5,13,7,Kinesthetic,1,6,3,High,0
S3050,17,Female,High,Graduate,Nuclear,No,2.04,Medium,2,113,3,No,97,5,79,63,15.6,17,10,Auditory,3,10,2,High,0
S3051,23,Female,Medium,Secondary,Nuclear,No,2.98,High,0,105,7,No,46,6,31,70,7.7,25,3,Mixed,1,6,4,Medium,1
S3052,19,Male,Medium,Secondary,Nuclear,Yes,3.24,High,4,92,7,No,55,6,73,27,14.0,19,1,Visual,1,6,2,Medium,1
S3053,24,Male,Medium,Postgraduate,Single Parent,No,2.89,Low,4,98,3,Yes,91,4,67,84,15.7,19,2,Visual,1,5,2,Medium,0
S3054,21,Male,Medium,Primary,Single Parent,No,1.79,Medium,3,113,4,Yes,80,8,75,94,8.5,9,5,Kinesthetic,1,8,1,Low,0
S3055,25,Female,Low,Graduate,Single Parent,No,2.29,Low,2,20,6,No,81,5,83,35,12.1,14,6,Auditory,5,1,0,Medium,0
S3056,17,Male,Medium,Graduate,Joint,No,3.19,Medium,0,62,3,Yes,84,6,68,41,9.1,23,8,Visual,2,7,0,High,0
S3057,24,Male,Low,Primary,Nuclear,No,3.86,Medium,2,62,4,Yes,41,1,40,74,6.9,17,5,Visual,3,5,5,Low,0
S3058,17,Male,Medium,Primary,Nuclear,No,1.68,Medium,4,104,5,No,93,10,75,89,9.8,10,7,Visual,4,3,4,High,1
S3059,23,Female,Medium,Postgraduate,Nuclear,No,2.04,Medium,3,111,7,Yes,97,10,50,40,3.0,27,2,Visual,1,2,4,Medium,0
S3060,25,Male,Medium,Graduate,Nuclear,No,1.93,Low,3,98,4,Yes,63,4,34,26,19.7,26,3,Auditory,3,1,2,High,1
S3061,18,Female,Low,Secondary,Nuclear,Yes,2.46,Medium,2,49,3,Yes,93,8,57,87,4.6,27,3,Mixed,4,9,1,Medium,0
S3062,22,Female,Medium,Primary,Joint,No,3.88,Medium,2,67,7,Yes,83,4,38,23,17.4,25,2,Visual,2,10,5,Medium,0
S3063,22,Female,Medium,None,Nuclear,No,1.98,High,5,34,7,No,47,4,61,32,17.1,29,6,Mixed,5,2,4,High,1
S3064,22,Male,Low,Graduate,Joint,No,3.22,Low,4,45,6,No,54,3,100,67,6.4,20,7,Visual,4,2,0,Medium,0
S3065,18,Male,Medium,Secondary,Nuclear,No,3.42,Medium,1,40,7,No,75,5,47,91,16.8,15,4,Mixed,5,1,0,Low,0
S3066,23,Male,Low,None,Nuclear,No,3.7,High,1,77,3,No,90,9,70,47,8.5,4,9,Mixed,2,8,3,Medium,0
S3067,20,Male,Medium,Secondary,Guardian,No,3.44,High,5,47,6,No,61,9,43,61,6.6,17,8,Kinesthetic,1,4,4,Medium,0
S3068,21,Female,Low,Graduate,Joint,No,2.76,High,1,101,4,No,59,5,79,24,2.9,22,2,Auditory,4,3,1,Medium,1
S3069,18,Other,Medium,Postgraduate,Nuclear,No,2.48,High,5,44,3,No,66,1,98,24,9.5,29,4,Kinesthetic,1,6,3,Medium,0
S3070,21,Female,Low,Postgraduate,Single Parent,No,3.64,Low,4,99,6,No,78,2,97,76,4.2,24,2,Visual,5,1,4,Medium,0
S3071,23,Male,High,Secondary,Guardian,Yes,2.34,Low,2,21,7,Yes,63,6,100,93,1.9,6,8,Visual,3,10,1,Low,0
S3072,21,Other,Low,Secondary,Nuclear,Yes,3.97,Low,1,59,6,No,40,10,43,48,16.4,23,5,Kinesthetic,1,1,4,Medium,0
S3073,25,Male,Low,Graduate,Joint,No,2.91,Medium,1,92,7,No,98,3,93,97,5.6,17,6,Auditory,2,4,1,Low,0
S3074,18,Female,Medium,Postgraduate,Nuclear,No,1.84,High,0,89,5,Yes,80,4,100,61,19.5,15,5,Kinesthetic,4,9,1,Medium,0
S3075,22,Male,Low,Primary,Joint,No,2.56,High,5,88,7,Yes,59,3,30,90,4.4,19,7,Visual,2,7,4,Low,0
S3076,25,Female,Low,None,Nuclear,No,2.05,High,2,50,4,No,48,1,86,44,8.1,14,4,Auditory,5,6,1,High,1
S3077,25,Female,Medium,Graduate,Nuclear,No,3.33,Low,0,83,4,No,79,9,50,39,2.4,14,4,Auditory,2,10,1,Low,0
S3078,25,Male,High,Primary,Nuclear,No,2.29,Low,1,110,6,No,62,10,92,52,11.4,29,9,Visual,4,1,3,Medium,0
S3079,23,Female,Medium,Primary,Joint,No,3.12,Medium,2,109,7,Yes,74,2,72,39,2.6,8,8,Mixed,3,0,4,Medium,0
S3080,23,Male,Medium,Secondary,Nuclear,No,2.29,Low,1,87,3,Yes,73,5,60,35,2.6,29,10,Mixed,2,8,5,Low,0
S3081,23,Male,Medium,Primary,Nuclear,No,3.95,High,4,111,5,No,48,2,74,81,3.0,2,4,Visual,3,10,0,High,1
S3082,23,Female,Low,Secondary,Nuclear,No,2.79,Medium,0,57,7,No,41,3,62,80,17.3,26,9,Mixed,5,1,2,High,1
S3083,25,Male,Low,Primary,Nuclear,No,1.94,Medium,3,25,6,No,68,7,83,61,2.8,6,6,Kinesthetic,5,1,4,High,1
S3084,22,Female,Medium,Primary,Joint,No,3.92,Low,2,38,3,Yes,77,8,91,87,2.3,13,7,Mixed,5,2,0,High,0
S3085,22,Male,High,Postgraduate,Nuclear,No,1.63,Medium,3,80,5,No,65,5,80,60,7.9,8,2,Visual,1,8,0,Medium,1
S3086,19,Male,Low,Graduate,Nuclear,Yes,2.53,High,2,87,5,No,86,9,94,73,2.5,8,10,Mixed,1,1,1,High,0
S3087,25,Male,Low,Primary,Nuclear,No,1.53,Medium,5,35,4,No,89,0,86,98,17.9,19,8,Mixed,4,0,4,Medium,0
S3088,22,Male,High,Primary,Nuclear,No,2.4,Medium,0,27,7,Yes,55,6,58,80,3.6,17,7,Visual,3,7,5,Low,0
S3089,17,Female,High,Graduate,Nuclear,No,2.43,Medium,4,87,5,Yes,68,5,60,73,17.2,18,3,Mixed,4,6,1,Medium,0
S3090,17,Male,High,Secondary,Nuclear,No,3.45,Medium,2,48,7,No,87,7,31,90,19.5,1,3,Visual,1,5,0,Medium,0
S3091,19,Male,Medium,Graduate,Joint,No,3.93,Low,0,85,4,No,53,9,58,50,5.8,7,7,Auditory,2,10,1,Low,0
S3092,24,Other,Low,Secondary,Nuclear,No,2.08,Low,2,69,6,No,96,5,83,59,6.3,17,6,Visual,5,2,2,Medium,0
S3093,22,Male,Low,Graduate,Guardian,No,1.51,Low,4,119,5,No,90,6,87,35,7.2,9,4,Kinesthetic,3,1,3,High,1
S3094,20,Male,Low,Postgraduate,Joint,No,1.63,Medium,2,62,7,No,48,0,33,96,3.8,2,3,Visual,5,10,0,Medium,1
S3095,22,Male,High,None,Joint,No,3.41,High,1,53,4,No,70,5,88,54,2.1,8,7,Kinesthetic,1,4,4,High,0
S3096,20,Male,Low,Postgraduate,Joint,No,1.62,Low,5,31,6,No,84,8,43,36,14.9,26,8,Visual,1,7,2,Medium,0
S3097,20,Male,High,Secondary,Nuclear,No,3.23,Low,2,67,3,No,65,6,88,81,4.0,19,4,Auditory,1,10,5,Low,0
S3098,25,Male,Medium,Secondary,Joint,No,1.64,High,2,61,4,Yes,53,10,50,75,18.4,20,5,Mixed,4,6,3,Low,1
S3099,22,Male,Low,Secondary,Nuclear,No,3.99,Medium,3,102,7,No,76,2,41,80,10.0,1,10,Mixed,1,4,3,Medium,0
S3100,24,Female,Medium,None,Joint,No,1.88,Low,0,33,3,No,92,5,89,74,3.3,4,5,Visual,5,2,3,Medium,0
S3101,25,Male,Medium,Secondary,Nuclear,No,1.9,High,3,99,4,No,81,0,35,49,2.1,10,9,Visual,5,2,1,Low,0
S3102,23,Female,Medium,Secondary,Nuclear,No,3.48,Medium,5,52,7,No,94,10,70,100,4.0,6,1,Visual,4,2,2,Medium,0
S3103,25,Female,High,Postgraduate,Nuclear,No,2.38,Medium,3,99,6,Yes,47,10,67,90,17.8,12,8,Kinesthetic,3,7,5,Medium,0
S3104,19,Male,Low,Secondary,Nuclear,Yes,1.81,Low,3,103,3,Yes,93,3,98,45,19.0,10,2,Mixed,4,7,2,High,1
S3105,24,Female,Medium,Postgraduate,Joint,Yes,2.91,Low,1,53,3,No,95,0,65,59,17.3,6,6,Visual,4,3,3,Medium,0
S3106,25,Other,Medium,None,Single Parent,No,2.33,Medium,2,89,3,Yes,49,5,72,60,19.3,27,7,Auditory,4,7,4,Medium,0
S3107,18,Female,Medium,None,Nuclear,No,1.51,Medium,1,116,5,No,80,8,100,53,6.9,15,9,Visual,1,4,2,Low,0
S3108,22,Male,Low,Secondary,Joint,Yes,2.01,Medium,2,103,5,Yes,76,1,41,66,11.5,26,4,Kinesthetic,1,4,0,Medium,0
S3109,24,Female,Medium,Primary,Nuclear,Yes,2.82,Low,5,74,6,No,63,5,87,83,6.7,4,10,Mixed,2,9,3,Medium,0
S3110,23,Female,Medium,Primary,Joint,No,3.45,Medium,0,79,3,Yes,90,5,98,42,5.2,13,4,Kinesthetic,4,0,4,High,0
S3111,20,Male,Medium,Graduate,Guardian,No,2.29,Medium,4,74,4,Yes,60,6,65,41,1.1,20,1,Visual,5,9,2,Medium,0
S3112,21,Female,Medium,Secondary,Single Parent,No,1.83,Medium,5,104,6,Yes,64,7,41,47,11.2,23,9,Visual,4,4,2,Low,0
S3113,25,Male,Medium,Postgraduate,Nuclear,No,2.83,Medium,2,111,6,No,45,3,49,53,5.5,7,7,Kinesthetic,5,3,0,Low,0
S3114,25,Male,Low,Graduate,Joint,Yes,3.2,Medium,2,26,5,No,54,2,83,63,11.5,14,8,Visual,1,7,5,Medium,0
S3115,17,Other,Medium,Secondary,Nuclear,Yes,2.68,Low,3,94,7,No,44,0,100,84,6.3,6,8,Mixed,2,10,2,Low,0
S3116,22,Female,Low,Postgraduate,Joint,No,3.2,Low,1,64,5,Yes,88,6,60,24,11.0,26,4,Mixed,5,6,1,High,0
S3117,24,Male,Medium,Primary,Nuclear,No,1.61,Medium,0,60,7,Yes,71,1,69,58,17.8,23,7,Auditory,1,9,5,Medium,0
S3118,20,Female,High,Secondary,Nuclear,No,2.74,Low,4,74,7,No,47,1,47,61,8.0,23,9,Visual,5,5,3,Medium,0
S3119,24,Male,Medium,Graduate,Nuclear,Yes,2.13,Medium,0,50,5,No,84,5,84,20,10.4,11,1,Kinesthetic,3,6,2,Medium,0
S3120,23,Male,High,Secondary,Joint,Yes,1.73,Medium,2,84,5,Yes,45,5,46,71,12.3,7,8,Kinesthetic,1,5,1,High,1
S3121,25,Male,Medium,Primary,Nuclear,Yes,2.97,Low,1,54,3,No,57,6,77,41,16.1,29,6,Mixed,5,6,4,Low,0
S3122,21,Female,Medium,Secondary,Single Parent,No,2.11,High,0,115,3,No,48,6,71,55,4.8,8,4,Kinesthetic,5,2,1,Low,0
S3123,20,Female,High,Secondary,Single Parent,No,2.8,Low,2,114,5,No,58,8,55,37,5.6,16,4,Mixed,4,6,1,Medium,0
S3124,19,Female,Low,Postgraduate,Guardian,No,2.04,Low,1,118,4,No,71,7,68,55,7.8,22,7,Kinesthetic,2,4,3,Low,0
S3125,19,Female,Medium,Primary,Nuclear,Yes,3.06,Low,4,47,4,No,43,5,84,42,13.7,9,1,Auditory,2,10,4,High,1
S3126,23,Male,Low,Postgraduate,Nuclear,No,1.89,Low,5,78,6,Yes,66,9,93,32,19.2,18,4,Kinesthetic,1,5,0,High,1
S3127,20,Female,Medium,None,Single Parent,Yes,2.22,High,0,118,4,No,60,10,71,90,17.5,7,3,Mixed,1,1,1,Low,0
S3128,21,Female,Low,Primary,Nuclear,Yes,1.54,High,0,40,7,Yes,86,6,40,23,18.4,6,10,Auditory,2,1,4,Medium,0
S3129,24,Female,Low,Secondary,Nuclear,No,3.66,Medium,2,97,4,No,71,1,80,64,10.6,18,1,Visual,3,1,5,Medium,0
S3130,20,Female,Medium,Primary,Nuclear,No,3.24,Medium,0,84,7,No,42,9,61,26,5.9,27,5,Auditory,1,9,5,Low,0
S3131,24,Male,Low,Graduate,Nuclear,Yes,3.53,High,0,92,7,No,98,6,91,94,10.4,1,4,Mixed,2,10,4,Low,0
S3132,24,Female,Low,Primary,Nuclear,No,1.78,Medium,3,23,6,No,62,10,56,65,11.5,20,3,Auditory,4,1,1,Medium,1
S3133,23,Male,High,None,Single Parent,No,1.94,Medium,1,37,4,No,71,4,93,44,3.0,4,10,Mixed,3,5,0,Low,0
S3134,18,Male,High,Primary,Single Parent,No,3.95,Medium,4,26,7,No,72,9,53,71,18.6,11,2,Kinesthetic,2,4,5,Medium,0
S3135,22,Male,High,Graduate,Nuclear,No,2.68,Medium,2,111,7,Yes,44,7,50,98,2.0,23,2,Mixed,1,7,1,Low,1
S3136,24,Male,Medium,Graduate,Joint,No,1.9,Medium,0,119,7,No,58,9,87,77,2.8,27,1,Auditory,2,9,1,Low,1
S3137,17,Male,Low,Graduate,Nuclear,No,1.67,Medium,4,64,6,Yes,41,3,84,55,7.0,8,4,Kinesthetic,3,8,5,High,1
S3138,18,Male,Low,Secondary,Nuclear,Yes,1.74,Medium,0,55,4,No,78,3,54,94,18.7,29,3,Visual,1,2,3,Low,1
S3139,21,Female,Medium,Postgraduate,Nuclear,No,3.01,Low,3,119,3,No,57,10,30,87,7.5,29,5,Mixed,4,1,2,Low,0
S3140,18,Male,Low,Graduate,Joint,No,1.71,Low,3,91,6,Yes,76,10,34,85,3.3,27,5,Kinesthetic,3,4,5,Low,0
S3141,22,Male,Medium,Secondary,Nuclear,Yes,3.22,Low,5,99,3,No,77,7,53,33,10.7,1,5,Visual,1,4,1,Medium,0
S3142,20,Male,Low,None,Nuclear,No,2.17,Low,3,38,6,No,78,10,71,38,17.4,20,9,Visual,1,4,2,Medium,0
S3143,21,Female,Medium,Postgraduate,Nuclear,No,1.85,Low,0,58,5,No,71,0,53,44,17.5,10,9,Visual,4,8,1,Low,0
S3144,22,Male,Low,Primary,Nuclear,No,2.45,Low,0,50,5,No,82,4,51,82,2.7,15,8,Mixed,5,7,3,High,0
S3145,18,Male,Low,Graduate,Single Parent,Yes,2.0,Low,2,68,7,No,88,10,75,99,6.4,29,6,Visual,1,1,1,High,0
S3146,22,Female,Medium,Primary,Nuclear,No,3.78,Medium,3,93,7,No,99,8,79,35,5.5,14,2,Visual,3,10,3,High,0
S3147,23,Male,Medium,None,Nuclear,No,2.5,Medium,2,36,7,Yes,43,4,43,44,2.8,18,2,Auditory,4,3,1,Medium,1
S3148,24,Male,Low,Primary,Nuclear,Yes,3.89,Medium,5,100,7,Yes,89,1,68,88,2.1,1,8,Mixed,1,1,5,Medium,0
S3149,24,Female,Medium,None,Single Parent,No,2.34,Medium,0,76,6,Yes,69,2,55,69,17.3,8,6,Auditory,2,2,2,Medium,0
S3150,20,Male,High,Primary,Guardian,Yes,2.35,High,2,86,7,No,65,4,81,98,13.0,16,7,Visual,3,4,0,Low,0
S3151,18,Male,Low,Primary,Single Parent,No,2.51,Low,1,32,5,No,43,7,78,73,8.0,22,5,Visual,5,1,3,High,1
S3152,18,Female,Low,Graduate,Nuclear,Yes,2.54,Low,0,60,6,No,90,4,69,24,17.4,27,9,Visual,3,5,1,Medium,0
S3153,25,Female,Low,Primary,Nuclear,No,3.21,Medium,1,24,6,Yes,98,0,97,78,13.1,5,4,Visual,5,0,3,Medium,0
S3154,25,Female,Low,Primary,Joint,No,3.65,Low,5,85,3,No,80,4,88,46,17.5,21,1,Mixed,1,3,3,High,0
S3155,17,Male,Low,Primary,Joint,No,1.89,High,4,35,5,No,99,9,59,35,9.1,24,3,Visual,5,3,4,Medium,1
S3156,17,Female,Low,Graduate,Nuclear,No,2.71,Low,4,35,3,No,76,2,48,56,6.7,24,7,Visual,5,9,5,High,0
S3157,23,Other,Medium,Graduate,Single Parent,No,2.31,Low,5,69,7,Yes,94,6,84,36,11.1,5,5,Auditory,5,7,3,Medium,0
S3158,23,Female,Medium,Postgraduate,Joint,No,1.83,Medium,1,94,4,No,99,5,85,59,15.4,6,10,Auditory,2,4,5,Medium,0
S3159,20,Male,Medium,Postgraduate,Nuclear,No,2.9,Medium,4,93,3,Yes,60,7,92,30,18.6,24,8,Visual,3,6,2,Low,0
S3160,25,Female,Medium,Graduate,Nuclear,No,1.53,Medium,0,75,7,Yes,51,9,59,32,14.8,14,3,Visual,4,1,1,Medium,1
S3161,21,Male,Low,None,Joint,Yes,2.45,Medium,4,112,7,Yes,85,7,68,67,9.5,25,5,Auditory,4,3,0,Medium,0
S3162,18,Male,Low,Secondary,Nuclear,No,2.09,Medium,1,33,5,No,65,7,57,58,7.9,8,4,Kinesthetic,1,3,2,High,0
S3163,17,Male,Low,Graduate,Joint,Yes,3.21,Low,4,56,7,No,45,7,95,51,11.4,27,4,Kinesthetic,4,0,5,Medium,0
S3164,19,Female,Medium,Graduate,Single Parent,No,2.55,Medium,5,28,5,No,88,0,95,30,17.1,26,5,Kinesthetic,5,0,0,Low,0
S3165,21,Female,Low,Primary,Nuclear,No,1.61,Medium,2,41,6,No,75,3,92,54,14.2,21,3,Mixed,3,2,4,High,1
S3166,18,Male,Medium,Secondary,Joint,Yes,1.77,Medium,2,83,6,No,96,6,37,27,3.5,15,3,Kinesthetic,3,10,3,Low,1
S3167,23,Male,Low,Postgraduate,Single Parent,No,2.07,Low,1,98,6,No,58,9,70,80,16.5,7,9,Visual,4,3,5,High,1
S3168,23,Male,Low,Postgraduate,Joint,No,2.1,Medium,1,96,6,No,51,6,91,87,19.4,8,10,Mixed,1,9,5,Low,0
S3169,23,Female,Medium,Secondary,Nuclear,No,1.76,Medium,0,96,3,No,49,1,67,23,10.5,23,7,Mixed,4,8,1,Medium,1
S3170,23,Male,Low,Secondary,Single Parent,No,2.42,Low,0,44,6,No,50,2,47,94,11.9,26,3,Visual,1,5,2,Medium,1
S3171,17,Male,Medium,Primary,Joint,No,3.01,Medium,5,87,4,Yes,45,8,97,97,3.0,17,9,Kinesthetic,5,6,2,Medium,0
S3172,20,Male,Low,Graduate,Joint,Yes,2.16,Medium,3,79,3,Yes,79,5,62,100,3.0,16,8,Kinesthetic,3,2,2,Low,0
S3173,18,Female,Medium,Secondary,Nuclear,No,1.56,Medium,1,114,4,No,64,0,92,55,15.1,17,6,Kinesthetic,3,7,0,Medium,0
S3174,20,Male,Medium,Primary,Joint,No,2.62,Medium,0,101,5,Yes,79,2,75,40,17.4,7,9,Auditory,4,7,5,Low,0
S3175,19,Male,Medium,Graduate,Joint,Yes,3.83,Medium,5,70,3,No,41,9,97,36,6.5,15,4,Auditory,1,7,2,High,1
S3176,18,Female,Medium,Graduate,Nuclear,Yes,2.49,High,2,65,7,No,79,10,78,72,13.6,21,3,Mixed,5,9,1,Low,0
S3177,21,Female,Low,Secondary,Single Parent,No,1.79,Medium,0,35,5,No,50,8,73,96,2.1,20,7,Auditory,2,6,2,High,1
S3178,20,Male,Medium,Graduate,Single Parent,No,3.29,High,2,77,3,Yes,83,0,75,45,16.7,18,2,Visual,2,5,4,Medium,0
S3179,19,Male,Medium,Primary,Single Parent,No,1.81,Medium,5,57,6,No,53,3,67,24,6.0,5,3,Mixed,1,1,5,Low,1
S3180,20,Female,Medium,Primary,Joint,No,1.89,Medium,0,97,7,No,96,4,55,71,18.4,4,3,Kinesthetic,3,9,2,High,1
S3181,21,Female,Medium,Graduate,Nuclear,Yes,2.2,Medium,2,114,6,Yes,91,1,76,83,9.6,7,10,Mixed,3,0,4,Medium,0
S3182,22,Female,Low,Graduate,Nuclear,No,3.51,Medium,2,24,3,No,73,9,49,68,7.8,16,7,Visual,1,0,1,High,0
S3183,24,Male,Low,Graduate,Nuclear,No,2.94,Low,5,72,3,Yes,70,3,76,91,15.0,6,3,Visual,2,5,5,Medium,0
S3184,23,Male,Medium,None,Joint,Yes,2.66,Medium,5,103,4,No,58,4,37,37,6.8,11,7,Visual,3,3,5,Medium,0
S3185,17,Male,Medium,Graduate,Nuclear,No,2.82,Medium,1,69,7,No,71,6,87,41,1.0,6,3,Mixed,2,8,0,Medium,0
S3186,23,Female,High,Primary,Single Parent,No,2.06,Medium,4,115,5,No,93,5,94,74,7.1,27,4,Auditory,4,10,3,High,0
S3187,23,Male,Medium,Graduate,Joint,No,1.68,Medium,4,80,7,No,70,7,51,45,7.6,25,3,Auditory,1,1,3,Medium,1
S3188,23,Female,Low,Primary,Single Parent,No,3.21,Medium,1,87,3,No,76,8,83,84,14.5,21,1,Mixed,4,10,1,Medium,0
S3189,18,Male,High,Graduate,Joint,Yes,2.95,High,3,25,5,No,42,4,97,57,4.6,17,1,Kinesthetic,1,4,1,High,1
S3190,20,Male,Low,Graduate,Nuclear,No,1.95,High,1,34,6,No,86,1,59,60,14.0,10,10,Kinesthetic,3,3,0,High,1
S3191,23,Male,Low,Primary,Single Parent,No,2.12,Medium,3,48,3,No,56,3,91,47,19.9,19,6,Kinesthetic,5,6,1,Medium,0
S3192,18,Female,Low,Graduate,Nuclear,No,2.31,Medium,5,27,5,No,62,1,82,74,3.9,28,3,Mixed,4,4,0,High,0
S3193,25,Male,Low,Secondary,Nuclear,Yes,2.33,Medium,0,90,3,No,80,1,54,97,18.2,14,10,Auditory,5,5,2,Low,0
S3194,24,Female,Medium,Secondary,Nuclear,Yes,2.46,Medium,0,42,3,Yes,49,0,52,32,2.5,27,1,Visual,1,6,2,Medium,1
S3195,21,Female,High,Secondary,Nuclear,Yes,1.74,Medium,1,45,6,No,56,9,32,21,7.6,2,1,Visual,3,7,4,Low,1
S3196,17,Female,Low,Graduate,Nuclear,No,2.03,Low,0,36,3,No,40,2,34,50,2.8,22,6,Auditory,1,1,4,Medium,0
S3197,21,Female,Low,Primary,Single Parent,Yes,3.48,High,4,107,3,No,84,7,73,38,9.9,15,10,Visual,1,4,0,Medium,0
S3198,17,Other,Low,Postgraduate,Nuclear,No,3.31,Medium,0,63,3,Yes,54,3,92,58,4.4,17,4,Auditory,1,1,4,Medium,0
S3199,21,Male,Medium,Graduate,Nuclear,No,3.52,Medium,2,49,7,No,66,6,87,74,19.4,12,3,Auditory,1,7,3,Medium,0
S3200,21,Male,High,Graduate,Nuclear,No,2.8,Low,2,83,5,Yes,91,8,83,97,14.4,19,5,Mixed,4,0,1,Medium,0
S3201,20,Male,Low,Primary,Guardian,No,2.65,Medium,1,83,6,No,74,8,48,82,13.1,23,4,Mixed,4,2,4,Low,0
S3202,24,Male,Low,Graduate,Nuclear,No,2.05,Medium,4,53,3,Yes,87,1,34,21,18.7,14,5,Mixed,5,9,0,High,0
S3203,18,Male,High,Graduate,Single Parent,Yes,3.64,Medium,5,92,3,No,56,1,98,54,1.7,12,6,Mixed,3,4,1,High,1
S3204,18,Female,High,Postgraduate,Nuclear,Yes,3.87,Medium,4,91,4,No,51,7,79,53,4.1,4,7,Visual,2,3,4,Low,0
S3205,24,Female,High,Graduate,Nuclear,No,3.51,Medium,4,21,6,Yes,98,7,49,35,4.9,19,6,Visual,5,5,3,Medium,0
S3206,18,Female,Medium,Primary,Nuclear,Yes,2.11,Medium,4,51,5,Yes,94,5,81,22,7.3,10,10,Mixed,1,8,5,Low,0
S3207,17,Male,Medium,Graduate,Single Parent,No,3.11,Low,5,76,5,Yes,71,4,56,27,8.6,1,1,Kinesthetic,1,8,5,Low,0
S3208,22,Female,Low,None,Guardian,Yes,1.68,Low,4,87,6,No,77,6,84,60,4.3,29,9,Auditory,3,5,3,Medium,0
S3209,17,Male,Medium,Graduate,Single Parent,Yes,3.82,Medium,1,55,7,No,83,10,78,100,4.0,1,10,Auditory,2,9,3,Medium,0
S3210,21,Male,Medium,Postgraduate,Nuclear,No,1.55,Low,2,49,7,No,42,1,50,65,7.0,10,4,Visual,2,7,4,Medium,1
S3211,22,Male,Medium,Postgraduate,Nuclear,No,1.81,High,4,27,4,No,67,9,51,31,5.1,6,8,Kinesthetic,3,2,1,Low,0
S3212,24,Male,Low,Secondary,Nuclear,No,3.75,High,2,105,6,No,79,2,69,31,6.4,15,7,Visual,3,4,0,Low,0
S3213,24,Male,Low,Primary,Single Parent,No,3.5,Medium,5,58,7,No,59,4,93,67,14.4,14,6,Auditory,2,3,4,Medium,0
S3214,21,Female,Medium,Graduate,Joint,No,2.73,Low,5,113,4,Yes,81,9,45,81,15.7,22,5,Kinesthetic,4,1,4,Medium,0
S3215,21,Other,Low,Secondary,Joint,Yes,3.79,Low,0,33,7,No,88,8,77,26,10.1,7,3,Kinesthetic,3,5,5,High,0
S3216,19,Other,High,Primary,Nuclear,No,2.2,High,1,20,5,No,92,4,94,50,15.2,13,9,Visual,4,1,2,Low,0
S3217,25,Other,Low,Secondary,Nuclear,No,1.7,Medium,2,33,3,Yes,63,5,74,77,7.6,10,1,Mixed,4,8,1,Low,1
S3218,19,Female,Low,Secondary,Nuclear,No,3.87,Medium,1,83,6,No,98,9,76,85,5.7,19,10,Mixed,3,4,3,Low,0
S3219,19,Female,High,Primary,Joint,Yes,3.15,High,4,97,7,Yes,45,2,60,90,1.3,9,4,Mixed,4,7,1,Medium,0
S3220,18,Male,Medium,None,Nuclear,No,1.52,Low,5,96,7,Yes,85,9,71,37,20.0,17,9,Visual,3,5,2,Low,0
S3221,17,Male,Medium,Primary,Joint,Yes,3.63,Low,0,113,4,No,79,10,77,31,10.7,26,8,Visual,5,0,0,High,0
S3222,19,Female,Low,Postgraduate,Nuclear,No,3.66,Low,4,69,4,No,71,4,87,75,12.4,25,2,Kinesthetic,2,6,5,Medium,0
S3223,19,Male,Medium,Primary,Joint,No,1.58,Low,2,33,3,No,43,3,95,40,10.0,19,1,Auditory,3,7,2,Low,1
S3224,20,Female,Medium,Postgraduate,Single Parent,No,2.1,Medium,0,30,6,No,61,7,55,71,15.2,22,8,Kinesthetic,2,4,4,Medium,0
S3225,21,Female,High,Postgraduate,Joint,No,3.95,Low,4,101,3,Yes,52,10,98,40,3.8,18,4,Kinesthetic,4,6,5,Medium,0
S3226,24,Female,Low,Secondary,Nuclear,No,3.51,Low,2,57,6,No,66,6,67,68,4.1,6,3,Mixed,4,1,1,Low,0
S3227,21,Female,Medium,Secondary,Joint,Yes,3.18,Medium,4,86,5,No,92,10,91,93,4.2,20,2,Visual,2,2,4,Medium,0
S3228,18,Male,Low,None,Single Parent,Yes,3.76,Low,5,88,6,No,51,1,34,47,6.3,10,6,Auditory,4,4,5,High,1
S3229,23,Male,Medium,Primary,Guardian,No,3.88,Low,2,71,6,No,45,3,63,92,6.6,29,3,Auditory,1,8,5,High,1
S3230,17,Male,Low,Graduate,Joint,Yes,1.92,Medium,1,98,4,Yes,66,9,78,50,13.9,2,1,Kinesthetic,4,1,5,Low,1
S3231,24,Female,High,Secondary,Joint,No,2.8,Low,2,90,5,No,49,10,95,65,7.9,17,7,Kinesthetic,5,4,1,Low,0
S3232,17,Male,Medium,Primary,Joint,No,2.42,Medium,1,50,6,Yes,75,1,83,38,13.8,11,7,Kinesthetic,5,9,4,Medium,0
S3233,22,Female,High,None,Nuclear,Yes,2.41,High,5,102,6,Yes,55,6,84,52,2.1,7,7,Auditory,3,8,5,Medium,0
S3234,21,Male,High,None,Nuclear,No,3.0,Low,0,63,3,Yes,53,8,97,71,16.3,25,5,Kinesthetic,1,1,2,Medium,0
S3235,25,Female,Medium,Secondary,Single Parent,No,2.64,Medium,5,102,6,Yes,85,8,95,64,7.7,13,8,Visual,5,9,1,Medium,0
S3236,25,Other,Low,None,Joint,No,2.35,High,2,92,5,No,66,9,66,59,1.7,3,2,Visual,1,1,5,Medium,0
S3237,25,Male,Medium,Graduate,Single Parent,Yes,1.53,Medium,5,30,3,No,91,9,98,80,4.3,18,10,Visual,1,6,4,Medium,0
S3238,17,Male,Medium,Secondary,Joint,No,1.99,Medium,0,44,3,No,93,2,65,77,3.2,9,7,Kinesthetic,4,6,4,Medium,0
S3239,21,Male,Low,Graduate,Single Parent,No,3.01,Medium,2,46,4,No,48,1,85,94,10.2,27,6,Visual,2,0,4,Medium,0
S3240,21,Female,High,Postgraduate,Nuclear,Yes,2.12,High,3,86,6,No,67,5,33,22,13.8,26,1,Kinesthetic,1,10,2,Medium,0
S3241,24,Male,Medium,Secondary,Nuclear,No,3.35,High,4,53,5,No,90,2,91,53,1.1,1,7,Visual,2,3,2,Medium,0
S3242,17,Male,High,Graduate,Nuclear,No,1.77,Medium,0,20,7,No,85,0,85,92,17.4,23,10,Auditory,1,4,0,Medium,0
S3243,19,Male,Low,Postgraduate,Nuclear,Yes,3.4,High,1,92,6,No,41,10,56,92,1.4,1,10,Mixed,5,10,3,Medium,0
S3244,19,Female,High,Postgraduate,Nuclear,No,3.18,Medium,0,26,6,No,93,2,59,20,18.2,24,2,Kinesthetic,5,2,5,Low,0
S3245,22,Male,Low,Graduate,Single Parent,No,2.55,Medium,5,115,6,Yes,62,4,97,27,17.5,10,7,Visual,3,0,4,High,0
S3246,23,Male,Medium,Secondary,Single Parent,No,2.63,Medium,5,60,5,No,50,1,74,90,2.7,23,7,Kinesthetic,3,6,1,Low,0
S3247,19,Male,Medium,None,Nuclear,No,3.31,Low,3,103,7,No,93,2,54,40,17.8,19,2,Auditory,3,10,5,Medium,0
S3248,25,Male,Low,Graduate,Joint,No,2.92,Low,4,48,5,No,55,3,75,62,2.6,19,5,Visual,5,3,5,Medium,0
S3249,18,Female,Medium,Secondary,Nuclear,No,1.9,Low,1,36,3,No,67,0,90,82,14.3,29,2,Kinesthetic,5,3,4,Medium,1
S3250,24,Female,High,Secondary,Joint,Yes,2.28,High,0,56,3,Yes,40,2,78,20,7.3,1,3,Visual,5,10,4,High,1
S3251,21,Female,High,Secondary,Nuclear,Yes,2.88,Medium,0,47,5,No,65,6,84,52,16.0,15,8,Mixed,1,7,4,High,0
S3252,20,Female,Medium,None,Single Parent,No,2.3,Medium,4,32,7,No,54,6,80,70,6.0,1,6,Kinesthetic,2,6,5,High,1
S3253,25,Female,Low,Postgraduate,Nuclear,No,2.63,High,5,42,3,Yes,65,10,99,80,11.2,23,8,Kinesthetic,5,4,1,Medium,0
S3254,17,Male,Medium,Postgraduate,Nuclear,No,1.69,Medium,0,28,6,Yes,64,5,30,46,4.2,19,3,Mixed,1,4,3,Medium,1
S3255,17,Female,Medium,Primary,Nuclear,Yes,2.8,Low,0,63,7,No,65,9,90,41,14.6,29,10,Auditory,1,0,2,Medium,0
S3256,20,Female,Low,Graduate,Nuclear,No,3.44,Medium,4,24,3,No,50,6,74,85,10.0,16,10,Mixed,1,3,4,Medium,0
S3257,25,Male,Low,Secondary,Joint,Yes,2.33,Medium,1,73,4,Yes,93,6,43,48,10.7,16,6,Visual,2,3,2,Medium,0
S3258,25,Female,Low,Postgraduate,Nuclear,No,3.3,Low,2,59,4,Yes,44,10,68,94,11.8,15,7,Kinesthetic,4,7,5,Medium,0
S3259,25,Female,Medium,Postgraduate,Nuclear,No,2.49,Medium,3,82,7,No,85,0,50,40,14.6,21,8,Auditory,2,3,0,Medium,0
S3260,21,Female,Medium,None,Nuclear,Yes,2.36,Low,5,37,4,No,72,1,50,91,1.7,20,6,Kinesthetic,3,0,2,High,0
S3261,20,Female,Medium,Primary,Single Parent,No,2.08,Medium,2,82,3,Yes,51,3,94,24,9.7,21,10,Visual,1,4,5,Low,0
S3262,20,Male,Low,Primary,Nuclear,No,2.35,High,0,38,4,Yes,51,9,100,97,16.1,2,4,Kinesthetic,5,7,3,Medium,0
S3263,17,Male,Low,Primary,Guardian,No,2.22,High,0,97,7,No,59,10,36,65,17.1,20,2,Visual,2,2,3,Low,1
S3264,22,Female,High,Graduate,Nuclear,No,2.87,Medium,4,74,4,Yes,55,8,87,79,16.6,2,2,Kinesthetic,5,2,5,High,1
S3265,25,Female,Medium,Graduate,Nuclear,No,2.38,Low,0,90,7,Yes,53,3,36,43,4.4,15,4,Mixed,5,10,3,Low,0
S3266,25,Female,Medium,None,Joint,No,2.2,Medium,4,47,4,Yes,62,0,96,78,4.4,22,5,Auditory,3,4,0,Medium,0
S3267,23,Female,Low,Secondary,Nuclear,Yes,1.68,Medium,5,85,3,Yes,87,4,49,86,18.4,6,1,Kinesthetic,5,10,1,Medium,1
S3268,22,Female,Low,Graduate,Nuclear,No,2.26,Medium,0,51,4,No,85,2,54,71,3.9,3,9,Visual,1,0,3,Medium,0
S3269,17,Male,Low,Graduate,Guardian,No,1.76,Medium,5,81,7,No,52,7,96,71,10.2,23,5,Kinesthetic,2,5,1,Medium,1
S3270,19,Male,Medium,Primary,Nuclear,No,3.89,Low,3,38,6,Yes,63,5,38,24,4.8,27,9,Auditory,1,2,1,High,0
S3271,21,Female,Medium,Secondary,Nuclear,Yes,3.33,Medium,1,62,6,No,94,4,63,57,10.9,5,2,Kinesthetic,1,8,5,Medium,0
S3272,22,Male,High,Postgraduate,Joint,Yes,3.48,Medium,4,71,6,No,57,1,57,83,19.5,1,9,Auditory,4,10,5,Low,0
S3273,18,Male,Low,Postgraduate,Nuclear,Yes,2.62,Low,5,44,5,No,47,1,33,87,17.3,5,6,Auditory,3,9,1,Low,0
S3274,24,Male,Low,Secondary,Nuclear,No,2.24,Medium,3,111,5,No,77,3,69,63,13.6,2,7,Mixed,2,5,4,High,0
S3275,21,Female,High,Secondary,Joint,Yes,2.44,Medium,1,31,4,Yes,74,8,67,73,3.3,7,7,Visual,2,5,3,Low,0
S3276,20,Female,Medium,Graduate,Single Parent,No,3.37,High,1,80,3,Yes,78,5,35,43,13.3,21,8,Auditory,3,8,4,Low,0
S3277,20,Male,Medium,Primary,Nuclear,No,2.5,Low,3,83,5,No,43,10,70,27,17.6,11,7,Mixed,2,1,4,Medium,0
S3278,22,Other,Medium,Primary,Nuclear,Yes,3.69,High,4,80,7,No,86,9,77,53,8.1,22,9,Kinesthetic,4,2,4,Low,0
S3279,17,Male,Medium,Primary,Single Parent,Yes,3.36,Low,2,70,5,No,58,1,72,25,11.2,9,5,Visual,2,1,5,High,1
S3280,17,Male,Low,Secondary,Joint,No,3.75,Low,0,104,7,No,66,5,59,88,19.4,22,3,Mixed,2,10,1,Medium,0
S3281,23,Male,Medium,Graduate,Nuclear,Yes,2.47,Medium,5,117,6,No,80,9,90,37,12.6,22,4,Mixed,1,6,1,Low,0
S3282,17,Male,Medium,Postgraduate,Nuclear,No,2.74,Medium,2,112,5,No,44,0,58,48,14.2,21,4,Visual,3,2,5,High,1
S3283,23,Male,Low,None,Joint,No,2.46,High,0,115,5,Yes,45,9,95,50,14.0,22,6,Visual,2,4,1,High,1
S3284,23,Male,Medium,Primary,Joint,No,2.79,Low,2,104,6,Yes,73,10,90,39,15.4,16,7,Auditory,4,4,2,Medium,0
S3285,17,Male,Medium,Postgraduate,Nuclear,No,2.14,Low,2,85,6,Yes,53,0,65,70,4.7,26,4,Visual,3,0,3,Medium,0
S3286,18,Male,High,Secondary,Nuclear,Yes,3.98,Medium,2,25,7,Yes,44,2,86,54,18.7,1,1,Visual,1,2,0,Medium,1
S3287,23,Male,Medium,Secondary,Nuclear,Yes,1.94,High,3,108,4,Yes,77,9,78,70,12.7,13,3,Kinesthetic,4,7,1,Medium,1
S3288,21,Male,Low,None,Nuclear,Yes,3.43,Medium,4,20,6,No,50,5,37,91,18.9,21,3,Visual,3,0,4,Medium,1
S3289,23,Male,Medium,Secondary,Nuclear,No,1.6,Low,4,32,6,Yes,42,2,73,87,17.0,25,1,Kinesthetic,4,4,0,Low,1
S3290,17,Male,Medium,Primary,Single Parent,No,1.64,High,2,100,4,No,68,4,51,99,17.4,11,1,Kinesthetic,4,10,5,Low,1
S3291,20,Male,Medium,Secondary,Joint,Yes,3.64,Low,0,69,3,No,86,2,90,57,9.5,13,1,Auditory,2,8,4,Medium,0
S3292,22,Female,Medium,None,Nuclear,No,2.56,High,3,112,6,Yes,74,9,60,52,18.7,18,4,Visual,1,7,0,High,0
S3293,23,Male,Medium,Postgraduate,Nuclear,No,1.59,Medium,4,92,3,No,80,10,31,80,8.1,24,7,Visual,3,2,5,Low,0
S3294,22,Male,High,Secondary,Joint,No,2.61,Low,4,70,4,No,46,0,48,41,14.5,25,3,Kinesthetic,4,2,3,Medium,1
S3295,23,Female,Medium,Secondary,Nuclear,No,2.11,Low,3,83,5,Yes,80,7,81,31,15.9,20,1,Mixed,5,4,1,Low,0
S3296,17,Female,Medium,Secondary,Nuclear,No,2.34,Low,3,50,6,No,99,5,56,34,5.2,1,6,Mixed,5,8,5,Medium,0
S3297,24,Female,High,Postgraduate,Nuclear,No,2.99,High,2,53,4,Yes,98,9,85,43,13.9,15,10,Auditory,4,2,3,Medium,0
S3298,21,Male,Medium,Primary,Single Parent,Yes,3.84,Medium,0,36,3,No,53,7,67,62,12.8,20,7,Kinesthetic,1,1,4,Low,0
S3299,22,Other,Low,Primary,Joint,Yes,3.45,High,5,97,3,No,82,9,33,71,16.3,9,9,Mixed,4,5,4,Medium,0
S3300,25,Female,Medium,Secondary,Joint,Yes,2.7,Medium,1,73,3,No,91,6,59,98,2.7,16,6,Mixed,3,4,4,Medium,0
S3301,17,Female,High,Graduate,Joint,No,3.05,Low,1,60,3,Yes,47,4,67,74,6.7,18,2,Visual,3,10,3,Medium,1
S3302,18,Male,Low,Secondary,Nuclear,Yes,3.86,Low,0,52,6,No,40,8,45,70,19.6,5,9,Visual,2,5,4,Medium,0
S3303,21,Male,Low,Graduate,Nuclear,No,3.85,Low,1,81,6,No,49,8,54,55,19.6,23,9,Kinesthetic,5,6,4,Low,0
S3304,21,Male,Medium,Primary,Joint,No,3.43,Medium,4,44,5,No,79,4,36,61,9.0,13,7,Visual,2,5,2,Medium,0
S3305,18,Male,Low,Secondary,Nuclear,No,2.2,High,4,45,5,Yes,76,0,58,28,7.1,21,1,Visual,3,1,5,High,0
S3306,21,Male,Medium,Secondary,Single Parent,Yes,2.54,Medium,4,101,6,No,73,9,91,76,5.0,15,8,Visual,1,2,0,High,0
S3307,23,Female,Low,Graduate,Nuclear,Yes,4.0,High,2,51,6,No,77,7,50,62,6.1,5,9,Kinesthetic,1,10,0,Medium,0
S3308,20,Female,Low,Graduate,Nuclear,No,2.02,Medium,0,43,3,No,46,6,68,56,18.0,23,4,Visual,1,3,3,Low,0
S3309,21,Male,Low,Secondary,Nuclear,No,2.52,Medium,2,100,6,No,53,5,83,44,18.2,22,5,Mixed,3,5,5,High,1
S3310,25,Male,Medium,Graduate,Guardian,Yes,2.17,High,5,42,4,Yes,97,2,87,30,17.8,1,8,Mixed,1,6,5,Low,0
S3311,19,Female,Medium,Graduate,Single Parent,No,2.72,Medium,5,34,3,No,59,3,61,52,8.2,10,8,Visual,4,3,0,Medium,0
S3312,18,Male,Medium,None,Joint,No,2.51,Medium,3,81,6,No,82,3,78,43,4.1,5,5,Mixed,3,1,5,Low,0
S3313,23,Female,Low,Primary,Nuclear,Yes,2.79,High,1,68,3,Yes,48,2,70,56,4.4,22,10,Visual,1,0,1,Low,0
S3314,19,Female,Low,Graduate,Single Parent,No,3.39,High,1,39,5,Yes,56,10,91,42,2.0,12,10,Visual,3,3,4,Low,0
S3315,19,Female,High,None,Nuclear,No,1.79,High,4,78,5,Yes,84,5,31,89,9.3,10,2,Visual,1,5,0,Medium,1
S3316,23,Female,Low,None,Nuclear,No,3.5,Medium,2,33,4,No,99,9,44,68,2.8,23,8,Visual,5,8,1,Medium,0
S3317,24,Female,Medium,Secondary,Nuclear,No,3.85,Low,0,35,5,No,98,0,57,53,11.4,10,8,Visual,5,3,3,Medium,0
S3318,24,Male,Medium,Postgraduate,Nuclear,No,1.68,Medium,1,91,4,Yes,97,5,62,80,14.5,4,2,Auditory,3,3,1,Medium,1
S3319,24,Male,Low,None,Nuclear,Yes,3.41,High,2,34,3,No,92,3,42,42,18.7,1,5,Auditory,5,4,2,Medium,0
S3320,25,Male,Medium,Postgraduate,Single Parent,No,2.6,High,5,20,4,No,62,7,56,52,9.7,10,7,Visual,3,6,3,Medium,0
S3321,17,Male,Medium,None,Nuclear,No,3.29,High,3,111,7,No,59,9,79,79,2.1,3,8,Auditory,4,0,5,Medium,0
S3322,25,Female,Low,Primary,Nuclear,Yes,3.77,Low,4,82,7,No,79,10,87,55,6.1,28,5,Visual,1,6,3,Low,0
S3323,24,Male,Medium,Graduate,Guardian,Yes,2.87,Low,5,91,4,Yes,52,4,80,53,12.1,6,5,Kinesthetic,4,9,0,Medium,0
S3324,22,Female,Low,Primary,Nuclear,No,2.37,High,1,65,5,Yes,95,8,30,81,15.7,4,1,Mixed,2,7,0,Low,0
S3325,19,Male,High,Secondary,Guardian,Yes,2.4,Low,5,100,5,No,95,6,34,37,15.4,23,1,Visual,2,10,1,Low,0
S3326,18,Male,Medium,Primary,Nuclear,No,2.2,Medium,2,38,6,No,67,1,55,47,4.9,17,3,Mixed,4,9,5,Medium,0
S3327,23,Male,Low,Secondary,Joint,No,3.39,Medium,3,55,6,No,60,2,78,69,16.4,27,3,Visual,5,7,1,Medium,0
S3328,24,Female,Medium,None,Nuclear,No,1.53,Low,1,92,4,Yes,85,10,50,62,19.2,6,10,Visual,1,6,0,Medium,0
S3329,18,Male,Medium,Primary,Single Parent,Yes,2.7,Low,3,27,7,Yes,57,6,76,58,9.1,17,5,Auditory,4,0,5,High,1
S3330,19,Female,Medium,Postgraduate,Single Parent,Yes,2.6,Medium,3,117,6,Yes,52,0,33,92,16.9,10,1,Auditory,5,4,1,Medium,1
S3331,18,Female,Medium,Primary,Single Parent,No,2.31,Medium,1,59,5,No,98,8,75,68,18.7,20,10,Kinesthetic,1,8,1,High,0
S3332,24,Male,High,Primary,Nuclear,No,2.83,Medium,4,69,4,No,89,4,38,35,17.1,5,1,Mixed,2,8,5,Low,0
S3333,21,Female,Medium,Secondary,Guardian,Yes,2.87,Medium,1,55,7,No,56,1,82,85,8.0,7,10,Visual,4,7,1,High,1
S3334,24,Male,Medium,Secondary,Nuclear,No,1.88,Low,1,39,6,No,57,9,79,41,11.5,17,4,Mixed,4,8,1,Medium,1
S3335,18,Female,Low,Graduate,Joint,No,2.86,Low,0,118,3,No,53,4,32,71,16.7,16,4,Visual,4,0,0,Low,0
S3336,18,Male,Low,Secondary,Single Parent,No,2.29,Low,4,62,7,No,61,8,70,66,5.3,10,2,Auditory,1,8,1,High,0
S3337,23,Female,Low,Secondary,Joint,Yes,3.7,Low,3,111,4,No,45,1,81,68,15.9,13,7,Auditory,2,5,0,Low,0
S3338,17,Female,High,Graduate,Nuclear,No,2.98,Medium,2,69,5,No,52,10,42,39,2.9,6,5,Visual,4,8,3,Medium,0
S3339,23,Other,Low,Graduate,Joint,Yes,1.7,Medium,1,88,4,No,72,0,68,52,14.2,29,1,Mixed,4,7,0,Medium,1
S3340,25,Male,Medium,Primary,Joint,Yes,3.73,Low,5,73,3,No,80,2,75,50,7.7,21,6,Auditory,5,1,2,High,0
S3341,23,Male,Low,Secondary,Joint,No,3.8,Medium,5,95,6,Yes,78,0,32,97,4.3,13,3,Visual,4,7,3,Low,0
S3342,25,Male,High,Graduate,Nuclear,Yes,2.78,High,1,109,5,No,85,0,66,42,13.9,17,4,Auditory,4,5,5,Medium,0
S3343,21,Male,Medium,Postgraduate,Joint,No,1.84,High,1,115,7,No,55,5,87,37,19.7,12,7,Visual,3,2,5,Low,1
S3344,24,Female,Low,Graduate,Joint,No,2.79,High,3,48,6,Yes,88,7,35,25,12.4,4,6,Visual,5,0,3,Medium,0
S3345,21,Female,Low,None,Single Parent,Yes,1.88,Medium,4,33,7,No,46,4,70,73,13.8,12,10,Mixed,4,5,1,High,1
S3346,19,Male,Medium,Primary,Nuclear,No,2.02,Medium,2,32,4,No,80,7,44,67,6.6,18,4,Auditory,3,0,3,Medium,0
S3347,22,Female,High,Graduate,Nuclear,Yes,2.76,High,1,62,7,Yes,95,0,56,42,19.8,29,7,Visual,5,4,5,Low,0
S3348,18,Female,Medium,Graduate,Nuclear,Yes,3.79,Medium,0,62,5,Yes,55,0,44,42,4.2,8,8,Kinesthetic,3,8,5,Medium,0
S3349,22,Other,High,Postgraduate,Nuclear,Yes,1.86,High,5,26,4,No,69,0,32,58,4.4,3,5,Auditory,4,5,1,Low,0
S3350,19,Female,Low,Postgraduate,Nuclear,No,2.45,Medium,5,62,5,Yes,72,10,53,87,9.5,4,1,Mixed,1,3,2,Low,0
S3351,23,Female,Low,Graduate,Nuclear,No,2.87,Low,1,30,4,No,50,8,58,35,8.6,27,6,Kinesthetic,2,6,5,Low,0
S3352,20,Male,Medium,Graduate,Nuclear,Yes,2.25,Medium,4,65,6,Yes,60,8,100,65,1.1,8,8,Visual,4,0,0,Low,0
S3353,21,Female,Medium,Primary,Nuclear,No,3.75,Medium,1,107,7,Yes,90,3,74,87,7.1,2,8,Auditory,4,2,4,Medium,0
S3354,23,Male,Medium,Primary,Nuclear,No,1.65,Low,0,88,4,No,81,2,93,85,7.8,12,2,Visual,3,6,2,Medium,1
S3355,17,Female,High,None,Nuclear,No,2.0,Medium,0,41,7,No,86,9,99,47,7.6,4,6,Mixed,1,10,4,Medium,0
S3356,25,Male,Low,Secondary,Nuclear,Yes,2.73,Low,4,43,4,Yes,85,0,65,84,1.8,26,9,Mixed,2,4,4,Medium,0
S3357,23,Other,Medium,Postgraduate,Nuclear,Yes,3.75,Low,1,105,5,No,95,7,64,43,14.5,28,9,Auditory,3,7,2,Medium,0
S3358,23,Male,Medium,Postgraduate,Nuclear,Yes,2.15,Low,1,71,5,No,40,6,86,65,18.1,9,7,Auditory,5,8,0,High,1
S3359,24,Female,Low,None,Nuclear,No,3.92,Medium,5,36,3,No,47,4,56,25,15.3,23,7,Kinesthetic,1,8,1,High,1
S3360,19,Female,High,Primary,Nuclear,No,2.64,Medium,5,33,3,Yes,84,0,47,97,11.9,19,4,Kinesthetic,3,5,1,Low,0
S3361,24,Other,Medium,Postgraduate,Nuclear,No,1.6,Medium,4,103,6,No,84,3,46,74,15.7,7,8,Kinesthetic,2,7,5,Low,0
S3362,19,Male,Low,Secondary,Single Parent,Yes,3.49,Low,5,34,3,No,74,5,45,81,16.9,11,5,Auditory,3,9,5,Low,0
S3363,25,Female,Medium,Postgraduate,Single Parent,No,2.43,High,1,102,5,No,52,3,55,29,16.8,3,9,Auditory,3,5,5,Low,0
S3364,18,Male,Medium,Primary,Nuclear,No,2.37,Medium,0,39,7,No,81,2,51,59,14.0,2,5,Visual,3,6,5,Low,0
S3365,23,Female,High,Postgraduate,Nuclear,No,1.77,Medium,1,55,3,Yes,45,0,48,82,18.3,9,10,Auditory,2,1,1,High,1
S3366,18,Male,Medium,Primary,Nuclear,No,1.83,Medium,4,99,7,No,67,8,80,81,18.2,25,3,Auditory,1,10,1,Medium,1
S3367,20,Male,Low,Primary,Single Parent,No,2.28,Medium,2,115,6,No,62,5,45,35,6.1,7,5,Auditory,5,9,2,Medium,0
S3368,21,Female,Low,Graduate,Nuclear,No,3.15,Medium,5,38,6,No,70,0,31,57,10.2,4,10,Mixed,5,0,5,Medium,0
S3369,19,Female,Medium,Primary,Joint,No,2.86,Medium,5,34,3,No,61,7,79,67,10.4,27,9,Kinesthetic,5,2,4,High,0
S3370,17,Male,High,Graduate,Nuclear,No,1.65,Medium,5,73,7,Yes,73,7,89,95,15.7,18,6,Visual,5,8,3,Medium,0
S3371,24,Male,Low,Graduate,Nuclear,No,2.12,High,1,63,5,No,61,10,78,62,9.7,16,4,Visual,3,1,0,Medium,0
S3372,24,Female,Medium,None,Nuclear,No,3.19,High,0,106,7,No,63,10,70,84,12.6,14,10,Auditory,2,3,0,High,0
S3373,18,Male,Low,Secondary,Joint,No,1.97,Low,1,50,5,Yes,61,8,58,86,13.0,11,7,Auditory,4,8,0,Low,0
S3374,22,Male,Medium,Primary,Nuclear,No,2.61,Medium,5,51,7,No,73,7,50,81,4.5,9,2,Visual,5,10,2,High,0
S3375,18,Male,Low,Graduate,Guardian,No,3.07,Low,0,88,7,No,47,9,45,68,15.4,6,9,Auditory,5,4,3,High,1
S3376,20,Other,Medium,Postgraduate,Nuclear,No,2.75,Medium,2,53,5,No,67,5,47,77,5.2,27,8,Mixed,5,8,1,Low,0
S3377,21,Female,Low,None,Nuclear,No,2.52,Low,3,86,6,No,65,10,79,50,1.1,19,3,Kinesthetic,5,5,1,Low,0
S3378,19,Male,Low,Graduate,Joint,No,2.65,Low,2,103,3,Yes,67,10,52,52,4.7,3,3,Mixed,4,3,5,High,0
S3379,20,Female,Medium,Secondary,Joint,Yes,2.24,Low,0,54,4,No,74,0,57,51,16.0,14,1,Visual,2,2,1,Low,0
S3380,17,Male,Medium,Postgraduate,Single Parent,No,3.55,Medium,4,75,5,Yes,97,2,66,69,6.8,4,5,Visual,3,7,2,Low,0
S3381,21,Male,Medium,Secondary,Nuclear,No,2.65,High,5,37,3,No,83,4,61,58,1.8,20,3,Visual,5,10,0,Medium,0
S3382,23,Other,Medium,None,Nuclear,No,3.85,Medium,2,96,5,No,85,9,86,69,4.5,27,9,Visual,5,6,3,Low,0
S3383,20,Female,High,Secondary,Nuclear,No,2.42,Medium,4,33,4,Yes,96,2,58,94,2.8,6,5,Auditory,2,1,4,Medium,0
S3384,23,Male,High,Secondary,Nuclear,Yes,2.37,Low,0,70,7,No,61,9,70,42,10.5,4,7,Mixed,1,10,0,Medium,0
S3385,19,Male,High,None,Joint,No,2.16,Low,0,107,3,No,40,3,43,96,7.0,1,2,Mixed,5,9,4,Medium,1
S3386,17,Female,Medium,Graduate,Nuclear,No,2.24,Medium,2,20,5,No,69,9,95,87,19.7,5,8,Visual,5,9,2,Low,0
S3387,20,Other,Medium,None,Nuclear,Yes,1.51,Low,5,105,5,No,67,3,38,32,14.5,11,2,Mixed,5,6,3,Low,1
S3388,23,Male,Low,Secondary,Guardian,No,3.95,High,4,117,6,No,72,9,53,36,18.6,28,10,Mixed,4,9,3,Low,0
S3389,19,Female,Medium,Primary,Nuclear,No,2.43,Medium,3,109,6,No,99,8,37,65,10.9,9,1,Kinesthetic,1,7,5,Medium,0
S3390,23,Male,High,Primary,Guardian,Yes,1.65,Low,4,106,3,Yes,40,6,91,56,7.8,17,2,Visual,1,10,2,Low,1
S3391,20,Female,Medium,None,Joint,No,3.89,Medium,0,81,6,No,46,5,76,86,14.0,1,9,Auditory,1,0,1,Medium,0
S3392,21,Male,Medium,Secondary,Single Parent,No,1.98,Medium,3,33,6,No,59,8,30,32,8.5,12,5,Visual,4,4,4,Low,1
S3393,24,Male,High,Primary,Nuclear,Yes,3.89,Medium,5,70,7,No,56,7,74,23,2.4,18,3,Mixed,2,3,2,Low,1
S3394,23,Male,Low,Primary,Nuclear,No,3.05,Medium,2,76,4,No,62,7,78,46,16.9,10,8,Mixed,1,5,2,Medium,0
S3395,25,Female,Low,Graduate,Single Parent,No,3.33,Medium,2,53,4,Yes,96,5,69,39,6.2,24,8,Kinesthetic,4,0,4,Medium,0
S3396,20,Other,Medium,Primary,Joint,Yes,1.51,High,2,88,6,No,46,9,85,64,18.9,24,6,Auditory,3,0,1,Medium,1
S3397,17,Other,Medium,Secondary,Nuclear,No,2.74,High,2,57,5,Yes,50,1,75,43,12.5,4,8,Visual,4,9,1,High,1
S3398,20,Male,High,None,Joint,No,2.08,Low,4,86,7,No,97,10,33,24,4.0,25,8,Kinesthetic,4,5,2,High,0
S3399,17,Female,Medium,None,Joint,Yes,3.27,High,3,78,4,No,69,6,76,63,16.8,27,6,Auditory,3,9,3,Medium,0
S3400,25,Female,Medium,Postgraduate,Nuclear,Yes,3.57,Medium,0,110,6,No,46,10,55,94,13.2,12,4,Visual,3,7,4,Medium,0
S3401,18,Female,Medium,Graduate,Nuclear,No,1.56,High,5,23,3,No,65,2,93,26,12.2,12,6,Visual,3,0,0,Medium,0
S3402,21,Male,Low,Secondary,Nuclear,Yes,2.07,Medium,5,75,5,No,89,1,47,26,2.7,14,1,Mixed,1,1,0,Medium,0
S3403,18,Female,Low,None,Joint,No,1.65,Medium,0,35,6,No,45,7,72,36,13.7,11,2,Kinesthetic,5,3,5,Medium,1
S3404,23,Male,Low,Graduate,Single Parent,Yes,2.48,Low,3,72,5,No,85,9,84,84,19.3,15,10,Mixed,2,10,2,Low,0
S3405,25,Female,Medium,Secondary,Nuclear,No,3.99,Low,0,119,6,No,41,2,35,65,4.4,18,10,Auditory,1,9,3,Low,0
S3406,24,Female,Low,Secondary,Nuclear,No,2.62,Medium,5,116,3,Yes,87,5,65,56,1.1,27,7,Auditory,5,10,1,Medium,0
S3407,25,Male,Low,Graduate,Joint,Yes,3.66,High,0,58,6,No,60,5,85,75,15.8,26,10,Auditory,2,7,5,Medium,0
S3408,17,Female,Medium,Primary,Joint,Yes,2.88,High,4,71,5,No,89,4,37,78,16.5,6,5,Mixed,2,3,0,Low,0
S3409,17,Male,Low,Postgraduate,Nuclear,Yes,3.46,Low,2,32,6,Yes,89,5,45,20,18.0,11,9,Visual,2,7,4,Medium,0
S3410,23,Male,High,Secondary,Guardian,Yes,1.78,Medium,2,55,7,Yes,75,4,61,40,3.7,21,9,Visual,2,10,2,Medium,0
S3411,20,Female,High,Secondary,Single Parent,No,3.98,Medium,0,23,6,Yes,58,9,53,44,16.3,6,4,Mixed,1,9,3,High,1
S3412,19,Female,Low,Secondary,Joint,No,2.28,Medium,5,54,7,No,86,6,95,46,1.2,26,1,Kinesthetic,3,5,5,High,0
S3413,25,Male,Low,None,Joint,No,2.3,Medium,3,71,3,No,71,8,87,89,9.3,6,1,Mixed,3,8,2,Medium,0
S3414,22,Male,Low,Graduate,Joint,Yes,2.59,High,2,81,3,No,72,10,54,93,2.1,28,9,Auditory,3,10,0,High,0
S3415,23,Female,Medium,Primary,Single Parent,No,1.6,Low,0,26,7,No,73,6,35,97,13.5,6,10,Auditory,1,6,2,Medium,0
S3416,17,Female,Low,Secondary,Joint,No,3.6,High,1,118,4,No,47,10,51,74,15.3,24,2,Visual,4,8,4,Medium,1
S3417,18,Female,High,Secondary,Nuclear,No,2.91,Low,4,27,5,No,85,5,33,28,10.1,6,5,Mixed,5,5,0,High,0
S3418,19,Female,Low,Postgraduate,Nuclear,No,2.41,Medium,2,81,6,No,78,1,39,99,16.6,2,2,Mixed,3,4,1,Medium,0
S3419,23,Male,High,Postgraduate,Single Parent,No,3.27,Medium,4,114,4,No,94,8,47,21,15.2,4,7,Visual,3,1,2,Medium,0
S3420,23,Male,Medium,Primary,Nuclear,No,1.53,Medium,5,74,6,Yes,91,1,51,27,6.7,13,8,Visual,1,0,0,Medium,0
S3421,23,Male,Low,Postgraduate,Nuclear,No,1.83,High,5,80,6,Yes,68,0,47,48,18.3,13,9,Visual,5,10,3,High,1
S3422,20,Male,Medium,Secondary,Nuclear,No,1.87,Medium,0,23,3,Yes,66,1,73,70,1.6,27,7,Mixed,1,4,4,High,1
S3423,17,Male,Medium,Primary,Nuclear,Yes,3.67,Low,0,109,4,No,76,6,77,34,4.1,23,4,Kinesthetic,4,7,2,Medium,0
S3424,19,Female,Medium,Secondary,Nuclear,Yes,3.33,Low,5,57,6,No,53,1,32,29,1.3,8,9,Kinesthetic,1,1,2,Low,0
S3425,22,Male,High,None,Joint,Yes,3.12,High,1,23,3,No,63,0,99,49,1.8,17,7,Visual,5,8,2,Medium,0
S3426,22,Male,Low,Secondary,Joint,No,2.84,Low,4,118,5,No,63,4,88,95,2.9,9,5,Visual,1,2,3,High,0
S3427,24,Male,Medium,Secondary,Joint,Yes,2.75,Medium,3,31,6,Yes,77,8,76,98,8.1,8,3,Mixed,4,4,2,High,0
S3428,23,Male,Low,Primary,Joint,No,3.84,Medium,3,63,7,Yes,40,6,93,31,3.1,5,7,Auditory,1,4,5,High,1
S3429,24,Male,Medium,Primary,Nuclear,No,3.66,Low,3,115,6,No,60,9,100,96,10.9,22,6,Mixed,2,0,1,Low,0
S3430,25,Female,Medium,Postgraduate,Nuclear,Yes,3.61,High,0,92,5,No,71,4,85,62,12.9,7,5,Visual,1,10,4,High,0
S3431,25,Male,High,Graduate,Single Parent,Yes,2.38,High,4,39,3,No,59,7,58,21,12.5,15,9,Kinesthetic,5,5,0,Low,0
S3432,18,Male,Medium,Graduate,Nuclear,No,3.91,Low,5,40,4,No,74,5,79,72,1.6,14,7,Kinesthetic,4,9,0,Low,0
S3433,23,Female,Low,Primary,Nuclear,No,2.3,Medium,2,105,5,No,78,4,50,26,12.4,18,8,Kinesthetic,1,5,5,Medium,0
S3434,24,Male,Low,Secondary,Joint,Yes,2.5,Medium,4,23,4,No,52,3,59,80,11.7,19,5,Visual,5,3,4,Low,0
S3435,17,Male,Low,Primary,Joint,Yes,2.26,Medium,3,101,6,No,74,7,32,81,5.6,19,7,Visual,1,9,3,Medium,0
S3436,23,Male,Low,Graduate,Nuclear,No,3.57,Medium,1,34,3,No,45,0,96,100,15.9,11,3,Kinesthetic,3,7,0,High,1
S3437,19,Female,Medium,Graduate,Single Parent,No,1.87,Medium,4,72,3,Yes,94,10,73,51,12.7,7,5,Visual,4,1,1,High,1
S3438,17,Male,Low,Graduate,Nuclear,No,2.78,Low,4,58,3,No,45,1,83,43,1.1,21,4,Mixed,3,8,1,Medium,0
S3439,17,Female,Low,Secondary,Nuclear,Yes,2.12,Low,5,36,3,No,44,6,40,31,15.8,20,1,Visual,5,4,0,Medium,1
S3440,19,Female,Medium,Primary,Joint,Yes,2.95,Medium,3,55,5,No,70,10,69,43,11.9,26,3,Visual,2,2,2,Medium,0
S3441,23,Female,Medium,None,Joint,No,2.33,Low,3,24,6,No,57,6,57,43,18.3,14,8,Visual,4,3,1,Medium,0
S3442,17,Male,Medium,Secondary,Nuclear,No,1.86,Medium,0,63,5,Yes,69,2,61,91,17.8,27,8,Auditory,2,5,0,Low,0
S3443,24,Female,Medium,Graduate,Nuclear,No,2.1,High,5,39,3,Yes,78,3,48,72,9.4,5,5,Kinesthetic,3,10,0,Medium,0
S3444,17,Male,High,Graduate,Nuclear,No,3.18,Low,0,104,4,Yes,74,9,98,48,14.4,23,10,Visual,3,3,1,Medium,0
S3445,25,Male,Low,Postgraduate,Nuclear,Yes,3.15,Low,3,113,3,No,54,8,94,32,19.4,6,3,Mixed,1,10,3,High,1
S3446,19,Male,Medium,Graduate,Nuclear,No,1.74,High,1,41,7,No,64,3,40,84,4.6,6,5,Mixed,1,2,0,Medium,0
S3447,24,Female,Low,None,Single Parent,No,3.29,Low,5,103,4,No,80,3,40,55,8.2,18,2,Auditory,5,3,2,Medium,0
S3448,25,Female,Low,Secondary,Single Parent,Yes,1.59,High,5,32,6,No,73,8,40,85,19.3,5,6,Kinesthetic,4,4,3,Medium,0
S3449,22,Male,Medium,Graduate,Nuclear,Yes,3.6,Medium,1,76,6,Yes,60,9,84,70,15.6,29,4,Mixed,3,9,1,Low,0
S3450,21,Female,Low,Primary,Nuclear,No,2.2,Low,4,52,7,No,77,8,33,53,4.9,16,3,Auditory,4,1,2,High,0
S3451,17,Female,Medium,Secondary,Nuclear,No,1.67,Low,1,97,5,No,99,10,30,69,20.0,10,6,Mixed,2,0,4,Medium,0
S3452,17,Female,High,Primary,Nuclear,No,2.29,Medium,0,104,6,Yes,75,7,38,90,15.9,16,4,Mixed,5,5,0,Medium,0
S3453,22,Male,Medium,Primary,Nuclear,No,2.69,Low,2,74,3,Yes,48,0,65,53,18.7,18,8,Auditory,1,2,4,Medium,0
S3454,24,Female,Medium,Secondary,Nuclear,No,1.93,High,4,64,4,Yes,99,3,73,38,13.3,16,7,Visual,5,2,3,High,1
S3455,24,Male,Medium,Secondary,Single Parent,No,3.86,Medium,2,108,4,Yes,74,0,57,99,8.7,2,9,Auditory,4,6,2,Low,0
S3456,24,Male,Medium,Postgraduate,Guardian,No,2.12,Medium,3,105,5,Yes,95,2,85,35,17.9,16,1,Auditory,1,7,4,Medium,0
S3457,20,Male,Medium,Secondary,Nuclear,No,2.94,Low,3,107,4,No,84,6,65,71,13.7,18,2,Kinesthetic,2,3,3,Low,0
S3458,23,Other,Low,Primary,Single Parent,No,2.41,Medium,1,50,3,Yes,92,3,36,69,8.1,12,5,Mixed,2,1,0,Medium,0
S3459,18,Male,Low,Secondary,Joint,No,3.26,High,4,108,3,Yes,58,7,49,40,2.3,6,6,Visual,2,7,5,Medium,0
S3460,19,Female,Low,Secondary,Nuclear,Yes,3.03,Low,0,89,5,No,72,1,33,37,1.8,20,5,Visual,4,7,3,Medium,0
S3461,22,Male,Medium,Primary,Joint,No,3.55,Low,2,54,3,No,78,5,71,50,5.7,8,8,Kinesthetic,5,1,0,Medium,0
S3462,25,Male,Medium,Graduate,Joint,No,1.51,Medium,5,54,3,Yes,78,5,87,55,6.8,6,10,Kinesthetic,3,2,3,Low,0
S3463,17,Female,Medium,Secondary,Joint,No,2.88,Low,4,83,5,Yes,84,4,74,28,12.0,5,3,Mixed,1,6,4,Low,0
S3464,25,Male,Low,Graduate,Nuclear,Yes,3.63,Medium,1,51,4,No,48,6,89,83,18.1,22,1,Visual,5,7,4,Medium,1
S3465,23,Female,Medium,Secondary,Joint,No,2.32,Medium,0,79,3,Yes,74,8,98,38,8.4,7,6,Visual,4,3,2,Medium,0
S3466,18,Male,Medium,Primary,Single Parent,Yes,2.84,Medium,1,97,7,Yes,59,10,78,63,2.5,12,5,Visual,5,4,3,High,1
S3467,20,Male,Medium,Graduate,Nuclear,No,3.11,Medium,1,92,6,Yes,68,4,60,50,1.3,25,5,Mixed,5,3,0,Low,0
S3468,21,Male,High,None,Nuclear,No,2.49,High,2,86,6,No,82,7,70,51,13.2,4,2,Kinesthetic,3,3,5,Medium,0
S3469,24,Male,Low,Primary,Nuclear,No,3.43,Low,3,51,4,No,93,5,82,71,7.9,16,8,Visual,2,5,4,Medium,0
S3470,21,Female,Low,None,Joint,No,2.38,Medium,0,42,5,Yes,78,7,40,49,13.9,20,5,Visual,1,2,0,Low,0
S3471,18,Male,High,None,Nuclear,Yes,1.56,Low,5,107,5,Yes,80,0,71,76,5.6,13,5,Kinesthetic,4,4,2,Medium,0
S3472,22,Male,Low,None,Single Parent,No,3.25,Low,3,25,6,No,90,10,32,38,16.4,8,7,Mixed,1,6,2,Medium,0
S3473,20,Female,Low,Secondary,Nuclear,Yes,1.74,High,5,42,6,Yes,77,7,61,74,15.7,22,2,Visual,3,8,0,High,1
S3474,17,Male,Low,None,Nuclear,No,2.46,Medium,4,39,7,Yes,90,6,66,38,8.9,22,2,Mixed,2,9,1,Low,0
S3475,21,Female,Medium,Primary,Nuclear,Yes,3.15,High,5,69,5,No,44,3,94,30,8.6,28,6,Kinesthetic,3,8,0,Medium,0
S3476,19,Male,Low,Primary,Nuclear,No,1.66,Medium,4,39,3,No,68,2,68,23,10.5,22,9,Visual,4,5,0,Medium,0
S3477,19,Male,Low,Primary,Nuclear,Yes,2.98,Medium,5,41,5,No,74,8,83,22,16.9,28,6,Auditory,4,6,4,Medium,0
S3478,25,Female,Medium,Primary,Joint,No,2.73,Medium,5,61,4,No,89,8,94,96,11.0,20,10,Visual,4,2,5,High,0
S3479,20,Female,Medium,Secondary,Nuclear,No,3.52,High,2,61,4,No,43,2,78,46,1.0,29,4,Visual,2,10,4,High,1
S3480,20,Female,Low,Postgraduate,Nuclear,No,2.86,Medium,1,52,3,Yes,92,9,90,99,7.1,2,10,Mixed,5,4,4,Medium,0
S3481,17,Male,Low,Secondary,Joint,No,3.7,High,5,94,7,Yes,72,1,65,72,5.1,10,10,Kinesthetic,5,0,4,Medium,0
S3482,23,Male,Medium,Secondary,Nuclear,Yes,1.74,Low,1,44,6,No,66,4,85,84,11.0,9,7,Visual,2,2,2,Medium,0
S3483,25,Female,Medium,Graduate,Guardian,No,2.1,Medium,5,39,7,No,55,7,32,21,2.0,9,5,Visual,3,2,2,Medium,0
S3484,25,Female,Medium,Graduate,Nuclear,No,2.75,Medium,5,41,5,No,62,10,37,48,1.3,23,8,Auditory,5,4,0,Medium,0
S3485,20,Female,Medium,Postgraduate,Single Parent,No,3.81,Medium,3,20,7,No,82,4,46,95,19.2,23,10,Mixed,3,7,5,Medium,0
S3486,23,Male,Medium,None,Single Parent,Yes,2.45,Low,3,30,5,Yes,43,5,95,34,3.4,27,10,Visual,1,6,5,Medium,0
S3487,24,Female,Medium,Secondary,Nuclear,No,3.32,Medium,5,37,4,Yes,86,0,95,75,17.2,4,8,Visual,5,4,4,Medium,0
S3488,21,Female,Medium,None,Nuclear,No,1.99,Medium,3,91,7,No,74,6,81,67,9.9,17,5,Auditory,4,2,4,Low,0
S3489,22,Female,Low,Secondary,Joint,No,2.36,Medium,3,117,3,No,80,8,40,85,1.8,9,10,Mixed,5,3,1,High,0
S3490,22,Female,Low,Graduate,Single Parent,No,3.95,Medium,1,45,4,Yes,75,0,73,23,14.8,13,7,Visual,5,4,1,Low,0
S3491,19,Female,Low,Postgraduate,Single Parent,No,2.8,High,1,51,7,No,93,10,75,89,8.1,8,8,Auditory,4,10,1,High,0
S3492,25,Male,Medium,Secondary,Nuclear,Yes,2.98,High,2,44,5,No,75,6,48,74,5.3,4,1,Mixed,4,10,1,Low,0
S3493,22,Female,Medium,Secondary,Joint,No,2.33,Medium,5,24,5,No,87,5,37,83,6.7,20,4,Mixed,3,0,1,Medium,0
S3494,23,Female,Low,Graduate,Single Parent,No,1.51,Low,3,62,3,No,54,5,100,66,4.1,28,2,Visual,3,6,5,Low,1
S3495,24,Female,Medium,Secondary,Nuclear,Yes,3.01,Medium,5,30,4,Yes,75,0,36,98,2.0,24,6,Visual,2,9,2,Medium,0
S3496,23,Male,Low,Postgraduate,Joint,No,2.2,Low,2,96,5,No,95,5,49,31,4.5,14,4,Kinesthetic,1,2,3,High,0
S3497,21,Male,Medium,Secondary,Nuclear,No,2.38,Medium,5,68,7,Yes,61,0,47,27,15.3,13,8,Kinesthetic,1,10,4,Medium,0
S3498,19,Male,Medium,None,Nuclear,Yes,1.83,High,4,83,4,No,77,7,58,69,18.4,19,8,Auditory,5,1,1,High,1
S3499,23,Female,Medium,None,Nuclear,No,1.92,Low,3,94,3,No,44,10,40,42,4.4,5,2,Auditory,2,0,0,Medium,1
S3500,17,Female,Medium,Secondary,Single Parent,No,1.7,Medium,3,89,3,Yes,60,2,69,76,17.1,19,8,Visual,1,6,3,Medium,0
S3501,21,Male,Medium,Graduate,Single Parent,Yes,3.07,High,3,33,5,No,85,9,31,50,9.6,26,9,Visual,4,7,2,Medium,0
S3502,21,Female,High,Secondary,Single Parent,Yes,3.11,Medium,3,103,4,No,60,7,40,31,18.8,2,4,Visual,4,0,2,Medium,0
S3503,25,Female,Low,Graduate,Nuclear,No,2.27,Medium,0,95,6,No,52,1,49,42,11.4,8,1,Auditory,1,4,1,Medium,1
S3504,24,Male,Medium,Primary,Nuclear,Yes,3.19,Low,1,114,7,No,75,1,60,67,1.3,24,2,Visual,4,4,4,Medium,0
S3505,18,Female,High,Postgraduate,Guardian,Yes,1.93,Medium,4,76,7,No,75,9,87,45,10.3,2,10,Auditory,5,4,2,Medium,0
S3506,24,Female,Medium,Secondary,Nuclear,No,3.91,High,0,98,4,No,86,8,33,61,5.8,3,9,Auditory,2,0,5,Medium,0
S3507,22,Female,Medium,Graduate,Joint,No,2.93,Medium,5,57,6,Yes,92,0,42,74,2.0,15,1,Auditory,3,10,1,High,0
S3508,25,Male,Low,Secondary,Nuclear,No,1.73,Medium,4,44,4,No,89,5,76,43,12.9,28,9,Auditory,1,3,0,Medium,0
S3509,23,Male,Medium,Postgraduate,Nuclear,No,3.62,Low,0,114,4,No,79,2,64,68,2.0,19,10,Visual,2,9,4,Medium,0
S3510,20,Female,Medium,Graduate,Nuclear,No,3.66,Medium,2,86,3,No,66,9,85,46,18.7,4,10,Auditory,1,8,3,Low,0
S3511,24,Female,Medium,Primary,Nuclear,Yes,3.33,High,1,39,7,Yes,49,9,54,80,19.5,18,9,Visual,2,7,0,Medium,0
S3512,22,Other,Medium,Graduate,Guardian,No,3.8,Medium,2,101,5,No,94,3,48,67,10.5,9,1,Visual,1,2,0,Low,0
S3513,18,Female,Low,Primary,Nuclear,Yes,3.81,Medium,5,79,7,Yes,84,10,75,64,9.5,19,7,Visual,4,5,5,Medium,0
S3514,24,Female,Low,Graduate,Single Parent,Yes,2.63,Low,5,97,7,No,69,7,33,91,12.7,21,7,Mixed,5,3,3,High,0
S3515,23,Male,Low,Secondary,Joint,No,3.34,Low,0,53,5,No,42,9,91,46,11.3,14,10,Auditory,2,2,3,High,1
S3516,24,Female,Low,Secondary,Nuclear,Yes,2.11,Medium,0,92,7,No,65,8,46,58,9.3,15,6,Kinesthetic,2,7,3,Low,0
S3517,20,Male,Medium,Primary,Nuclear,Yes,4.0,High,1,63,4,Yes,80,0,70,69,12.5,9,3,Visual,2,4,3,Low,0
S3518,24,Male,Medium,Secondary,Guardian,No,2.9,Medium,3,74,4,No,86,7,41,75,13.6,3,8,Mixed,4,0,4,High,0
S3519,17,Female,Low,Primary,Guardian,No,3.8,Medium,3,33,7,No,74,8,50,61,17.8,15,6,Auditory,1,8,3,Medium,0
S3520,21,Male,High,Secondary,Joint,No,2.19,Medium,4,59,6,No,47,6,30,41,9.2,29,7,Auditory,4,0,2,Medium,0
S3521,18,Female,High,Primary,Nuclear,No,3.88,Low,2,36,5,No,90,4,69,36,8.1,12,9,Mixed,3,7,5,High,0
S3522,17,Female,High,Primary,Joint,No,2.78,Medium,2,26,3,No,62,9,99,89,2.7,4,7,Mixed,3,8,1,High,0
S3523,23,Male,Medium,Secondary,Nuclear,No,2.56,High,5,22,5,No,70,8,38,67,4.6,3,9,Auditory,5,10,4,Medium,0
S3524,20,Male,Low,Graduate,Single Parent,No,2.62,Medium,3,69,7,No,83,2,65,31,13.9,28,2,Auditory,5,8,1,Medium,0
S3525,18,Male,Low,Graduate,Single Parent,Yes,3.93,Medium,4,44,3,Yes,76,7,61,26,11.3,20,6,Visual,5,1,0,Low,0
S3526,25,Female,Medium,Graduate,Single Parent,No,3.27,High,1,27,5,Yes,74,1,47,48,13.8,18,9,Auditory,5,10,5,Low,0
S3527,18,Male,High,Postgraduate,Nuclear,Yes,1.71,Low,0,108,4,Yes,48,3,52,69,16.8,10,1,Mixed,5,4,3,Medium,1
S3528,18,Female,Low,Secondary,Joint,Yes,1.76,Low,1,103,7,No,76,0,99,32,10.4,20,2,Kinesthetic,1,1,2,Medium,1
S3529,17,Female,Low,None,Nuclear,No,3.82,High,1,81,5,Yes,79,3,30,87,14.4,18,3,Visual,1,1,2,Medium,0
S3530,17,Other,Low,Secondary,Nuclear,No,3.96,Medium,4,101,7,No,41,1,30,61,3.4,12,4,Kinesthetic,5,10,2,High,1
S3531,23,Male,Medium,Graduate,Nuclear,Yes,2.47,Medium,2,85,5,Yes,97,1,95,66,3.0,11,7,Visual,3,5,3,Low,0
S3532,24,Male,Medium,Secondary,Nuclear,Yes,3.03,Low,4,62,3,Yes,54,5,43,33,1.3,7,7,Auditory,5,8,4,Medium,0
S3533,23,Male,Low,Graduate,Joint,Yes,2.49,Medium,4,53,4,No,92,4,67,47,2.2,25,8,Auditory,5,1,3,Medium,0
S3534,17,Male,Low,Primary,Nuclear,Yes,1.55,Medium,2,51,4,No,63,4,59,21,6.1,20,7,Mixed,1,9,5,Low,0
S3535,21,Female,High,Graduate,Nuclear,No,2.72,High,4,56,7,Yes,94,10,35,24,8.1,7,3,Visual,5,9,2,Low,0
S3536,25,Female,Low,Primary,Nuclear,Yes,1.55,High,2,112,7,No,80,6,74,45,2.3,7,7,Mixed,4,3,0,Medium,0
S3537,21,Female,Low,Postgraduate,Nuclear,Yes,3.35,Medium,1,75,5,No,58,0,65,75,9.7,18,7,Visual,2,7,2,Medium,0
S3538,18,Female,High,Primary,Nuclear,No,3.74,Medium,4,42,3,No,95,8,82,36,18.2,22,2,Mixed,5,1,4,Medium,0
S3539,23,Female,Low,Postgraduate,Nuclear,No,2.04,Medium,4,101,6,No,76,6,99,48,15.7,5,6,Mixed,3,3,3,Low,0
S3540,23,Female,Low,Primary,Single Parent,Yes,2.78,Medium,5,95,3,No,48,5,78,30,17.6,4,7,Kinesthetic,2,0,5,Medium,0
S3541,24,Male,High,Secondary,Single Parent,No,1.66,Medium,3,84,7,Yes,57,2,34,88,17.3,22,6,Visual,5,5,0,Low,1
S3542,22,Female,Medium,Secondary,Single Parent,Yes,3.59,High,1,67,4,No,95,2,60,99,6.5,20,5,Visual,4,0,5,Low,0
S3543,19,Male,Low,Graduate,Single Parent,Yes,2.52,Low,2,80,7,No,54,8,66,90,15.8,19,2,Kinesthetic,1,2,1,Medium,1
S3544,23,Female,Medium,Graduate,Joint,Yes,3.48,Low,1,46,7,No,52,10,92,88,4.2,13,2,Visual,2,3,5,High,1
S3545,23,Female,Medium,Graduate,Nuclear,Yes,3.38,High,4,66,3,No,54,9,36,48,16.0,12,6,Mixed,3,0,3,Low,0
S3546,23,Female,High,Secondary,Joint,No,2.48,Medium,4,95,5,No,97,10,95,64,18.6,15,7,Visual,5,8,2,Low,0
S3547,17,Female,Low,Postgraduate,Guardian,No,2.16,Medium,2,47,3,Yes,74,7,96,58,6.8,13,10,Auditory,3,6,2,Medium,0
S3548,20,Male,Low,Secondary,Joint,No,3.91,Medium,3,29,4,No,67,4,95,34,17.8,4,3,Visual,4,5,5,Medium,0
S3549,22,Female,Medium,Primary,Single Parent,No,1.56,Low,2,50,3,No,62,10,96,41,15.3,14,4,Mixed,1,8,4,Low,0
S3550,17,Male,Medium,Postgraduate,Nuclear,No,3.85,Medium,0,82,7,No,53,3,85,24,6.6,11,2,Visual,1,0,2,Low,1
S3551,17,Male,Medium,Secondary,Nuclear,Yes,2.86,Medium,0,36,7,No,44,10,76,95,5.5,8,1,Mixed,3,1,1,Low,1
S3552,22,Female,Medium,Graduate,Nuclear,No,2.68,Low,4,91,4,No,94,1,31,95,6.3,2,1,Kinesthetic,1,7,0,High,0
S3553,25,Female,Medium,Graduate,Nuclear,No,1.59,Low,4,85,7,No,40,8,72,51,15.5,15,7,Auditory,4,7,3,Medium,1
S3554,18,Male,Medium,Secondary,Joint,Yes,2.8,Medium,2,93,4,No,68,8,57,48,1.8,26,5,Mixed,1,0,5,Medium,0
S3555,23,Male,Low,Postgraduate,Nuclear,No,2.15,Low,5,72,7,Yes,89,0,94,55,9.7,24,10,Kinesthetic,4,7,4,Medium,0
S3556,24,Male,Medium,Postgraduate,Nuclear,No,3.52,Medium,2,57,6,No,48,7,54,20,13.1,3,1,Visual,3,7,2,Low,1
S3557,25,Male,Medium,Postgraduate,Nuclear,Yes,3.75,High,1,94,5,No,96,7,92,73,17.6,7,5,Kinesthetic,5,6,4,Low,0
S3558,19,Female,Medium,Graduate,Nuclear,No,2.73,Low,3,32,3,Yes,88,6,84,21,8.3,4,4,Mixed,1,8,1,Low,0
S3559,19,Male,Low,Graduate,Joint,Yes,3.21,High,5,47,5,No,44,3,90,53,13.9,25,1,Mixed,5,4,5,Medium,1
S3560,23,Male,High,None,Nuclear,No,3.31,Low,4,105,3,No,63,0,72,51,16.8,1,1,Auditory,2,8,1,Medium,0
S3561,20,Female,Low,None,Nuclear,No,2.88,Medium,4,46,5,No,86,7,32,34,17.0,10,8,Visual,2,2,3,Low,0
S3562,19,Female,Medium,Secondary,Nuclear,No,3.2,Medium,3,113,5,No,45,0,40,67,4.4,13,3,Kinesthetic,2,8,1,High,1
S3563,19,Male,Medium,Postgraduate,Nuclear,No,2.41,Medium,2,66,4,No,83,6,83,97,18.1,23,9,Kinesthetic,2,4,3,Medium,0
S3564,23,Male,Medium,Secondary,Guardian,Yes,2.99,Low,1,114,3,No,65,9,64,87,17.3,29,3,Visual,4,4,3,Medium,0
S3565,17,Female,High,Secondary,Nuclear,No,3.5,Medium,1,91,3,No,72,1,42,51,18.7,16,6,Kinesthetic,3,9,3,Low,0
S3566,18,Male,High,Secondary,Joint,No,3.25,Low,2,79,5,No,69,5,74,60,18.3,26,10,Visual,3,5,1,Medium,0
S3567,20,Female,Medium,Secondary,Nuclear,No,3.95,Medium,0,56,3,No,81,4,98,27,15.5,19,7,Mixed,1,8,4,Medium,0
S3568,21,Female,Medium,Secondary,Single Parent,No,2.57,Low,2,68,6,Yes,80,1,33,73,16.3,25,9,Auditory,3,2,0,Medium,0
S3569,18,Male,Low,Primary,Nuclear,Yes,2.58,Medium,0,92,5,No,64,10,100,84,12.0,11,2,Visual,3,2,1,High,0
S3570,20,Male,High,Secondary,Joint,No,3.45,Medium,3,38,3,No,82,7,97,96,15.5,20,5,Auditory,4,7,2,High,0
S3571,23,Other,Medium,Primary,Single Parent,No,2.98,Low,5,104,4,No,48,6,49,91,5.5,2,3,Mixed,4,10,1,Low,1
S3572,20,Male,Medium,Secondary,Nuclear,No,3.28,Low,4,111,3,No,83,2,82,26,4.1,2,5,Auditory,3,0,3,Medium,0
S3573,22,Female,Low,None,Joint,Yes,2.23,Low,3,82,3,Yes,84,7,53,29,13.0,28,8,Mixed,1,3,3,Low,0
S3574,21,Male,Medium,Graduate,Nuclear,No,2.35,Medium,1,47,5,No,43,7,65,24,9.4,18,9,Mixed,4,0,0,Low,0
S3575,25,Male,Low,Secondary,Single Parent,No,1.74,Low,1,41,7,No,68,8,63,83,13.2,19,5,Kinesthetic,4,7,1,Medium,0
S3576,23,Female,Medium,Graduate,Joint,No,3.91,High,1,67,3,Yes,72,5,58,87,10.8,9,2,Visual,3,8,1,High,0
S3577,17,Male,Low,Secondary,Single Parent,Yes,2.04,Medium,3,30,7,Yes,93,9,43,20,18.4,27,10,Auditory,2,1,5,Medium,0
S3578,22,Male,Medium,Primary,Single Parent,Yes,1.8,Medium,4,74,3,No,80,2,89,57,11.3,1,9,Visual,3,0,2,Medium,0
S3579,17,Male,Low,Secondary,Joint,No,2.15,Low,2,76,5,No,82,9,48,94,7.6,7,4,Kinesthetic,1,4,3,High,0
S3580,19,Male,Low,Graduate,Nuclear,No,1.77,Medium,3,35,6,No,86,6,86,57,8.5,22,8,Mixed,3,8,5,Medium,0
S3581,19,Female,Low,Graduate,Joint,Yes,2.16,Low,1,119,7,No,86,9,93,89,1.4,27,6,Kinesthetic,5,10,5,High,0
S3582,20,Female,Medium,Primary,Joint,No,3.88,Medium,1,56,5,No,40,0,58,34,15.4,5,5,Visual,2,7,2,Low,0
S3583,17,Male,Medium,Secondary,Guardian,No,2.76,Low,1,44,3,No,80,3,76,22,4.3,20,4,Kinesthetic,5,1,4,Low,0
S3584,19,Female,High,Secondary,Nuclear,No,2.27,Low,5,43,7,No,98,6,56,48,9.4,12,6,Visual,3,3,2,Low,0
S3585,22,Female,Low,Primary,Nuclear,Yes,3.3,Medium,1,102,5,Yes,88,4,84,56,3.1,1,5,Auditory,1,0,0,Low,0
S3586,20,Female,Medium,Postgraduate,Nuclear,No,3.28,Low,1,52,4,No,94,8,37,51,12.9,13,3,Visual,5,2,1,High,0
S3587,18,Female,Low,Graduate,Joint,No,1.53,Low,1,30,5,No,68,3,75,51,11.2,19,7,Visual,5,8,5,Low,0
S3588,19,Other,High,Primary,Single Parent,No,3.22,Low,5,38,4,No,59,9,33,99,3.9,15,4,Auditory,2,5,0,Low,0
S3589,23,Male,Medium,Primary,Nuclear,No,2.22,Medium,0,104,7,No,44,3,95,92,11.0,6,7,Visual,4,0,2,Medium,0
S3590,19,Male,Medium,Secondary,Nuclear,Yes,2.98,Low,4,110,4,No,58,9,33,100,14.7,21,2,Mixed,3,7,1,Low,1
S3591,21,Female,Medium,Graduate,Joint,Yes,1.58,High,5,60,4,No,92,8,83,57,16.9,27,9,Auditory,5,1,3,High,1
S3592,18,Male,Low,Primary,Nuclear,No,2.47,High,0,117,5,No,52,3,65,49,15.4,13,2,Kinesthetic,1,3,2,High,1
S3593,19,Female,High,Secondary,Joint,No,1.75,Medium,2,107,7,Yes,64,3,71,30,14.6,26,3,Mixed,4,8,5,Medium,1
S3594,17,Female,Low,Secondary,Nuclear,No,2.85,Medium,1,94,7,Yes,53,1,89,80,2.9,2,2,Kinesthetic,1,7,4,Medium,1
S3595,25,Female,Low,Secondary,Nuclear,No,1.73,Low,3,113,3,No,44,10,87,30,1.5,8,9,Kinesthetic,3,0,3,Low,1
S3596,23,Male,Medium,Graduate,Nuclear,Yes,3.46,Medium,5,27,7,No,45,0,89,76,16.2,10,10,Kinesthetic,1,4,4,High,1
S3597,21,Male,Medium,Postgraduate,Nuclear,No,3.9,Medium,3,84,4,No,59,0,88,79,10.6,2,8,Mixed,1,0,3,Medium,0
S3598,25,Female,Low,Graduate,Nuclear,Yes,1.92,Medium,1,73,7,No,58,10,67,76,9.0,8,2,Auditory,5,1,3,Medium,1
S3599,23,Male,Medium,Primary,Nuclear,Yes,1.77,High,5,48,4,No,89,4,74,44,13.2,7,3,Visual,3,7,5,Medium,1
S3600,18,Female,Medium,Secondary,Nuclear,No,3.16,Medium,1,55,5,No,97,8,49,76,12.0,25,7,Mixed,4,6,5,Medium,0
S3601,24,Female,Low,Postgraduate,Nuclear,No,2.0,Low,5,55,6,No,58,7,88,43,14.0,12,1,Kinesthetic,1,7,3,Medium,1
S3602,23,Female,Low,Graduate,Nuclear,No,2.93,Medium,5,27,4,No,71,6,42,78,9.4,6,5,Visual,4,5,2,Low,0
S3603,18,Female,Low,Graduate,Single Parent,No,3.33,Low,0,79,3,No,90,2,72,31,14.2,11,8,Kinesthetic,2,0,2,Low,0
S3604,25,Female,High,Secondary,Nuclear,Yes,3.48,Medium,0,61,3,No,92,6,92,80,17.2,21,2,Auditory,5,7,5,Medium,0
S3605,25,Male,Medium,Postgraduate,Single Parent,No,2.31,Medium,2,96,6,No,62,6,63,78,1.3,11,7,Mixed,2,10,5,Medium,0
S3606,17,Female,Medium,Secondary,Nuclear,Yes,1.54,Low,0,98,3,No,76,6,82,40,15.5,2,9,Kinesthetic,3,2,1,High,1
S3607,20,Female,Medium,Secondary,Nuclear,Yes,3.56,Medium,5,30,7,No,81,10,97,79,2.6,9,3,Kinesthetic,1,7,4,Medium,0
S3608,22,Female,High,Primary,Nuclear,Yes,1.76,Low,4,64,7,No,97,6,87,42,4.7,2,4,Kinesthetic,5,2,4,Low,0
S3609,22,Male,Medium,Postgraduate,Joint,No,2.26,Medium,4,110,4,No,83,10,34,91,10.0,29,5,Auditory,3,8,2,Low,0
S3610,17,Male,Low,None,Nuclear,No,3.99,Medium,3,42,3,Yes,95,0,63,93,18.9,5,4,Mixed,4,2,3,Medium,0
S3611,21,Male,Medium,Postgraduate,Single Parent,Yes,1.8,Medium,2,46,6,Yes,70,3,66,64,18.9,23,1,Auditory,1,7,5,Medium,1
S3612,17,Female,Medium,Graduate,Joint,No,2.07,Low,2,78,7,No,73,1,79,37,7.6,4,6,Mixed,3,1,5,Low,0
S3613,25,Female,Medium,None,Nuclear,No,1.58,Medium,5,47,4,No,80,6,62,33,5.3,18,4,Mixed,4,8,5,High,1
S3614,20,Female,Medium,Postgraduate,Nuclear,Yes,1.74,Medium,1,98,3,Yes,84,9,99,76,3.2,17,6,Visual,5,2,3,Medium,0
S3615,21,Male,Low,Graduate,Joint,No,2.68,Medium,1,108,3,No,78,9,99,60,17.7,17,8,Visual,3,7,3,Medium,0
S3616,18,Male,Low,Primary,Single Parent,No,1.86,Low,2,87,3,Yes,63,0,39,44,12.6,23,2,Auditory,1,8,0,Low,1
S3617,19,Other,Medium,None,Nuclear,Yes,2.88,Medium,5,63,7,No,91,6,85,36,9.9,3,1,Mixed,2,6,5,Low,0
S3618,17,Male,Low,Graduate,Joint,No,1.75,Low,2,105,5,No,48,9,55,78,17.5,25,9,Mixed,1,1,2,Medium,1
S3619,19,Male,Medium,None,Nuclear,No,3.18,Low,5,109,3,No,58,3,36,63,12.4,19,10,Mixed,4,7,4,High,1
S3620,24,Male,Low,Postgraduate,Nuclear,No,3.79,Medium,4,21,5,No,67,1,56,42,11.3,13,8,Auditory,5,1,0,Medium,0
S3621,17,Male,Low,Primary,Nuclear,No,1.79,High,0,117,3,No,88,3,99,25,13.8,27,9,Mixed,2,3,5,Medium,0
S3622,17,Female,Low,Primary,Nuclear,Yes,2.78,High,0,75,3,No,54,10,86,24,8.6,2,1,Auditory,2,8,4,Low,1
S3623,25,Female,Medium,Secondary,Joint,No,3.2,Medium,4,69,4,Yes,63,10,61,99,15.3,23,4,Auditory,2,5,3,Medium,0
S3624,23,Female,High,Secondary,Nuclear,Yes,2.48,Medium,3,41,5,Yes,46,7,60,45,14.8,12,1,Mixed,3,9,3,Medium,1
S3625,24,Male,High,Secondary,Nuclear,No,2.29,Medium,5,93,7,No,67,1,83,36,11.3,15,4,Kinesthetic,2,1,1,High,0
S3626,25,Female,Medium,Graduate,Single Parent,No,1.69,Medium,5,20,6,No,93,9,35,79,1.4,25,8,Kinesthetic,5,5,2,Medium,0
S3627,20,Female,High,Primary,Guardian,Yes,1.66,Medium,5,64,7,Yes,81,0,93,34,15.3,23,3,Visual,3,8,3,High,1
S3628,19,Female,Medium,Secondary,Guardian,No,1.6,Medium,1,86,4,Yes,88,0,88,50,4.8,4,2,Visual,1,7,4,Medium,1
S3629,22,Other,Medium,Secondary,Joint,No,2.51,Medium,5,56,4,No,44,6,89,77,19.2,29,2,Visual,2,8,0,Low,1
S3630,23,Female,Medium,None,Single Parent,No,3.72,Medium,2,64,5,Yes,44,7,93,59,9.8,21,10,Visual,1,6,0,Medium,0
S3631,23,Female,Low,Postgraduate,Nuclear,No,2.86,Low,0,22,7,No,48,8,54,48,16.6,18,1,Auditory,4,3,5,Low,1
S3632,20,Female,Low,Graduate,Nuclear,No,1.75,Medium,1,102,7,Yes,55,8,90,24,19.3,7,3,Visual,4,3,0,Medium,1
S3633,23,Male,Low,Secondary,Nuclear,No,2.55,Medium,2,44,3,No,55,7,68,50,17.6,3,9,Auditory,5,5,4,Low,0
S3634,25,Female,Medium,Primary,Nuclear,No,2.34,Low,2,117,3,No,64,9,53,52,5.6,22,2,Auditory,5,7,2,Medium,0
S3635,22,Male,Low,Graduate,Nuclear,Yes,3.64,Medium,3,83,4,No,79,7,44,46,3.9,9,7,Mixed,2,2,4,Medium,0
S3636,17,Female,Low,Graduate,Nuclear,No,2.14,Low,0,83,3,No,77,10,48,32,5.6,26,10,Auditory,4,1,5,Medium,0
S3637,17,Male,Low,Graduate,Guardian,No,2.49,Low,5,58,3,Yes,76,3,44,100,7.9,29,4,Auditory,4,8,0,High,0
S3638,24,Male,Low,Secondary,Nuclear,No,3.41,Medium,0,43,3,No,74,5,88,44,9.1,1,6,Visual,2,4,2,Medium,0
S3639,23,Female,High,Primary,Joint,No,1.77,Low,1,92,3,No,49,5,40,55,5.9,10,5,Kinesthetic,5,7,0,Low,1
S3640,22,Female,Medium,Secondary,Joint,No,1.55,High,2,65,4,Yes,84,4,62,84,14.8,17,2,Visual,2,7,2,Medium,1
S3641,21,Male,Medium,Primary,Single Parent,Yes,3.94,Medium,0,29,4,No,90,1,54,100,9.3,7,8,Visual,3,7,1,Medium,0
S3642,25,Female,High,Graduate,Guardian,Yes,3.91,High,5,22,5,No,57,5,85,23,13.9,18,10,Kinesthetic,4,7,0,High,1
S3643,20,Female,Medium,Secondary,Single Parent,No,3.17,Low,0,71,5,Yes,80,0,81,39,8.5,13,7,Visual,5,6,0,High,0
S3644,25,Male,Medium,Primary,Nuclear,No,3.79,Medium,2,108,4,Yes,90,9,38,59,5.6,9,3,Mixed,2,4,2,Medium,0
S3645,24,Male,Medium,Secondary,Joint,No,3.36,Medium,0,21,4,No,68,6,71,27,2.8,29,10,Visual,2,0,4,Medium,0
S3646,23,Other,Medium,Secondary,Nuclear,No,3.3,High,3,58,3,No,45,4,72,24,5.7,6,1,Auditory,5,10,3,Medium,1
S3647,18,Other,Medium,None,Nuclear,Yes,1.74,Low,3,62,4,No,93,10,88,66,12.1,26,2,Kinesthetic,1,8,2,Low,1
S3648,19,Female,Low,Primary,Guardian,Yes,3.19,Low,3,60,3,No,92,9,39,32,15.7,19,2,Visual,3,2,0,High,0
S3649,25,Male,Low,Postgraduate,Joint,No,3.98,Medium,1,100,6,Yes,94,6,43,28,6.3,9,1,Mixed,1,8,4,High,0
S3650,24,Male,High,Secondary,Nuclear,No,2.99,Low,4,118,3,No,51,9,33,54,17.5,14,2,Visual,4,4,2,Low,1
S3651,18,Male,High,None,Nuclear,No,1.51,Medium,3,113,6,No,49,3,88,79,14.4,8,9,Visual,1,8,1,Medium,1
S3652,17,Male,Low,Secondary,Joint,No,3.76,High,5,66,7,No,86,4,73,46,2.9,29,4,Mixed,4,2,2,Medium,0
S3653,25,Female,Low,Postgraduate,Nuclear,Yes,3.45,Low,5,26,3,Yes,71,9,86,62,9.0,11,5,Mixed,5,5,4,High,0
S3654,22,Female,High,Graduate,Joint,No,3.24,Low,4,118,7,Yes,80,3,83,24,16.7,5,2,Visual,2,9,0,Low,0
S3655,23,Female,High,None,Joint,No,3.72,Medium,1,65,3,No,72,7,62,64,12.1,10,3,Visual,2,0,1,Low,0
S3656,18,Female,Low,Graduate,Single Parent,No,2.25,Low,5,21,4,No,60,7,48,58,8.1,26,6,Kinesthetic,3,1,2,Medium,0
S3657,20,Male,Low,Secondary,Nuclear,No,2.07,Low,5,108,7,No,64,9,50,32,12.2,4,8,Mixed,3,3,4,Medium,0
S3658,18,Male,Medium,Postgraduate,Joint,Yes,3.92,Medium,5,90,4,No,49,6,87,58,15.2,4,2,Auditory,3,7,5,Low,1
S3659,20,Female,Medium,Postgraduate,Joint,Yes,3.94,High,3,59,5,No,84,4,66,66,13.9,2,2,Visual,2,2,4,Low,0
S3660,23,Male,Low,Graduate,Nuclear,Yes,2.74,Medium,0,63,7,No,40,9,68,71,10.0,17,6,Auditory,2,9,4,High,1
S3661,19,Female,High,Graduate,Nuclear,No,3.06,Low,5,51,4,Yes,49,0,84,37,12.6,24,3,Visual,4,6,1,Medium,1
S3662,24,Male,Medium,Secondary,Nuclear,No,2.01,Low,4,63,5,Yes,93,1,33,58,10.8,5,5,Auditory,5,9,1,Medium,0
S3663,21,Female,Low,Secondary,Single Parent,No,1.94,Medium,0,59,4,Yes,56,9,69,75,12.9,26,1,Mixed,5,4,5,Low,1
S3664,19,Male,Low,Secondary,Joint,Yes,1.7,High,2,31,4,No,51,7,63,51,14.1,24,10,Auditory,3,5,5,Low,1
S3665,22,Other,High,Graduate,Nuclear,No,2.14,Medium,3,104,3,No,68,5,89,24,10.6,21,9,Kinesthetic,2,2,3,Medium,0
S3666,18,Female,Low,Secondary,Joint,Yes,1.9,Low,0,78,6,No,91,10,48,54,18.8,7,1,Visual,5,1,5,Medium,1
S3667,21,Male,High,Secondary,Single Parent,No,3.94,Medium,4,98,7,No,92,3,56,82,10.8,11,1,Visual,1,5,5,High,0
S3668,25,Male,Medium,Graduate,Nuclear,No,2.21,Low,0,35,6,No,53,1,56,21,9.3,25,3,Visual,2,1,5,Low,1
S3669,23,Male,High,Secondary,Nuclear,No,2.77,Low,2,21,3,No,90,9,52,73,9.3,26,5,Auditory,2,0,0,Low,0
S3670,22,Other,Medium,Graduate,Nuclear,Yes,1.63,High,5,111,4,Yes,75,2,95,55,15.8,4,4,Auditory,5,5,5,Low,0
S3671,17,Male,Medium,Secondary,Single Parent,No,3.5,High,5,90,3,Yes,69,7,90,91,14.3,27,2,Mixed,1,5,1,High,0
S3672,17,Male,Low,Primary,Nuclear,No,3.32,High,1,63,7,Yes,55,5,71,88,15.6,5,6,Kinesthetic,5,3,0,Low,0
S3673,18,Female,Low,Postgraduate,Nuclear,No,1.53,Low,2,35,4,Yes,77,0,49,78,17.5,5,4,Auditory,4,7,3,High,1
S3674,23,Female,Low,Secondary,Nuclear,Yes,2.08,Medium,0,93,5,Yes,80,8,67,75,9.3,1,9,Visual,2,6,0,Medium,0
S3675,20,Female,High,Secondary,Nuclear,No,3.46,High,3,114,5,Yes,65,7,79,49,12.3,6,7,Visual,4,7,0,Medium,0
S3676,20,Male,Low,Secondary,Joint,Yes,2.3,Medium,0,25,3,Yes,51,9,90,54,12.0,28,9,Visual,2,8,3,Medium,0
S3677,17,Male,High,Graduate,Guardian,No,3.8,Low,2,107,7,Yes,51,5,54,50,7.2,23,4,Visual,1,8,3,Medium,0
S3678,19,Male,High,None,Guardian,No,2.84,Low,3,104,3,Yes,47,5,46,71,4.6,28,7,Kinesthetic,3,0,1,Medium,0
S3679,22,Female,High,None,Nuclear,Yes,2.37,Low,0,31,5,Yes,50,10,80,95,13.6,17,2,Visual,4,9,2,Medium,1
S3680,19,Male,Medium,Graduate,Nuclear,No,3.53,Medium,5,27,3,No,97,4,38,35,14.1,27,9,Kinesthetic,5,9,1,High,0
S3681,18,Female,Low,Graduate,Joint,Yes,2.1,Medium,3,101,7,Yes,94,9,47,58,17.4,23,7,Mixed,5,10,3,Low,0
S3682,21,Male,High,Primary,Nuclear,No,3.44,Low,1,62,6,No,70,7,98,95,3.5,29,7,Kinesthetic,2,0,2,High,0
S3683,22,Female,Low,Secondary,Guardian,Yes,3.04,Medium,1,46,4,Yes,67,4,60,63,17.1,29,10,Mixed,4,2,0,Medium,0
S3684,24,Male,Medium,Graduate,Nuclear,No,2.82,Medium,3,58,5,Yes,64,3,52,99,3.6,8,5,Mixed,1,1,5,Low,0
S3685,17,Male,High,Secondary,Joint,No,3.42,High,4,117,7,No,59,5,96,85,3.9,7,4,Mixed,3,8,5,Medium,0
S3686,25,Male,Low,Graduate,Nuclear,No,2.89,Low,4,91,6,Yes,82,5,100,26,5.2,22,8,Mixed,5,8,4,Medium,0
S3687,24,Male,Low,Postgraduate,Nuclear,No,1.75,Medium,5,105,3,No,84,4,71,80,7.2,10,3,Visual,4,5,5,Medium,1
S3688,19,Female,High,Graduate,Nuclear,No,3.27,Medium,4,110,6,Yes,69,0,59,34,9.6,28,1,Visual,5,7,2,Medium,0
S3689,25,Female,Medium,Postgraduate,Nuclear,No,3.92,High,3,91,3,No,44,8,60,36,12.1,20,7,Visual,3,6,2,Low,0
S3690,24,Female,Medium,Secondary,Single Parent,No,1.98,Medium,4,84,5,No,91,10,30,53,14.7,28,1,Mixed,3,6,4,High,1
S3691,17,Female,Medium,Postgraduate,Nuclear,No,2.05,Medium,0,76,4,No,92,4,45,20,1.8,19,6,Visual,2,2,0,Medium,0
S3692,20,Male,Medium,Secondary,Nuclear,No,3.56,Low,5,24,3,No,83,10,47,53,12.9,6,8,Visual,1,1,3,Medium,0
S3693,20,Female,Medium,Secondary,Nuclear,Yes,1.56,Medium,0,36,3,No,45,10,72,54,17.0,1,1,Kinesthetic,5,7,5,Low,1
S3694,25,Female,Medium,Graduate,Joint,No,2.84,High,5,101,6,No,42,3,36,85,11.1,9,4,Visual,5,6,0,High,1
S3695,20,Female,Low,Secondary,Nuclear,No,2.89,High,0,51,5,No,49,10,53,79,15.8,7,6,Kinesthetic,3,4,3,Medium,0
S3696,18,Male,Low,Secondary,Nuclear,No,2.49,Medium,3,81,6,No,58,2,100,50,16.5,25,8,Auditory,1,4,1,High,1
S3697,24,Male,Medium,Graduate,Nuclear,No,1.74,Medium,3,39,3,No,89,9,74,98,4.4,26,5,Mixed,4,0,2,Low,0
S3698,17,Male,Medium,Secondary,Nuclear,Yes,3.84,Medium,0,84,7,No,99,0,77,32,4.4,24,1,Auditory,3,7,2,High,0
S3699,25,Male,Low,Secondary,Nuclear,Yes,2.81,High,1,115,5,Yes,87,0,60,98,17.9,29,2,Kinesthetic,5,2,2,Medium,0
S3700,20,Female,Low,Secondary,Nuclear,No,3.24,Low,4,101,5,No,77,0,74,59,10.5,26,1,Mixed,4,7,4,Medium,0
S3701,17,Female,Low,Graduate,Nuclear,No,3.05,High,1,67,6,No,68,7,58,21,2.0,28,10,Visual,2,9,1,Medium,0
S3702,25,Female,High,Primary,Nuclear,No,1.84,Medium,1,115,3,No,79,8,46,97,13.7,3,8,Auditory,1,2,5,Low,0
S3703,22,Female,Medium,Postgraduate,Nuclear,Yes,1.76,Medium,2,96,4,Yes,82,1,81,99,12.5,29,9,Kinesthetic,1,0,3,High,1
S3704,19,Male,Medium,Postgraduate,Nuclear,No,1.97,Medium,1,51,3,No,97,10,73,25,10.9,6,10,Auditory,4,0,1,Medium,0
S3705,25,Male,Medium,None,Single Parent,Yes,2.87,Low,0,114,3,No,87,6,72,50,5.8,6,5,Visual,5,0,3,Medium,0
S3706,23,Male,Medium,Graduate,Joint,No,3.4,Low,5,20,5,No,49,6,85,37,6.0,18,2,Visual,3,6,4,Medium,1
S3707,18,Female,Medium,Primary,Nuclear,Yes,3.15,Medium,1,105,6,No,42,9,59,95,10.6,27,7,Auditory,5,7,4,Medium,0
S3708,24,Male,Low,Primary,Joint,No,1.9,High,2,20,7,No,57,8,42,56,17.5,25,5,Visual,3,1,3,Medium,1
S3709,19,Female,Low,Primary,Single Parent,No,2.42,High,2,117,5,No,73,6,68,74,4.9,16,1,Visual,2,4,1,Medium,0
S3710,19,Male,Low,Postgraduate,Joint,Yes,3.95,Medium,4,87,4,No,86,3,44,34,15.6,1,7,Kinesthetic,3,5,4,Medium,0
S3711,22,Male,Medium,Primary,Single Parent,No,1.8,Medium,1,99,5,No,83,8,68,40,16.9,20,3,Kinesthetic,3,2,2,Low,1
S3712,20,Female,Low,Primary,Single Parent,Yes,2.55,Medium,5,36,3,No,51,7,59,42,4.5,29,5,Auditory,2,3,2,Low,0
S3713,22,Male,Medium,Postgraduate,Nuclear,Yes,2.57,Medium,3,73,7,No,90,8,89,42,17.9,26,8,Mixed,5,2,3,Medium,0
S3714,22,Female,Medium,Postgraduate,Nuclear,No,1.68,Medium,4,90,3,No,99,7,63,51,1.2,12,1,Kinesthetic,4,3,3,Medium,1
S3715,22,Female,Low,Secondary,Single Parent,Yes,3.14,Low,5,30,6,Yes,47,0,78,48,13.1,7,3,Kinesthetic,4,9,5,Medium,1
S3716,21,Male,Medium,Secondary,Joint,No,3.68,High,4,86,5,No,48,3,92,80,12.4,19,10,Mixed,4,9,2,Low,0
S3717,19,Female,High,Graduate,Single Parent,Yes,3.37,Medium,5,93,7,No,80,6,80,33,8.4,29,8,Kinesthetic,4,8,3,High,0
S3718,21,Female,Low,Graduate,Single Parent,Yes,3.83,Medium,3,83,6,No,42,9,42,84,15.5,29,8,Auditory,2,4,4,Medium,0
S3719,17,Male,Medium,Secondary,Nuclear,Yes,3.34,High,3,88,3,Yes,90,3,39,87,17.6,26,6,Mixed,2,8,0,Low,0
S3720,25,Male,Medium,Postgraduate,Single Parent,Yes,3.27,Medium,0,76,6,Yes,55,0,76,37,6.1,18,7,Visual,4,10,4,High,1
S3721,23,Female,Low,Postgraduate,Joint,Yes,2.2,High,0,67,7,No,54,7,62,26,2.1,14,7,Visual,3,8,3,Low,0
S3722,24,Male,Medium,None,Joint,No,3.77,Low,1,53,7,Yes,51,6,91,45,18.3,27,9,Visual,3,1,0,Low,0
S3723,25,Female,Low,Primary,Joint,No,2.27,High,5,93,5,No,95,2,69,66,15.8,23,3,Kinesthetic,2,6,2,Low,0
S3724,25,Female,Low,Secondary,Nuclear,No,3.52,Medium,4,119,4,No,44,1,90,48,5.4,13,4,Auditory,3,5,5,Medium,0
S3725,17,Female,Medium,None,Joint,No,3.21,Low,1,25,4,Yes,55,3,93,47,1.4,25,6,Kinesthetic,3,0,4,Low,0
S3726,17,Male,Medium,Postgraduate,Nuclear,No,3.96,High,5,70,5,Yes,67,3,72,68,4.3,18,1,Visual,1,2,2,Low,0
S3727,20,Male,High,Postgraduate,Single Parent,Yes,2.98,High,4,27,6,No,89,5,32,20,14.2,8,5,Visual,2,9,4,Low,0
S3728,21,Female,Medium,Graduate,Guardian,No,3.81,Medium,4,117,4,Yes,91,8,92,40,7.4,24,3,Auditory,4,7,0,Medium,0
S3729,18,Male,High,Secondary,Nuclear,No,2.53,High,0,92,3,No,93,2,100,82,17.5,23,4,Kinesthetic,2,0,2,Low,0
S3730,19,Male,Low,Secondary,Nuclear,No,3.82,High,4,69,3,No,50,6,64,26,11.2,24,1,Mixed,2,0,3,Medium,1
S3731,22,Male,High,Graduate,Guardian,No,2.1,Medium,1,88,6,No,90,10,99,99,1.3,23,3,Visual,4,1,2,Medium,0
S3732,17,Female,Low,Primary,Joint,Yes,2.93,High,0,59,6,No,87,10,44,64,8.5,24,3,Mixed,4,2,3,High,0
S3733,22,Male,Medium,None,Nuclear,Yes,3.96,Low,4,26,7,Yes,49,10,54,43,19.4,21,3,Kinesthetic,5,5,2,Medium,1
S3734,23,Female,High,Postgraduate,Nuclear,No,2.75,Medium,3,110,7,Yes,62,8,98,98,12.6,26,10,Mixed,1,8,4,High,0
S3735,24,Female,Medium,Secondary,Single Parent,Yes,3.07,Medium,2,35,7,No,45,4,45,85,12.2,2,7,Visual,4,6,5,Low,0
S3736,18,Female,Low,Postgraduate,Joint,No,3.87,Medium,2,85,6,No,92,2,37,52,18.3,19,7,Visual,2,9,0,High,0
S3737,20,Female,Medium,Graduate,Single Parent,Yes,3.38,Low,2,108,3,Yes,49,7,48,29,15.9,3,10,Auditory,3,6,2,Medium,0
S3738,21,Male,Medium,Graduate,Nuclear,Yes,2.17,Medium,2,104,4,Yes,66,8,39,30,19.5,21,9,Visual,3,5,4,Medium,0
S3739,19,Female,Medium,Secondary,Nuclear,No,2.39,Low,2,60,4,No,97,10,33,65,10.1,25,10,Mixed,4,3,1,High,0
S3740,17,Male,Low,Graduate,Joint,No,1.52,Medium,4,73,7,No,63,10,51,60,12.8,11,2,Kinesthetic,3,8,1,Medium,1
S3741,22,Male,Medium,Graduate,Single Parent,Yes,2.09,Medium,0,111,3,Yes,87,2,88,58,12.8,9,6,Mixed,1,0,0,Medium,0
S3742,19,Female,Medium,Secondary,Nuclear,Yes,1.71,Low,5,22,7,Yes,91,10,47,42,12.6,9,2,Visual,2,2,5,High,1
S3743,24,Female,Medium,None,Nuclear,Yes,3.44,Medium,0,60,6,No,84,7,69,49,5.2,6,2,Mixed,5,9,5,Medium,0
S3744,17,Male,Low,Postgraduate,Guardian,Yes,3.55,Medium,5,93,4,No,75,3,76,96,5.9,5,2,Auditory,3,0,4,High,0
S3745,18,Male,Low,Secondary,Single Parent,No,1.59,Medium,2,36,3,No,47,2,84,77,9.2,11,7,Kinesthetic,3,7,1,Medium,1
S3746,24,Male,Low,Postgraduate,Nuclear,Yes,2.85,High,2,25,4,No,91,7,94,66,18.1,24,4,Kinesthetic,5,1,4,Medium,0
S3747,25,Male,High,Graduate,Nuclear,No,3.66,Medium,4,60,3,No,57,10,93,55,2.5,14,6,Visual,3,8,0,Medium,0
S3748,24,Female,Medium,Secondary,Joint,No,2.61,Medium,3,25,5,No,80,2,99,55,1.8,23,1,Mixed,4,4,4,Low,0
S3749,24,Female,Medium,None,Nuclear,Yes,2.8,Medium,5,60,7,Yes,81,0,41,45,5.4,24,10,Mixed,2,0,4,Low,0
S3750,25,Female,Low,Secondary,Joint,Yes,1.75,High,1,97,3,Yes,47,2,35,86,12.7,21,8,Auditory,2,3,3,Medium,1
S3751,22,Female,Low,Primary,Joint,Yes,3.7,Low,5,103,6,No,90,5,100,64,17.7,6,7,Auditory,4,0,2,Low,0
S3752,24,Male,High,Secondary,Joint,No,3.47,Low,1,117,5,No,50,10,78,48,2.1,27,3,Mixed,2,2,1,Low,1
S3753,17,Male,Low,None,Nuclear,No,2.74,Medium,5,58,7,No,46,8,82,21,6.8,17,4,Mixed,1,9,5,Low,0
S3754,18,Male,Low,Secondary,Nuclear,Yes,3.78,Medium,2,89,6,No,93,5,79,37,9.0,22,10,Visual,5,10,3,Medium,0
S3755,20,Female,Medium,Graduate,Nuclear,Yes,3.62,High,0,27,5,No,91,7,36,70,12.7,23,9,Auditory,3,3,5,Medium,0
S3756,25,Male,High,Primary,Joint,No,2.5,Low,2,35,6,No,42,4,56,83,8.6,14,3,Mixed,2,5,5,Low,1
S3757,24,Male,Low,None,Nuclear,No,2.02,Medium,4,96,3,No,84,3,78,48,14.7,11,6,Mixed,5,1,3,Medium,0
S3758,22,Male,Medium,Graduate,Single Parent,No,1.86,Low,5,90,4,No,91,4,91,32,15.3,6,3,Kinesthetic,4,3,4,Medium,1
S3759,20,Male,High,Secondary,Nuclear,No,2.07,Medium,5,108,6,No,62,0,85,54,11.0,18,8,Kinesthetic,1,0,2,Low,0
S3760,25,Male,Medium,Primary,Joint,Yes,1.59,Medium,4,69,5,No,74,2,52,72,11.6,19,5,Mixed,4,8,0,Low,0
S3761,20,Female,High,None,Single Parent,No,1.6,Medium,0,98,5,No,44,8,35,94,2.4,2,2,Visual,2,4,5,High,1
S3762,17,Male,Medium,Secondary,Nuclear,No,2.07,Medium,5,99,6,No,46,7,64,42,18.7,28,2,Mixed,2,4,1,High,1
S3763,24,Female,High,Secondary,Nuclear,No,3.95,Medium,5,117,6,No,83,3,82,95,6.3,11,2,Visual,3,4,0,High,0
S3764,20,Male,Medium,Graduate,Joint,No,3.18,High,2,21,4,Yes,54,8,81,79,16.4,13,2,Visual,2,0,4,Medium,1
S3765,21,Male,High,Graduate,Single Parent,No,2.27,Medium,2,59,7,Yes,72,0,66,44,9.3,6,4,Kinesthetic,1,7,4,Medium,0
S3766,20,Male,Low,Postgraduate,Joint,No,2.67,Low,3,57,4,No,92,3,61,50,8.5,10,1,Mixed,4,9,5,Low,0
S3767,17,Male,Medium,None,Nuclear,Yes,1.61,High,1,56,7,Yes,90,4,99,96,15.8,7,4,Kinesthetic,2,9,5,Low,0
S3768,21,Female,Medium,Primary,Nuclear,Yes,2.77,Medium,2,98,6,Yes,56,2,60,33,13.8,10,3,Visual,5,2,2,Medium,1
S3769,19,Male,Medium,Secondary,Single Parent,Yes,3.27,Medium,1,50,5,No,74,0,34,29,18.6,6,6,Visual,5,8,2,Low,0
S3770,19,Female,Medium,Primary,Joint,Yes,3.91,High,3,68,6,No,70,5,49,47,3.7,12,3,Mixed,5,2,1,High,0
S3771,25,Female,Low,Primary,Nuclear,Yes,2.61,High,1,66,3,No,66,9,59,33,13.2,21,3,Kinesthetic,2,10,1,High,0
S3772,24,Male,Low,Primary,Nuclear,No,3.1,High,0,24,6,No,51,9,44,58,17.5,8,6,Visual,2,0,2,Low,0
S3773,21,Other,Medium,Primary,Joint,Yes,2.65,Low,3,119,4,Yes,53,4,30,83,16.2,3,10,Visual,2,7,1,Medium,0
S3774,23,Male,High,Secondary,Single Parent,No,2.98,Low,2,103,6,No,79,0,69,21,12.5,11,5,Auditory,1,6,2,Medium,0
S3775,24,Female,Medium,Secondary,Joint,No,3.84,Low,4,67,5,No,93,5,77,28,18.8,29,5,Visual,4,6,5,Low,0
S3776,19,Female,Medium,None,Joint,Yes,1.69,Medium,4,22,3,Yes,44,10,52,60,20.0,5,8,Auditory,3,4,3,Medium,1
S3777,24,Male,Low,Primary,Nuclear,No,2.23,Low,0,108,6,No,97,10,42,32,13.5,22,2,Visual,3,7,2,Medium,0
S3778,20,Male,Low,Graduate,Nuclear,No,1.87,Medium,1,57,6,No,64,1,55,70,3.8,6,9,Visual,5,0,5,Medium,0
S3779,22,Female,Low,None,Nuclear,No,2.63,Medium,4,28,7,No,57,7,42,25,9.8,1,5,Visual,3,8,0,High,1
S3780,21,Male,Low,Secondary,Nuclear,Yes,2.28,Low,1,30,5,No,82,5,52,55,11.9,23,10,Auditory,4,7,1,High,0
S3781,21,Male,High,Secondary,Nuclear,No,1.59,Low,4,74,7,No,67,2,69,28,18.9,16,2,Auditory,1,10,2,Medium,1
S3782,18,Female,Low,Graduate,Nuclear,No,3.22,Medium,3,49,7,No,42,2,93,35,19.2,2,6,Mixed,2,8,2,Medium,0
S3783,23,Male,Medium,Secondary,Single Parent,Yes,1.64,High,2,71,7,Yes,81,3,33,31,8.0,8,2,Visual,3,3,0,Medium,1
S3784,24,Female,Low,Secondary,Nuclear,No,1.83,Medium,1,66,3,Yes,62,8,71,82,10.3,17,8,Auditory,3,4,1,Medium,0
S3785,22,Male,High,Secondary,Nuclear,No,2.13,Low,0,41,6,No,48,10,31,37,4.8,16,8,Visual,3,6,5,Medium,0
S3786,22,Male,Low,Secondary,Nuclear,No,3.81,Medium,5,78,7,No,41,1,78,66,2.2,15,8,Mixed,1,4,5,Low,0
S3787,17,Male,Medium,Graduate,Nuclear,No,1.75,Medium,0,104,7,Yes,63,8,51,45,17.4,28,7,Auditory,1,2,5,Medium,0
S3788,18,Female,Low,Secondary,Nuclear,No,3.32,Medium,2,90,7,No,46,7,48,81,3.1,15,10,Visual,1,7,1,High,1
S3789,25,Male,Low,Graduate,Nuclear,No,3.9,Low,3,69,3,No,53,3,34,72,3.2,22,8,Visual,1,5,3,Medium,0
S3790,21,Female,Low,Primary,Nuclear,Yes,2.04,Low,4,70,3,Yes,81,7,61,55,5.3,22,7,Mixed,4,7,2,Medium,0
S3791,22,Male,Low,Secondary,Nuclear,Yes,1.97,Medium,2,104,7,No,62,10,48,55,2.8,12,2,Auditory,5,6,2,Low,1
S3792,20,Male,Medium,Primary,Nuclear,Yes,3.35,Medium,4,73,4,No,65,9,45,73,6.2,28,7,Mixed,4,0,3,Low,0
S3793,18,Male,Low,None,Nuclear,No,1.55,Low,4,84,4,No,86,8,89,33,7.3,29,7,Mixed,4,0,2,Medium,0
S3794,20,Other,Medium,Secondary,Nuclear,No,3.38,Low,1,53,3,No,77,9,62,83,7.3,27,5,Mixed,2,7,3,Medium,0
S3795,18,Female,High,Graduate,Joint,Yes,2.15,Medium,0,95,4,Yes,58,9,81,96,3.3,25,3,Auditory,2,4,4,Low,1
S3796,23,Other,High,Primary,Nuclear,Yes,2.15,High,4,84,3,No,59,10,96,90,13.7,23,1,Mixed,3,5,0,Low,1
S3797,18,Male,Low,Postgraduate,Joint,Yes,2.33,Low,2,44,5,No,50,6,53,38,13.2,24,3,Visual,3,1,1,Medium,1
S3798,17,Male,Low,None,Nuclear,Yes,2.0,Low,3,23,5,Yes,88,8,87,69,11.0,18,10,Visual,1,0,4,Low,0
S3799,18,Female,Medium,Postgraduate,Nuclear,Yes,3.04,Medium,1,114,6,No,86,3,56,63,2.5,29,8,Mixed,2,5,2,High,0
S3800,20,Female,Medium,Graduate,Single Parent,No,3.77,Medium,1,87,4,No,57,5,97,51,19.5,16,1,Auditory,2,4,2,Low,1
S3801,25,Female,Medium,Secondary,Nuclear,Yes,3.12,Medium,3,100,7,Yes,95,1,82,28,13.1,10,9,Auditory,5,9,3,Medium,0
S3802,23,Female,Medium,None,Single Parent,Yes,2.03,Medium,2,67,3,Yes,53,9,45,74,8.0,15,3,Kinesthetic,5,10,3,Medium,1
S3803,19,Male,High,Primary,Nuclear,No,1.92,Medium,0,115,4,No,57,3,83,83,8.4,20,10,Mixed,3,3,0,Low,1
S3804,22,Female,High,Secondary,Single Parent,Yes,3.38,Low,4,40,5,No,50,3,33,76,19.6,20,5,Mixed,2,1,2,Medium,0
S3805,18,Male,Medium,Postgraduate,Nuclear,Yes,3.89,Medium,4,59,7,No,46,10,97,20,15.3,16,7,Visual,5,0,4,Medium,0
S3806,19,Female,High,Primary,Nuclear,No,2.4,Medium,4,42,4,Yes,92,5,68,20,14.0,19,5,Visual,5,9,0,High,0
S3807,17,Female,Low,Secondary,Nuclear,No,3.86,Low,4,64,3,No,50,4,81,34,18.2,6,1,Kinesthetic,3,9,1,Medium,1
S3808,19,Male,Low,Graduate,Nuclear,No,3.15,Medium,4,42,5,Yes,80,3,38,67,12.2,22,10,Visual,5,3,3,Low,0
S3809,21,Male,Medium,Secondary,Guardian,No,1.98,High,4,43,7,No,76,8,53,61,20.0,16,7,Kinesthetic,5,9,5,High,1
S3810,17,Male,Low,None,Nuclear,No,2.57,High,1,56,3,No,90,6,80,43,3.0,21,1,Visual,2,9,3,Medium,0
S3811,22,Male,Medium,Graduate,Joint,No,2.23,High,0,43,3,No,62,4,87,38,11.4,17,4,Visual,4,5,5,High,0
S3812,18,Male,High,Primary,Single Parent,No,4.0,Low,0,110,7,No,89,4,30,41,5.1,2,7,Auditory,1,0,1,Medium,0
S3813,22,Female,Medium,Secondary,Joint,No,2.41,Low,3,67,6,No,67,0,94,69,12.6,21,2,Mixed,4,3,3,Medium,0
S3814,24,Male,High,Secondary,Joint,No,2.34,Medium,3,24,3,Yes,63,3,63,71,12.3,7,8,Kinesthetic,2,0,0,High,0
S3815,20,Male,Low,Secondary,Joint,No,3.97,Medium,4,64,5,No,78,8,86,80,2.1,22,6,Kinesthetic,1,8,2,Low,0
S3816,18,Male,Low,Graduate,Nuclear,No,3.68,Medium,4,102,5,No,56,8,90,22,7.9,6,2,Auditory,5,10,4,Low,1
S3817,23,Female,High,Graduate,Single Parent,Yes,3.64,Medium,0,92,6,Yes,95,6,65,52,5.1,10,4,Mixed,3,8,5,Medium,0
S3818,23,Male,Low,Graduate,Nuclear,No,1.97,Medium,2,30,3,No,65,6,79,99,18.5,8,1,Visual,2,6,5,Low,1
S3819,18,Female,Low,Primary,Nuclear,Yes,3.1,High,1,71,7,No,56,6,48,76,16.4,13,4,Mixed,3,2,3,High,1
S3820,21,Female,Medium,Graduate,Guardian,No,3.85,High,0,90,4,Yes,76,7,96,66,7.6,16,9,Visual,5,0,1,Medium,0
S3821,23,Female,Medium,Graduate,Joint,Yes,2.04,Low,3,46,5,Yes,94,9,60,73,1.9,8,4,Kinesthetic,2,8,3,Low,0
S3822,17,Male,Low,Primary,Single Parent,No,3.37,Medium,0,33,6,No,55,0,40,61,8.1,6,8,Kinesthetic,2,10,0,Medium,0
S3823,21,Other,Low,None,Nuclear,Yes,2.48,Medium,3,106,7,No,45,6,44,80,7.9,18,1,Visual,5,1,4,Medium,1
S3824,18,Female,High,Postgraduate,Nuclear,No,2.88,Medium,0,24,4,No,42,8,87,79,19.5,4,6,Mixed,2,4,3,Medium,0
S3825,22,Female,Medium,Secondary,Joint,No,2.22,Low,5,89,5,Yes,84,3,60,33,15.8,5,6,Auditory,3,6,1,Medium,0
S3826,17,Female,Medium,Postgraduate,Nuclear,No,3.66,Medium,2,62,5,No,48,2,57,40,19.7,23,10,Kinesthetic,5,4,5,High,1
S3827,24,Female,High,Secondary,Nuclear,No,2.19,Medium,3,89,5,Yes,61,10,54,89,4.0,20,2,Kinesthetic,4,10,1,Low,0
S3828,23,Female,Medium,Postgraduate,Single Parent,No,1.93,Low,0,51,7,No,94,7,42,68,5.3,1,4,Auditory,4,5,0,Low,0
S3829,19,Female,High,Secondary,Single Parent,No,2.37,High,2,41,7,Yes,76,3,95,83,17.6,22,8,Kinesthetic,5,10,0,Low,0
S3830,19,Male,Low,Graduate,Nuclear,No,2.89,Medium,1,51,4,No,42,4,82,40,18.1,17,9,Kinesthetic,2,4,2,High,1
S3831,23,Female,High,Primary,Nuclear,Yes,2.35,Low,4,72,5,No,95,6,99,30,12.7,24,10,Mixed,1,10,0,Medium,0
S3832,20,Male,Low,Secondary,Nuclear,Yes,1.64,Medium,3,59,5,No,56,5,57,88,17.6,29,8,Kinesthetic,1,0,3,Low,1
S3833,19,Female,High,Postgraduate,Joint,Yes,2.7,Medium,3,61,4,No,78,2,62,26,4.5,14,8,Kinesthetic,4,4,4,Low,0
S3834,18,Male,Low,Secondary,Nuclear,No,2.85,High,0,50,4,No,72,7,35,43,15.1,25,10,Kinesthetic,2,7,5,Medium,0
S3835,21,Female,Low,Secondary,Nuclear,No,2.0,Medium,3,95,7,Yes,86,7,69,94,15.2,28,6,Auditory,5,3,4,Medium,0
S3836,21,Male,Medium,Graduate,Nuclear,No,2.36,High,0,57,4,Yes,93,4,95,29,11.6,10,3,Auditory,2,8,1,Low,0
S3837,22,Female,Low,Secondary,Nuclear,No,2.78,High,2,45,5,No,52,6,57,24,4.9,19,8,Visual,2,1,3,High,1
S3838,19,Male,High,Graduate,Nuclear,No,2.95,Low,5,32,6,Yes,59,5,90,100,11.1,15,5,Kinesthetic,1,10,3,Medium,0
S3839,19,Male,Low,Graduate,Nuclear,Yes,3.72,High,5,46,5,No,93,2,41,61,18.4,23,7,Visual,2,2,4,Low,0
S3840,23,Male,Medium,Secondary,Joint,Yes,2.02,Low,4,63,6,Yes,43,4,79,73,6.0,8,1,Visual,3,10,4,Medium,1
S3841,22,Female,Low,Secondary,Nuclear,No,3.26,Medium,2,70,4,Yes,56,7,43,39,13.3,1,3,Visual,5,0,3,Medium,1
S3842,21,Male,Low,Graduate,Nuclear,Yes,2.8,Low,4,48,6,Yes,48,8,91,64,10.5,14,6,Auditory,5,10,4,Medium,0
S3843,17,Other,Low,None,Nuclear,Yes,2.72,Low,5,117,3,No,54,7,56,66,8.6,25,7,Auditory,2,8,3,Low,0
S3844,17,Female,Low,Secondary,Nuclear,No,3.99,Medium,0,49,4,No,62,9,74,63,2.8,23,3,Mixed,5,6,1,Low,0
S3845,23,Male,Medium,Secondary,Nuclear,No,2.53,Medium,1,81,7,No,50,10,42,87,12.0,7,9,Mixed,2,3,5,High,1
S3846,21,Female,Low,Secondary,Nuclear,No,3.66,Medium,4,29,3,Yes,71,1,92,57,9.4,26,10,Visual,4,7,5,Medium,0
S3847,21,Female,Medium,Secondary,Nuclear,No,2.58,Medium,4,24,4,No,98,6,85,76,14.6,10,7,Visual,4,8,3,Low,0
S3848,17,Female,Low,None,Joint,Yes,1.57,Medium,2,73,3,Yes,41,10,94,52,9.4,8,8,Visual,3,7,4,Low,1
S3849,17,Female,High,Postgraduate,Joint,Yes,2.24,Medium,5,43,6,No,80,0,64,21,7.7,23,5,Auditory,2,5,5,Medium,0
S3850,21,Female,Low,Secondary,Nuclear,No,1.81,Medium,5,96,3,No,65,1,38,72,18.0,13,3,Kinesthetic,2,9,0,Medium,1
S3851,19,Other,High,Secondary,Single Parent,No,2.73,Medium,4,57,5,Yes,92,0,42,49,18.1,4,4,Mixed,1,1,3,High,0
S3852,24,Male,Low,Graduate,Joint,No,3.38,Low,4,78,3,No,56,6,58,40,3.1,24,2,Visual,4,0,4,Low,1
S3853,20,Female,Low,Graduate,Joint,No,3.25,Medium,2,44,5,No,65,2,63,67,16.0,10,6,Kinesthetic,2,1,2,Medium,0
S3854,21,Male,Medium,Primary,Joint,No,2.01,Medium,5,56,4,No,76,8,32,44,1.9,14,8,Mixed,5,5,3,Medium,0
S3855,17,Female,Medium,Graduate,Nuclear,Yes,2.81,Low,5,111,7,No,59,4,92,74,15.6,1,10,Mixed,4,5,5,Low,0
S3856,22,Male,Medium,Postgraduate,Single Parent,Yes,3.78,High,1,114,4,No,82,2,66,93,17.3,6,10,Kinesthetic,3,4,1,Low,0
S3857,23,Male,Medium,Postgraduate,Nuclear,Yes,1.93,High,5,47,3,Yes,41,0,34,84,14.8,19,7,Mixed,4,6,2,Medium,1
S3858,20,Female,Medium,Graduate,Joint,No,1.61,Medium,3,89,6,Yes,92,3,92,50,10.1,5,5,Auditory,4,0,2,High,1
S3859,23,Male,Medium,Secondary,Joint,No,1.94,Low,2,79,5,No,72,6,45,60,4.8,8,10,Kinesthetic,2,5,2,Medium,0
S3860,17,Female,Medium,Postgraduate,Joint,No,2.62,Medium,3,109,5,Yes,72,10,89,28,18.9,6,5,Kinesthetic,4,9,5,Low,0
S3861,21,Other,Medium,Primary,Nuclear,Yes,2.54,High,5,76,4,No,53,8,91,25,8.0,8,1,Kinesthetic,4,5,4,Low,1
S3862,18,Male,Medium,None,Guardian,Yes,3.35,Low,3,85,3,Yes,84,6,66,76,9.2,1,2,Visual,4,0,0,Medium,0
S3863,17,Male,Low,Postgraduate,Nuclear,No,1.66,Medium,3,114,3,Yes,64,10,42,28,18.9,21,6,Kinesthetic,4,10,4,Medium,0
S3864,25,Male,Low,Postgraduate,Single Parent,Yes,2.02,Medium,4,40,4,No,50,6,87,32,6.7,7,2,Auditory,3,5,4,Medium,1
S3865,19,Male,Low,Postgraduate,Single Parent,No,2.96,Medium,1,31,4,No,70,10,79,79,9.9,9,9,Visual,4,5,2,Medium,0
S3866,19,Male,Low,None,Single Parent,No,2.85,Low,2,56,6,No,85,2,79,36,9.3,1,3,Kinesthetic,4,0,5,High,0
S3867,24,Female,Medium,None,Nuclear,Yes,2.23,High,4,91,6,No,64,10,64,51,15.5,20,3,Kinesthetic,4,4,0,Medium,0
S3868,20,Female,Low,Primary,Joint,Yes,3.31,Low,1,94,4,Yes,58,8,68,87,1.0,7,9,Mixed,3,0,3,Medium,0
S3869,18,Female,High,None,Nuclear,No,3.23,Medium,4,119,3,No,91,3,78,63,2.4,15,1,Visual,4,4,4,Medium,0
S3870,25,Male,Medium,Graduate,Nuclear,Yes,3.0,High,3,71,4,No,71,1,83,80,15.3,9,3,Visual,2,0,2,Medium,0
S3871,23,Female,Medium,None,Nuclear,Yes,3.86,Low,2,27,6,Yes,97,2,67,83,5.6,10,5,Visual,4,8,5,Medium,0
S3872,17,Male,Low,Secondary,Guardian,No,1.93,Medium,1,61,4,Yes,71,5,71,28,18.7,10,5,Auditory,3,6,4,High,1
S3873,17,Female,Low,Graduate,Nuclear,No,1.62,Low,2,43,7,No,51,10,91,78,14.1,2,10,Mixed,1,9,2,Low,1
S3874,25,Female,Low,Primary,Nuclear,No,2.93,Low,4,55,4,Yes,67,4,60,84,9.8,28,8,Auditory,1,2,0,Medium,0
S3875,17,Female,Low,None,Nuclear,No,3.09,Medium,4,77,6,No,92,9,39,64,10.2,12,5,Mixed,3,3,4,Medium,0
S3876,17,Female,Medium,Graduate,Nuclear,Yes,3.84,Medium,4,30,7,No,73,3,31,98,1.5,18,10,Auditory,2,4,4,High,0
S3877,21,Male,Medium,Graduate,Single Parent,Yes,1.63,Medium,1,32,5,No,99,8,38,41,8.2,8,2,Mixed,3,9,2,Medium,1
S3878,18,Male,Medium,Graduate,Nuclear,Yes,2.78,High,5,118,4,Yes,40,4,52,82,10.6,22,3,Kinesthetic,3,1,0,Medium,1
S3879,17,Female,Low,Graduate,Nuclear,No,3.05,Low,3,50,4,Yes,86,8,65,85,2.6,29,2,Mixed,4,10,0,High,0
S3880,19,Female,Medium,None,Nuclear,Yes,2.42,Medium,4,42,6,No,81,2,40,93,3.5,29,2,Auditory,5,7,4,Low,0
S3881,18,Female,High,Graduate,Nuclear,Yes,3.63,Medium,4,61,4,No,99,9,71,32,6.2,27,4,Visual,3,6,0,Medium,0
S3882,18,Female,High,Primary,Nuclear,Yes,2.76,High,1,40,4,No,98,8,86,89,2.2,15,8,Visual,2,4,4,Medium,0
S3883,21,Female,Medium,Primary,Nuclear,No,3.81,Medium,1,39,7,Yes,97,8,80,97,11.9,7,10,Kinesthetic,1,9,5,Medium,0
S3884,23,Female,High,None,Nuclear,Yes,2.99,High,5,26,3,No,70,0,84,97,9.6,18,10,Auditory,2,9,4,Low,0
S3885,21,Male,Medium,Postgraduate,Nuclear,No,3.39,Low,2,79,7,No,62,3,96,43,8.2,16,9,Visual,4,2,5,High,0
S3886,18,Male,Low,Secondary,Nuclear,No,3.5,Low,0,65,6,No,83,1,39,40,19.7,2,8,Mixed,3,3,2,High,0
S3887,19,Female,Low,Secondary,Nuclear,No,2.42,Medium,2,31,4,No,67,0,35,46,16.6,6,3,Visual,1,6,2,Low,0
S3888,19,Male,High,Postgraduate,Nuclear,No,3.0,Low,2,66,6,No,96,7,100,59,14.9,16,1,Auditory,4,4,3,Medium,0
S3889,24,Male,High,None,Single Parent,No,2.17,Low,3,53,5,Yes,65,2,39,67,4.1,2,9,Auditory,1,6,1,High,0
S3890,24,Female,Low,Graduate,Joint,No,3.26,Low,4,44,3,No,79,5,77,66,9.1,22,7,Visual,2,9,4,Medium,0
S3891,23,Female,Medium,Primary,Single Parent,Yes,3.49,Low,3,77,5,No,77,8,88,28,13.1,18,1,Kinesthetic,5,7,3,Low,0
S3892,17,Female,Medium,Postgraduate,Nuclear,No,3.79,Medium,1,119,4,No,53,9,80,36,16.6,19,5,Kinesthetic,1,7,2,High,1
S3893,17,Male,High,None,Nuclear,Yes,2.8,Medium,5,51,7,Yes,80,10,82,24,1.0,24,6,Auditory,1,3,1,Medium,0
S3894,23,Female,Medium,Secondary,Nuclear,Yes,2.46,Medium,4,103,5,Yes,87,8,61,68,2.7,22,2,Kinesthetic,2,7,0,Medium,0
S3895,19,Male,Low,Graduate,Joint,No,3.62,Medium,4,56,6,No,67,8,64,23,6.6,5,7,Kinesthetic,5,7,4,Low,0
S3896,23,Female,Medium,Postgraduate,Nuclear,No,1.55,Medium,3,97,5,No,84,9,59,81,1.9,24,9,Kinesthetic,3,9,0,Medium,0
S3897,22,Female,Low,Primary,Nuclear,No,2.36,Medium,0,100,6,No,43,5,30,64,3.4,10,9,Visual,2,5,5,Medium,0
S3898,22,Female,Medium,Secondary,Joint,No,3.45,Medium,2,103,4,Yes,76,3,99,55,1.7,14,10,Auditory,2,10,4,Medium,0
S3899,17,Male,Medium,Graduate,Nuclear,No,3.7,High,5,31,5,No,87,6,43,42,3.1,4,8,Mixed,4,0,4,Medium,0
S3900,18,Male,High,None,Single Parent,No,2.08,Low,3,27,5,No,56,4,94,89,13.6,17,7,Mixed,3,3,3,Low,0
S3901,18,Male,Medium,Postgraduate,Nuclear,No,1.63,Medium,5,106,4,No,92,2,87,90,18.6,23,4,Visual,5,5,1,Low,0
S3902,25,Male,Low,Graduate,Nuclear,No,2.65,Medium,2,76,5,Yes,56,3,33,64,4.3,14,8,Mixed,3,8,0,Medium,0
S3903,17,Male,High,Graduate,Joint,Yes,1.51,Medium,2,25,3,No,69,10,94,51,18.0,18,4,Visual,5,6,1,Medium,0
S3904,18,Female,Low,Graduate,Joint,No,3.52,Medium,2,91,3,No,59,4,58,99,14.7,7,5,Mixed,2,10,5,Medium,0
S3905,24,Female,Medium,Graduate,Guardian,Yes,3.35,Medium,2,113,7,No,93,9,49,34,2.5,28,7,Kinesthetic,2,4,1,Medium,0
S3906,22,Female,High,None,Nuclear,No,1.92,Medium,0,57,4,No,67,4,99,57,19.9,4,7,Kinesthetic,5,8,4,Medium,0
S3907,25,Male,Low,Secondary,Nuclear,Yes,4.0,High,5,106,4,Yes,58,3,34,97,3.7,9,1,Auditory,5,3,1,Medium,1
S3908,25,Female,Medium,Graduate,Joint,Yes,3.29,Medium,0,92,4,Yes,46,0,49,87,1.8,22,10,Kinesthetic,4,8,5,Medium,0
S3909,23,Male,Medium,None,Single Parent,No,2.28,Medium,5,67,5,Yes,53,6,50,98,9.5,26,2,Kinesthetic,2,5,5,Medium,1
S3910,18,Male,Medium,Secondary,Single Parent,No,2.4,Low,1,118,4,Yes,97,0,34,78,3.7,21,5,Visual,1,8,2,Medium,0
S3911,19,Male,Low,None,Single Parent,No,2.52,Low,1,71,6,Yes,99,7,56,37,16.5,15,5,Mixed,1,1,3,Medium,0
S3912,21,Female,Medium,Graduate,Nuclear,No,3.59,Medium,0,65,7,No,71,6,84,97,17.0,12,7,Kinesthetic,1,3,5,Medium,0
S3913,17,Female,Low,Primary,Single Parent,No,2.82,Medium,0,68,3,No,41,8,37,52,8.2,26,7,Mixed,1,5,2,Low,0
S3914,19,Female,Low,Postgraduate,Joint,No,2.0,Medium,4,71,5,Yes,99,8,89,59,6.6,27,2,Visual,3,7,0,Medium,0
S3915,19,Female,Medium,Primary,Joint,No,3.07,Medium,5,115,7,No,52,1,35,73,11.3,25,6,Auditory,2,2,4,Low,0
S3916,20,Male,Low,Secondary,Single Parent,No,3.03,Medium,4,88,7,Yes,76,3,90,71,9.7,28,5,Auditory,4,4,1,Medium,0
S3917,18,Female,Low,Postgraduate,Nuclear,No,2.19,Low,1,34,3,No,70,7,87,40,6.4,2,9,Mixed,4,8,2,Medium,0
S3918,18,Male,Medium,Secondary,Joint,No,3.37,Medium,3,45,5,Yes,50,8,31,51,17.9,13,5,Visual,2,2,3,Low,0
S3919,19,Male,Low,Graduate,Nuclear,Yes,1.57,Low,4,85,7,Yes,66,7,39,88,1.1,8,2,Mixed,3,2,3,Medium,1
S3920,25,Male,Medium,None,Nuclear,No,3.75,Low,0,88,6,No,57,3,46,97,16.1,5,7,Mixed,5,9,3,Medium,0
S3921,19,Male,Low,Secondary,Nuclear,No,2.88,Medium,0,40,5,Yes,41,8,80,25,18.7,17,1,Auditory,1,9,2,Low,1
S3922,23,Male,Low,Secondary,Joint,Yes,3.58,Low,5,23,3,Yes,97,5,75,91,17.5,27,7,Mixed,5,4,5,Low,0
S3923,21,Female,Low,Primary,Joint,Yes,3.75,High,2,83,5,No,74,5,91,92,9.7,24,2,Kinesthetic,2,8,4,Low,0
S3924,19,Male,High,Postgraduate,Joint,Yes,2.85,Medium,3,46,6,No,99,1,91,22,11.5,29,6,Auditory,4,4,3,Medium,0
S3925,22,Male,Low,Graduate,Nuclear,Yes,2.04,Low,2,118,3,Yes,82,9,55,31,11.9,23,6,Kinesthetic,2,5,1,High,0
S3926,17,Female,Medium,Graduate,Single Parent,No,1.54,Medium,1,76,7,No,85,3,73,74,16.7,1,4,Auditory,4,6,5,High,1
S3927,23,Female,Medium,None,Joint,No,3.24,Medium,4,119,5,Yes,59,6,35,73,1.1,6,2,Auditory,3,0,0,Medium,1
S3928,20,Female,High,Secondary,Nuclear,No,1.6,Medium,2,110,7,No,61,5,78,63,7.4,14,10,Auditory,4,2,1,Medium,0
S3929,22,Female,Low,Secondary,Nuclear,No,1.64,Medium,4,103,7,No,64,7,85,66,12.3,3,10,Auditory,3,10,1,Medium,0
S3930,24,Female,Medium,Graduate,Joint,Yes,2.03,Low,2,26,5,No,49,5,95,62,1.1,23,1,Visual,1,5,5,Medium,1
S3931,23,Male,Low,Graduate,Nuclear,Yes,3.53,High,5,22,6,No,58,3,83,77,7.2,25,6,Auditory,3,4,2,Medium,0
S3932,19,Female,Medium,Primary,Joint,No,1.79,Medium,1,91,6,Yes,55,10,64,35,13.5,12,3,Visual,3,10,1,High,1
S3933,24,Male,Low,Primary,Joint,No,3.16,Medium,5,73,4,Yes,87,1,43,61,2.3,3,6,Visual,1,2,2,Low,0
S3934,25,Female,Medium,Secondary,Nuclear,No,1.76,Medium,2,47,3,No,70,6,35,95,4.7,10,8,Kinesthetic,3,9,5,Low,0
S3935,23,Female,Medium,Primary,Joint,No,3.68,Medium,2,22,6,Yes,42,8,34,68,8.7,2,5,Mixed,4,9,5,Low,0
S3936,22,Female,Medium,Secondary,Single Parent,Yes,1.54,High,1,34,7,Yes,82,0,37,97,19.9,19,6,Mixed,4,1,3,Low,0
S3937,23,Male,Medium,Primary,Joint,No,3.46,Low,1,62,6,No,86,7,33,87,3.5,2,4,Auditory,1,10,3,Low,0
S3938,22,Female,High,Secondary,Guardian,Yes,3.49,High,3,45,4,Yes,41,6,58,46,15.7,20,5,Visual,5,6,1,Medium,0
S3939,22,Female,High,None,Nuclear,No,2.28,Medium,3,101,3,No,63,10,67,37,13.0,26,7,Mixed,1,8,4,Medium,0
S3940,25,Female,Medium,Postgraduate,Joint,No,3.32,Low,1,118,4,Yes,91,4,67,63,18.9,21,9,Kinesthetic,3,4,3,High,0
S3941,18,Male,Low,Graduate,Nuclear,No,1.55,Low,4,80,5,Yes,40,4,57,97,12.8,7,4,Mixed,4,0,4,Medium,1
S3942,24,Female,Medium,Graduate,Guardian,No,3.26,Low,3,63,7,No,80,0,100,80,3.8,14,7,Visual,2,10,5,Medium,0
S3943,25,Male,Low,None,Joint,No,3.14,Medium,5,72,6,No,55,9,63,85,8.0,14,1,Kinesthetic,3,2,1,High,1
S3944,23,Male,Medium,Secondary,Joint,No,2.48,Medium,1,106,3,No,61,10,66,42,11.3,26,3,Kinesthetic,4,3,3,Low,0
S3945,18,Male,High,Primary,Nuclear,No,1.76,Medium,1,50,4,Yes,60,1,49,76,2.3,7,4,Visual,4,10,5,Medium,0
S3946,24,Female,Low,Postgraduate,Nuclear,No,2.05,Medium,4,40,5,Yes,44,4,94,92,7.1,19,8,Mixed,2,2,1,Low,0
S3947,25,Female,Medium,None,Single Parent,No,2.34,High,5,70,5,No,41,4,37,66,8.9,24,7,Visual,2,2,2,High,1
S3948,24,Female,Medium,Graduate,Joint,No,3.51,Medium,5,96,7,Yes,89,9,63,54,17.2,14,3,Mixed,5,2,3,Low,0
S3949,24,Female,Low,Secondary,Nuclear,No,2.97,High,3,48,6,No,87,7,78,26,17.4,22,7,Mixed,4,0,1,Low,0
S3950,20,Male,Medium,Secondary,Nuclear,No,3.18,Low,0,91,7,No,78,10,72,68,10.0,2,10,Kinesthetic,1,10,1,Medium,0
S3951,25,Male,Medium,Primary,Single Parent,Yes,3.15,Low,5,103,5,Yes,63,6,34,87,14.4,18,1,Visual,3,9,3,Low,0
S3952,25,Male,Medium,Graduate,Single Parent,Yes,3.6,Low,5,85,4,No,57,4,72,58,17.2,17,5,Mixed,4,1,3,Low,0
S3953,24,Female,Medium,Secondary,Joint,No,2.81,Medium,0,35,4,No,66,7,81,33,10.2,5,10,Kinesthetic,2,6,1,Low,0
S3954,24,Female,High,Graduate,Nuclear,No,2.49,Low,1,62,5,No,65,6,49,23,11.0,15,4,Kinesthetic,2,0,0,Medium,0
S3955,20,Female,Low,Postgraduate,Joint,Yes,3.12,Medium,5,57,3,Yes,85,7,53,35,8.4,15,9,Auditory,4,4,4,Medium,0
S3956,19,Female,Medium,Primary,Nuclear,Yes,2.55,Medium,0,118,4,Yes,95,10,92,54,14.5,27,10,Visual,4,7,3,Low,0
S3957,25,Female,Medium,None,Joint,No,3.94,Medium,0,32,6,No,86,2,89,53,15.3,26,10,Kinesthetic,5,9,5,Medium,0
S3958,19,Female,Low,None,Nuclear,Yes,1.98,High,5,105,3,Yes,43,7,98,94,17.0,7,6,Auditory,3,1,3,Low,1
S3959,19,Other,High,None,Nuclear,Yes,3.37,High,3,70,3,No,84,5,60,79,9.9,16,8,Kinesthetic,2,7,5,Medium,0
S3960,18,Female,Medium,Postgraduate,Nuclear,No,2.7,Medium,0,44,4,No,82,4,62,57,12.4,1,8,Auditory,2,9,3,Low,0
S3961,22,Other,Low,Secondary,Nuclear,Yes,3.16,High,3,86,3,No,63,1,61,57,19.9,13,9,Visual,3,3,0,Medium,0
S3962,25,Female,Low,None,Single Parent,No,1.95,Medium,5,65,3,No,97,8,48,80,11.4,2,2,Visual,1,8,4,Low,1
S3963,24,Male,High,Primary,Guardian,No,1.58,Low,4,98,6,Yes,86,0,54,75,11.7,12,7,Visual,4,9,4,Low,0
S3964,19,Female,Medium,Postgraduate,Joint,No,3.4,Low,0,54,4,No,62,10,54,85,1.4,26,5,Mixed,3,0,1,Low,0
S3965,19,Female,Medium,None,Nuclear,Yes,3.84,High,1,100,4,No,64,9,31,80,17.3,10,10,Visual,1,3,5,Medium,0
S3966,17,Male,Medium,Secondary,Guardian,No,2.98,High,1,35,7,No,57,6,41,49,2.8,12,10,Auditory,1,8,4,Medium,0
S3967,23,Male,Low,Primary,Nuclear,No,2.07,Low,5,32,7,No,92,9,100,33,5.2,4,8,Mixed,2,7,0,High,0
S3968,20,Male,Medium,Graduate,Nuclear,No,3.23,Low,4,117,3,Yes,41,1,70,100,3.9,6,9,Visual,4,3,3,Medium,0
S3969,22,Male,Medium,Graduate,Nuclear,No,2.43,High,0,46,5,Yes,54,1,98,37,11.2,9,8,Kinesthetic,5,6,1,Medium,0
S3970,21,Female,Low,Secondary,Guardian,No,3.69,Low,5,20,7,Yes,54,1,100,88,19.2,21,5,Mixed,3,3,5,Medium,0
S3971,21,Male,Low,Graduate,Nuclear,No,2.19,Low,1,29,5,No,60,4,53,70,16.6,9,2,Kinesthetic,1,0,0,Low,0
S3972,17,Female,Medium,Graduate,Joint,No,2.34,Low,5,95,4,No,51,10,86,53,3.3,4,6,Auditory,5,5,2,Low,0
S3973,22,Female,Low,Graduate,Joint,Yes,3.73,Low,4,41,7,No,81,6,71,66,19.8,29,5,Visual,2,8,1,High,0
S3974,22,Male,Low,Primary,Nuclear,Yes,2.44,Medium,1,61,7,Yes,58,2,53,53,14.0,27,7,Visual,3,2,0,Low,0
S3975,24,Female,Medium,Secondary,Nuclear,No,2.16,Medium,2,111,4,No,61,9,77,99,9.3,17,2,Visual,3,10,5,Medium,0
S3976,22,Female,Low,Secondary,Nuclear,No,2.97,Medium,3,60,7,Yes,59,5,33,84,19.2,15,1,Visual,3,10,3,Medium,1
S3977,18,Male,Medium,Postgraduate,Nuclear,No,2.88,High,1,46,6,No,88,10,99,38,20.0,16,3,Kinesthetic,2,2,5,Medium,0
S3978,19,Female,High,Secondary,Joint,No,1.98,Medium,1,36,5,No,81,6,61,57,13.5,5,10,Auditory,2,9,3,Medium,0
S3979,20,Male,Medium,None,Nuclear,Yes,2.58,Medium,0,76,4,No,69,4,56,45,13.3,19,3,Mixed,4,4,0,Medium,0
S3980,24,Male,High,Graduate,Nuclear,No,2.27,Low,0,79,5,No,46,0,93,58,5.4,7,2,Visual,2,8,4,Medium,1
S3981,20,Male,Low,Postgraduate,Nuclear,No,2.26,Medium,2,98,3,Yes,40,3,62,40,2.9,20,9,Auditory,2,4,4,Low,0
S3982,18,Female,Medium,None,Nuclear,Yes,2.68,Medium,0,75,4,No,43,1,82,49,15.5,4,5,Visual,1,6,0,Medium,0
S3983,25,Female,Medium,Primary,Nuclear,Yes,2.33,Medium,0,53,6,No,82,5,89,61,11.3,13,9,Visual,3,3,2,High,0
S3984,22,Female,High,Graduate,Joint,No,3.36,Low,2,28,6,No,47,6,97,70,3.7,26,3,Kinesthetic,5,8,1,High,1
S3985,23,Male,Medium,Secondary,Nuclear,No,1.69,High,0,102,5,Yes,56,5,38,20,2.0,1,3,Mixed,4,1,2,Low,1
S3986,25,Female,Low,Secondary,Guardian,Yes,3.81,High,0,24,7,No,67,7,58,44,15.5,9,7,Auditory,3,0,3,Medium,0
S3987,21,Female,Medium,Secondary,Nuclear,No,2.91,Medium,0,63,5,No,89,4,69,35,16.8,18,5,Mixed,5,8,3,Medium,0
S3988,17,Female,High,Graduate,Nuclear,No,1.9,Medium,1,69,5,No,60,4,80,24,12.9,28,10,Auditory,4,10,0,High,1
S3989,19,Male,Low,Secondary,Nuclear,No,3.96,High,1,82,5,Yes,74,4,93,93,17.4,2,5,Kinesthetic,2,10,4,Medium,0
S3990,18,Male,Low,Primary,Joint,No,1.8,Medium,4,96,7,No,50,5,55,49,9.9,26,7,Mixed,4,0,0,Medium,1
S3991,19,Female,Medium,None,Nuclear,Yes,2.36,Low,2,113,6,Yes,88,1,41,55,8.5,20,1,Kinesthetic,2,6,5,Low,0
S3992,23,Female,Medium,Graduate,Single Parent,Yes,3.83,Medium,4,67,3,Yes,75,8,49,82,1.2,24,3,Mixed,2,1,0,Medium,0
S3993,19,Female,Medium,Primary,Joint,Yes,2.77,Low,2,27,5,No,83,5,38,67,12.4,5,2,Auditory,5,9,5,Low,0
S3994,20,Male,Low,Graduate,Joint,Yes,2.68,Medium,0,49,4,No,83,1,69,64,11.8,24,8,Auditory,3,0,4,Medium,0
S3995,21,Male,High,Secondary,Nuclear,Yes,3.99,Low,4,75,4,No,48,0,87,65,17.4,17,9,Kinesthetic,4,6,0,Low,0
S3996,18,Female,Low,Postgraduate,Nuclear,Yes,1.73,Low,0,49,4,No,92,7,43,34,8.4,17,2,Visual,5,3,0,Medium,1
S3997,23,Male,High,None,Nuclear,No,3.28,Low,4,99,7,No,60,10,48,81,6.7,16,6,Kinesthetic,2,4,4,Medium,0
S3998,19,Female,Low,Primary,Nuclear,No,3.63,Medium,4,110,5,No,89,6,98,80,13.3,22,10,Visual,2,9,0,Low,0
S3999,24,Female,Low,Secondary,Guardian,Yes,3.27,Medium,2,87,4,Yes,89,5,72,79,13.3,15,2,Auditory,1,7,1,Low,0
S4000,24,Female,High,None,Nuclear,No,2.46,High,3,110,7,No,83,10,31,54,17.7,6,2,Mixed,1,2,4,Medium,0
S4001,22,Female,Medium,Graduate,Nuclear,No,2.98,Medium,4,35,4,No,83,8,89,52,5.9,2,9,Kinesthetic,3,2,1,Medium,0
S4002,24,Male,Low,Graduate,Nuclear,No,2.53,Medium,4,63,7,No,98,3,60,99,9.0,26,4,Mixed,1,5,4,Medium,0
S4003,18,Male,Low,Graduate,Joint,No,2.64,Low,2,85,6,No,89,7,85,33,19.1,27,6,Mixed,2,9,3,Medium,0
S4004,19,Female,Low,Graduate,Nuclear,No,3.66,Medium,5,115,6,No,82,0,32,58,8.8,1,6,Visual,1,7,5,Low,0
S4005,17,Male,Low,None,Nuclear,Yes,2.12,Medium,0,95,4,No,58,2,83,82,12.3,13,7,Visual,4,8,3,Low,0
S4006,24,Male,Low,Postgraduate,Joint,No,2.33,Medium,3,39,5,No,62,7,53,69,7.6,27,6,Visual,4,10,5,Low,0
S4007,21,Male,High,Graduate,Nuclear,Yes,3.25,Medium,2,25,3,No,48,1,82,39,16.5,16,6,Visual,1,5,3,Medium,0
S4008,23,Male,Medium,Secondary,Nuclear,No,3.25,Low,0,62,5,No,88,4,67,23,18.3,9,10,Visual,3,7,2,Low,0
S4009,22,Male,Low,Primary,Joint,No,2.53,Low,2,57,4,No,75,2,35,28,9.7,3,9,Visual,5,7,4,Medium,0
S4010,22,Female,Low,Graduate,Nuclear,No,2.28,High,3,69,4,No,73,2,81,84,8.3,11,10,Auditory,3,4,4,Low,0
S4011,18,Male,Low,Primary,Nuclear,No,2.5,High,0,66,7,No,59,10,54,54,15.1,23,2,Kinesthetic,4,5,5,High,1
S4012,18,Male,Low,Secondary,Single Parent,Yes,3.92,Medium,4,111,5,No,68,4,41,30,15.7,12,10,Visual,5,9,1,Medium,0
S4013,25,Male,Low,Postgraduate,Joint,Yes,2.99,High,5,51,3,Yes,74,8,52,41,1.1,10,3,Kinesthetic,1,0,5,Low,0
S4014,20,Female,Low,None,Nuclear,Yes,2.02,High,3,52,7,No,48,5,88,66,17.5,5,2,Kinesthetic,2,3,3,Medium,1
S4015,18,Male,High,Primary,Single Parent,No,2.04,Medium,5,77,5,Yes,79,9,89,76,7.0,8,1,Visual,3,10,1,High,0
S4016,23,Male,Medium,Primary,Single Parent,No,1.76,High,0,89,4,No,57,2,61,59,13.0,23,4,Kinesthetic,1,0,5,Low,1
S4017,21,Male,Medium,Secondary,Single Parent,Yes,3.5,Low,3,103,5,No,61,1,41,64,4.7,26,3,Auditory,1,1,0,Low,0
S4018,18,Female,Medium,Secondary,Single Parent,No,3.21,High,0,21,6,Yes,66,6,32,25,13.1,27,2,Auditory,2,2,4,Medium,0
S4019,19,Female,Low,None,Guardian,No,3.85,Medium,4,55,3,No,87,3,59,70,13.9,26,2,Visual,2,7,1,Medium,0
S4020,19,Male,Low,Secondary,Joint,Yes,1.66,Low,1,24,7,No,55,4,99,73,2.2,29,5,Visual,5,7,5,Low,1
S4021,19,Male,Low,Secondary,Single Parent,No,2.32,Medium,5,66,4,No,97,6,69,67,6.6,21,4,Kinesthetic,3,0,1,Medium,0
S4022,17,Female,Medium,None,Nuclear,Yes,3.75,Medium,4,111,7,Yes,71,7,41,30,16.1,23,1,Auditory,4,4,0,High,0
S4023,24,Female,High,Postgraduate,Nuclear,No,3.05,Low,0,93,4,No,78,3,96,25,16.7,23,1,Mixed,1,2,2,Medium,0
S4024,25,Female,High,None,Joint,No,1.86,Medium,0,85,7,Yes,70,0,94,44,4.0,3,10,Mixed,3,2,0,Medium,0
S4025,17,Female,High,Postgraduate,Nuclear,No,1.66,High,5,116,7,No,53,6,96,32,13.2,22,2,Kinesthetic,1,7,3,High,1
S4026,22,Female,Low,Graduate,Nuclear,No,2.37,Medium,1,68,5,No,98,8,74,72,14.9,22,2,Mixed,1,1,0,Medium,0
S4027,24,Male,Medium,None,Nuclear,Yes,1.99,Medium,2,78,5,No,44,3,32,96,6.3,13,3,Auditory,2,0,3,Low,1
S4028,22,Male,Low,Secondary,Nuclear,No,1.77,Medium,3,70,5,Yes,50,5,64,82,11.6,2,7,Kinesthetic,4,6,3,High,1
S4029,25,Female,Low,Graduate,Nuclear,No,3.04,Medium,2,116,3,Yes,86,4,54,39,13.7,9,1,Mixed,3,0,2,Low,0
S4030,19,Female,Medium,Secondary,Joint,No,1.94,Medium,4,88,4,No,57,7,90,93,2.6,26,6,Auditory,1,3,1,Medium,1
S4031,21,Other,Low,Postgraduate,Nuclear,Yes,2.84,Medium,1,30,7,Yes,48,2,87,24,8.7,25,5,Kinesthetic,4,1,5,Low,0
S4032,18,Male,Low,Graduate,Nuclear,Yes,1.73,Medium,0,108,4,No,92,2,84,35,14.7,27,6,Auditory,3,9,3,High,1
S4033,18,Male,Low,Primary,Nuclear,No,2.47,Low,4,77,7,No,87,10,53,67,7.5,24,4,Kinesthetic,4,10,2,Low,0
S4034,20,Male,Medium,Secondary,Nuclear,No,1.71,Low,0,52,4,Yes,71,2,55,27,3.2,20,2,Visual,5,7,5,Low,1
S4035,18,Female,Medium,None,Nuclear,Yes,3.22,Medium,2,80,3,Yes,60,2,74,89,8.0,13,6,Kinesthetic,4,9,4,Low,0
S4036,19,Female,Low,Graduate,Nuclear,Yes,2.11,Medium,1,54,3,No,63,1,61,90,5.9,27,7,Mixed,3,10,5,Medium,0
S4037,21,Male,Medium,Graduate,Single Parent,Yes,2.38,Low,4,71,7,No,78,6,44,42,3.7,17,6,Mixed,5,5,3,Low,0
S4038,22,Male,High,Graduate,Guardian,Yes,2.07,High,5,73,7,Yes,42,9,85,74,11.8,9,9,Auditory,3,2,0,Medium,0
S4039,22,Female,Medium,Postgraduate,Nuclear,Yes,3.0,High,3,27,7,Yes,57,2,96,48,18.7,16,5,Auditory,1,0,4,Medium,0
S4040,22,Female,High,Graduate,Nuclear,Yes,1.8,Low,2,109,6,Yes,64,1,38,93,10.4,20,10,Mixed,5,0,3,Low,0
S4041,22,Female,Low,Postgraduate,Nuclear,No,3.71,Medium,5,89,6,No,82,6,30,87,15.5,6,4,Mixed,2,6,1,High,0
S4042,19,Male,Low,Postgraduate,Guardian,No,3.09,Low,3,54,3,Yes,90,5,77,37,3.4,17,8,Visual,2,7,5,Medium,0
S4043,22,Female,Low,Postgraduate,Single Parent,No,3.63,Low,1,28,6,No,51,7,45,23,4.1,12,6,Auditory,4,9,4,Low,0
S4044,22,Male,Low,Secondary,Nuclear,Yes,2.33,Low,5,114,7,No,63,8,48,71,12.5,8,7,Auditory,2,6,4,Low,0
S4045,20,Male,Low,Graduate,Nuclear,No,3.15,High,3,46,3,No,51,7,96,60,4.4,23,2,Mixed,1,10,3,Medium,1
S4046,22,Female,Low,Graduate,Joint,Yes,3.8,Low,0,103,6,No,52,2,45,38,9.0,26,10,Visual,1,9,4,High,1
S4047,23,Male,Low,Secondary,Nuclear,No,3.36,Medium,4,34,7,No,93,8,40,32,10.2,17,7,Auditory,3,6,5,Medium,0
S4048,21,Female,High,Postgraduate,Nuclear,No,1.62,High,4,91,3,No,41,1,44,71,10.9,14,10,Auditory,2,0,1,Medium,1
S4049,21,Female,Low,Graduate,Nuclear,No,1.66,Medium,0,112,3,No,93,10,87,47,1.8,13,8,Auditory,3,0,3,Medium,0
S4050,18,Other,Low,Postgraduate,Nuclear,Yes,2.82,Low,0,86,4,No,56,3,31,30,11.4,15,7,Auditory,5,2,5,Medium,0
S4051,25,Female,Medium,Primary,Nuclear,Yes,3.09,Low,1,76,5,No,45,7,44,32,7.1,29,6,Mixed,5,4,5,Medium,0
S4052,22,Male,Medium,Postgraduate,Nuclear,No,1.85,Medium,3,39,5,No,64,4,86,36,16.0,21,9,Kinesthetic,4,3,1,Medium,0
S4053,22,Male,Low,Secondary,Joint,No,3.55,Low,4,40,4,No,53,2,77,98,7.8,12,2,Visual,2,1,3,Low,1
S4054,23,Female,Medium,Graduate,Single Parent,Yes,1.53,Low,4,76,7,No,69,9,65,92,1.8,21,9,Visual,1,8,1,Low,0
S4055,18,Male,Low,Postgraduate,Nuclear,Yes,2.54,Medium,3,116,6,No,74,8,83,22,1.5,1,10,Mixed,2,2,4,High,0
S4056,20,Female,Low,Secondary,Nuclear,No,3.9,Medium,5,79,6,Yes,51,8,50,83,16.9,3,8,Auditory,2,8,4,Medium,0
S4057,22,Male,Low,Primary,Nuclear,No,1.65,Low,0,101,7,Yes,82,6,87,29,18.5,17,9,Visual,2,5,1,Medium,0
S4058,23,Other,High,Graduate,Single Parent,No,1.8,Low,5,82,6,No,89,7,83,90,3.6,18,2,Mixed,1,2,5,High,1
S4059,24,Female,Low,Postgraduate,Nuclear,No,2.29,Low,5,84,7,Yes,61,3,85,45,1.1,21,5,Mixed,5,1,4,Low,0
S4060,19,Other,Medium,Primary,Nuclear,No,1.65,Low,2,50,5,No,68,10,85,62,4.4,21,1,Visual,2,9,5,Low,1
S4061,22,Female,Medium,Secondary,Nuclear,No,2.8,High,1,76,5,No,72,0,65,51,18.2,3,9,Mixed,2,9,2,Medium,0
S4062,22,Female,Low,Graduate,Nuclear,Yes,3.89,Medium,0,86,6,Yes,71,4,68,96,18.9,9,9,Kinesthetic,3,3,1,High,0
S4063,19,Male,Low,Primary,Single Parent,No,2.27,Medium,3,118,7,No,43,6,65,81,1.2,4,3,Mixed,3,10,2,Low,1
S4064,17,Male,Medium,Primary,Joint,No,2.67,Medium,1,32,5,No,95,10,70,88,16.5,25,3,Kinesthetic,5,4,2,Medium,0
S4065,22,Female,Medium,Secondary,Nuclear,No,3.19,Medium,0,51,3,No,50,2,52,89,18.0,6,1,Visual,5,7,3,Low,1
S4066,21,Male,Low,Graduate,Joint,Yes,2.43,Medium,2,22,4,No,98,7,38,97,3.4,10,6,Mixed,4,10,3,High,0
S4067,25,Female,High,Postgraduate,Nuclear,Yes,2.31,High,5,78,7,No,65,10,47,94,17.1,13,8,Kinesthetic,2,4,3,Medium,0
S4068,17,Female,Low,Primary,Nuclear,No,3.0,Medium,2,60,4,No,96,3,50,68,12.9,9,6,Mixed,1,4,0,Medium,0
S4069,25,Male,Medium,Secondary,Nuclear,No,1.98,Medium,0,98,6,Yes,74,5,87,34,15.0,10,8,Kinesthetic,2,5,2,Low,0
S4070,22,Male,Low,Primary,Joint,No,2.63,Medium,5,114,3,Yes,40,3,74,98,2.4,18,9,Visual,3,0,2,Low,0
S4071,23,Female,Low,Graduate,Nuclear,No,2.4,Medium,3,32,3,No,95,5,78,62,9.4,22,1,Kinesthetic,3,10,3,Medium,0
S4072,19,Female,Medium,Secondary,Joint,Yes,2.23,Medium,3,90,3,No,65,3,32,96,19.7,24,4,Visual,2,3,5,Medium,0
S4073,21,Female,Medium,Secondary,Nuclear,Yes,3.28,High,1,20,4,No,60,0,71,31,14.7,5,5,Visual,1,1,1,Medium,0
S4074,23,Male,Medium,Secondary,Nuclear,No,2.77,Medium,0,95,4,No,82,1,37,49,5.2,3,7,Visual,4,0,3,Low,0
S4075,22,Female,Medium,Postgraduate,Joint,No,2.76,Medium,5,26,7,No,99,5,58,51,11.9,1,1,Visual,1,10,5,Low,0
S4076,21,Female,Medium,Secondary,Single Parent,No,3.57,High,2,52,7,No,71,4,40,53,1.7,9,7,Visual,2,7,3,High,0
S4077,20,Female,Medium,Secondary,Joint,Yes,2.07,Medium,3,66,5,Yes,96,5,31,36,9.3,27,5,Mixed,5,7,2,High,0
S4078,23,Female,Medium,Primary,Joint,Yes,2.33,Medium,0,45,3,No,72,6,65,63,9.5,7,8,Visual,3,9,0,Medium,0
S4079,22,Male,Medium,Primary,Single Parent,Yes,1.8,High,5,117,4,Yes,96,1,96,90,19.1,27,1,Kinesthetic,3,7,0,High,1
S4080,25,Female,Low,None,Nuclear,No,2.43,Medium,0,35,6,Yes,80,1,82,54,10.1,22,8,Visual,2,9,5,High,0
S4081,18,Female,High,Graduate,Nuclear,No,1.59,Medium,2,59,6,Yes,40,4,56,76,17.0,7,8,Mixed,5,8,2,Low,1
S4082,17,Male,Medium,Graduate,Nuclear,No,3.73,Medium,1,113,7,No,95,4,47,26,7.2,11,9,Visual,3,9,4,High,0
S4083,21,Female,Medium,Graduate,Single Parent,No,2.81,Low,0,47,7,No,48,6,82,34,5.9,22,4,Visual,5,2,5,Medium,0
S4084,19,Male,Low,Primary,Joint,No,1.56,Low,4,106,4,Yes,79,8,33,35,3.8,24,7,Kinesthetic,3,10,5,Medium,0
S4085,24,Male,High,Secondary,Nuclear,No,3.08,Medium,1,43,7,Yes,40,3,38,59,7.9,1,4,Auditory,3,7,2,Medium,0
S4086,23,Male,Medium,Graduate,Nuclear,No,1.89,High,1,30,5,No,80,7,62,56,1.5,10,5,Visual,1,1,3,Medium,0
S4087,21,Female,Low,Secondary,Nuclear,No,2.61,High,3,61,7,Yes,66,5,65,28,8.5,27,2,Visual,5,6,2,Low,0
S4088,24,Male,High,Graduate,Nuclear,No,2.15,Medium,0,66,7,No,86,5,42,69,15.3,21,7,Visual,2,6,1,High,0
S4089,24,Female,Low,Primary,Single Parent,No,2.46,Low,4,53,5,No,96,9,52,87,14.4,10,7,Kinesthetic,2,7,5,Low,0
S4090,23,Female,Low,Primary,Nuclear,Yes,3.29,Medium,2,105,3,No,53,8,69,50,18.8,25,1,Auditory,1,1,4,Medium,1
S4091,22,Male,Medium,Postgraduate,Nuclear,No,1.52,Low,0,89,7,No,41,2,31,42,15.6,22,3,Mixed,5,3,5,Medium,1
S4092,24,Female,Medium,Graduate,Joint,No,2.53,Medium,3,85,4,No,53,5,34,36,14.4,28,9,Visual,3,9,0,Medium,0
S4093,25,Female,Low,Graduate,Nuclear,No,3.64,Medium,1,81,7,Yes,54,5,30,34,11.4,22,9,Kinesthetic,4,7,0,Low,0
S4094,21,Male,Medium,Postgraduate,Nuclear,Yes,2.12,Medium,2,100,5,No,42,8,82,78,19.1,20,3,Auditory,2,8,1,Medium,1
S4095,21,Male,High,Secondary,Single Parent,Yes,1.74,Medium,0,77,4,No,48,6,54,39,15.0,19,8,Kinesthetic,4,6,0,Medium,1
S4096,19,Male,Medium,Postgraduate,Nuclear,No,1.94,Medium,3,111,7,No,75,2,44,70,19.0,12,5,Mixed,1,6,0,Low,0
S4097,20,Female,Low,Primary,Joint,Yes,3.04,High,1,45,7,No,86,6,49,29,9.8,8,4,Auditory,3,7,1,High,0
S4098,19,Female,Low,Secondary,Nuclear,No,3.49,Medium,4,42,6,No,40,3,54,51,11.3,18,2,Mixed,3,9,5,Medium,1
S4099,21,Female,Low,Primary,Nuclear,No,3.44,Medium,5,109,4,Yes,88,9,53,33,6.2,20,5,Kinesthetic,5,6,4,Low,0
S4100,23,Female,Low,Graduate,Nuclear,Yes,3.93,Low,3,26,3,No,68,4,91,64,15.4,18,4,Mixed,2,0,4,High,0
S4101,24,Female,High,Graduate,Single Parent,No,2.97,Medium,2,111,4,No,82,1,90,86,6.5,24,7,Visual,4,6,3,Medium,0
S4102,25,Male,Low,Secondary,Joint,Yes,2.99,Medium,3,87,7,No,78,1,78,43,9.5,7,10,Visual,1,4,5,Low,0
S4103,17,Female,Low,Postgraduate,Nuclear,No,1.85,Medium,2,35,6,No,40,7,61,68,18.5,2,10,Auditory,3,10,4,Low,1
S4104,23,Female,High,Graduate,Nuclear,Yes,2.62,Medium,2,53,4,Yes,87,5,47,92,8.1,1,9,Auditory,5,10,5,Medium,0
S4105,23,Male,Low,Postgraduate,Nuclear,No,3.34,Medium,5,52,5,No,74,7,48,54,16.1,13,9,Auditory,3,5,4,Medium,0
S4106,21,Male,High,Primary,Nuclear,No,2.34,Low,5,65,7,No,97,2,43,93,12.1,13,9,Kinesthetic,3,4,0,Medium,0
S4107,23,Female,High,Secondary,Nuclear,No,1.93,Medium,2,72,3,No,77,10,90,33,10.1,6,8,Kinesthetic,3,3,5,Medium,0
S4108,20,Male,Low,None,Joint,Yes,2.38,High,3,23,5,No,89,3,92,33,8.2,5,3,Visual,4,5,4,Medium,0
S4109,20,Female,Low,Graduate,Joint,No,2.67,Low,3,97,7,Yes,96,10,42,79,4.0,25,8,Visual,4,7,0,High,0
S4110,17,Female,Medium,Secondary,Nuclear,No,1.87,Medium,2,69,4,No,89,0,91,95,12.1,19,5,Visual,5,1,0,Medium,0
S4111,20,Male,Low,None,Guardian,No,2.56,Medium,5,77,5,No,85,4,99,43,12.4,6,1,Visual,1,0,4,Low,0
S4112,25,Female,High,Primary,Nuclear,No,3.48,Medium,5,90,6,No,76,1,95,73,13.8,18,2,Mixed,2,0,0,Low,0
S4113,18,Male,Low,None,Joint,No,3.19,High,5,48,3,No,46,9,57,27,7.5,2,4,Kinesthetic,3,7,0,High,1
S4114,20,Male,Medium,Secondary,Single Parent,No,2.69,Medium,5,53,3,No,80,7,73,85,17.2,4,3,Mixed,5,8,4,High,0
S4115,19,Male,Medium,Secondary,Nuclear,Yes,1.8,Low,3,22,7,No,60,10,97,70,1.8,13,3,Auditory,5,0,3,Low,1
S4116,18,Female,Medium,Primary,Nuclear,No,3.53,Medium,4,71,4,Yes,89,8,61,55,4.7,23,6,Visual,1,3,3,Low,0
S4117,18,Female,Medium,Secondary,Nuclear,No,3.52,High,3,47,3,No,64,1,37,47,2.3,21,10,Auditory,4,6,5,Low,0
S4118,21,Female,Low,Primary,Joint,No,3.86,High,1,102,6,No,94,9,51,41,10.1,6,8,Mixed,3,10,2,Low,0
S4119,23,Male,Low,Graduate,Nuclear,Yes,3.43,High,1,62,6,No,66,5,61,63,12.5,5,3,Auditory,3,4,4,Medium,0
S4120,21,Female,Low,Graduate,Guardian,No,2.49,Low,3,33,3,No,53,7,55,39,11.5,14,2,Visual,5,1,2,Medium,1
S4121,22,Male,Medium,None,Nuclear,No,2.25,Low,3,23,7,No,46,6,75,55,13.7,19,1,Kinesthetic,3,3,5,High,1
S4122,17,Male,Low,Secondary,Single Parent,Yes,2.25,Medium,3,84,6,No,97,2,80,37,17.4,24,2,Visual,4,10,5,Medium,0
S4123,17,Male,Medium,Graduate,Joint,Yes,3.48,Low,4,86,3,Yes,50,5,80,27,18.8,11,10,Mixed,2,10,0,High,1
S4124,21,Female,High,Graduate,Nuclear,No,2.18,Low,5,59,5,No,59,3,38,65,13.9,13,6,Auditory,1,7,1,Medium,0
S4125,24,Female,Low,Primary,Nuclear,Yes,1.75,Medium,4,107,7,No,95,3,50,73,2.6,14,4,Visual,2,10,2,Medium,0
S4126,24,Male,Low,Graduate,Joint,Yes,2.91,Medium,0,94,5,No,93,2,74,84,10.8,13,6,Auditory,1,10,4,Low,0
S4127,18,Male,Medium,Postgraduate,Nuclear,No,2.91,High,1,101,5,No,80,1,75,89,10.5,14,9,Auditory,2,8,3,Low,0
S4128,20,Female,Low,Secondary,Joint,No,1.98,Medium,4,118,7,Yes,61,9,96,55,8.1,16,10,Visual,2,0,0,Low,0
S4129,19,Male,Low,Secondary,Joint,No,3.48,Medium,2,53,5,No,46,8,50,45,8.3,10,2,Kinesthetic,3,8,4,High,1
S4130,17,Female,Medium,Secondary,Joint,Yes,3.57,Low,0,86,4,Yes,86,8,83,88,5.3,5,5,Mixed,1,1,3,Low,0
S4131,21,Female,High,None,Nuclear,No,1.7,Medium,0,39,3,No,90,7,75,43,18.0,2,6,Auditory,3,0,0,High,1
S4132,25,Female,Low,Primary,Single Parent,Yes,3.79,Low,1,38,5,Yes,79,3,95,99,4.6,3,6,Auditory,5,6,3,High,0
S4133,21,Male,Low,Secondary,Nuclear,Yes,2.4,Medium,1,50,6,Yes,40,2,99,41,8.7,19,3,Auditory,1,2,3,Low,1
S4134,18,Male,Low,Secondary,Single Parent,No,3.26,Low,4,91,4,No,59,1,69,44,5.4,8,10,Auditory,1,4,3,Medium,0
S4135,20,Female,Medium,Primary,Nuclear,No,3.79,Medium,4,34,4,Yes,80,3,32,100,9.4,25,4,Visual,4,2,3,Medium,0
S4136,19,Male,Medium,Primary,Nuclear,No,3.93,Medium,4,114,7,No,84,6,77,32,12.0,25,1,Auditory,5,8,0,Medium,0
S4137,19,Female,Low,Postgraduate,Nuclear,No,2.37,Low,4,50,6,Yes,47,9,91,44,6.3,14,2,Auditory,2,4,2,Low,1
S4138,20,Female,Low,Graduate,Nuclear,No,1.95,Low,0,91,4,No,73,4,48,51,5.6,12,3,Auditory,1,3,0,Low,1
S4139,20,Male,Low,Postgraduate,Single Parent,No,1.84,Medium,5,25,7,Yes,48,4,91,80,12.8,3,7,Auditory,3,2,5,Medium,1
S4140,19,Male,Medium,Secondary,Joint,No,3.06,Medium,5,55,7,No,79,2,99,23,3.3,18,2,Kinesthetic,2,5,5,High,0
S4141,17,Male,Medium,Graduate,Nuclear,Yes,2.49,Low,1,117,5,No,95,4,59,58,19.7,9,1,Auditory,4,5,2,High,0
S4142,25,Female,Medium,Postgraduate,Nuclear,Yes,3.5,Low,0,113,5,No,51,10,43,32,13.5,18,2,Kinesthetic,4,1,5,Low,1
S4143,23,Male,Medium,Postgraduate,Single Parent,Yes,3.59,Medium,3,60,5,Yes,87,2,69,59,18.6,8,10,Auditory,1,1,5,Medium,0
S4144,22,Male,Low,Postgraduate,Nuclear,Yes,1.75,Medium,2,45,6,No,48,6,68,22,12.2,28,6,Kinesthetic,1,1,4,Low,1
S4145,21,Female,Low,Graduate,Nuclear,No,3.57,High,5,56,3,No,52,8,57,95,18.8,5,5,Auditory,3,7,1,Medium,0
S4146,17,Female,Low,Primary,Joint,No,3.82,Medium,5,85,4,No,70,6,44,28,5.9,1,3,Mixed,3,7,4,High,0
S4147,19,Male,Low,Secondary,Joint,No,1.56,High,2,32,4,No,87,7,39,77,3.1,27,8,Visual,4,1,1,Low,0
S4148,20,Male,Medium,Graduate,Single Parent,Yes,3.11,Low,3,94,4,No,98,5,70,32,12.0,9,7,Visual,3,6,4,Medium,0
S4149,22,Female,Low,Secondary,Nuclear,Yes,3.92,High,2,91,4,Yes,50,7,97,77,4.1,20,8,Visual,5,9,2,Medium,0
S4150,21,Female,Medium,Postgraduate,Nuclear,No,2.67,High,2,90,3,No,82,6,41,28,3.9,26,8,Visual,5,10,5,Low,0
S4151,22,Female,Low,Graduate,Guardian,Yes,2.7,Low,0,89,5,Yes,98,0,32,60,11.4,4,3,Visual,2,5,5,Medium,0
S4152,22,Male,Medium,Primary,Joint,Yes,3.53,Medium,4,116,3,No,93,2,53,81,5.6,27,7,Mixed,5,4,5,Low,0
S4153,25,Male,Medium,Primary,Joint,No,1.9,Medium,3,118,6,No,51,10,37,31,18.1,17,10,Mixed,1,4,1,Medium,1
S4154,23,Female,Medium,Secondary,Nuclear,No,3.91,High,0,67,6,No,46,2,84,48,16.3,28,9,Visual,1,4,4,High,1
S4155,18,Female,Low,Secondary,Nuclear,Yes,2.83,Medium,4,114,4,Yes,78,5,77,34,7.8,28,2,Mixed,4,1,4,High,0
S4156,23,Male,Medium,Secondary,Nuclear,Yes,3.2,Low,4,33,5,No,90,8,39,65,17.2,19,1,Visual,2,0,5,Low,0
S4157,22,Male,High,Postgraduate,Nuclear,No,1.8,Medium,3,113,7,Yes,67,4,100,25,3.7,19,2,Auditory,1,9,4,Low,1
S4158,18,Female,Medium,Graduate,Nuclear,No,2.18,Low,1,81,6,Yes,56,6,68,54,2.0,3,10,Visual,3,2,2,Low,0
S4159,25,Female,Low,Secondary,Joint,No,3.18,Low,5,101,5,No,97,8,59,69,10.7,22,2,Kinesthetic,4,5,5,Medium,0
S4160,20,Male,Medium,Primary,Nuclear,No,2.93,Medium,1,80,6,Yes,62,6,39,20,11.2,10,8,Auditory,5,1,1,Medium,0
S4161,24,Male,Low,Primary,Nuclear,Yes,2.26,Medium,0,27,3,No,96,0,65,40,12.5,22,3,Mixed,3,5,5,Medium,0
S4162,20,Female,Low,Secondary,Nuclear,No,3.71,Medium,0,35,6,No,88,4,56,54,8.6,17,5,Auditory,2,0,4,Low,0
S4163,20,Male,Medium,None,Nuclear,No,2.47,Medium,4,48,7,No,68,10,97,55,16.0,24,4,Visual,2,10,5,High,0
S4164,25,Female,Low,Graduate,Nuclear,No,2.53,High,2,88,7,No,61,5,62,82,12.0,5,6,Visual,2,2,4,Medium,0
S4165,18,Female,Medium,Secondary,Nuclear,Yes,1.81,Low,1,100,6,No,84,2,80,32,9.7,11,10,Mixed,2,2,0,Low,0
S4166,25,Female,High,Postgraduate,Joint,Yes,1.59,Medium,4,93,3,No,49,8,76,38,13.7,27,10,Mixed,3,6,3,High,1
S4167,19,Female,Medium,None,Joint,No,2.73,Low,2,29,4,No,90,5,66,97,1.0,5,9,Auditory,1,0,4,High,0
S4168,19,Female,Medium,Primary,Nuclear,Yes,2.27,High,1,64,3,Yes,51,8,41,66,17.7,12,1,Visual,2,3,5,Low,1
S4169,22,Female,Medium,Graduate,Nuclear,No,2.12,Low,4,26,5,No,40,1,48,39,6.4,11,5,Kinesthetic,5,9,0,Low,0
S4170,17,Male,High,Secondary,Single Parent,No,1.73,Low,4,60,6,No,49,10,81,79,10.2,6,2,Mixed,2,7,0,Low,1
S4171,17,Female,Medium,Secondary,Nuclear,Yes,3.91,Low,3,24,5,No,85,2,66,27,14.2,9,5,Mixed,4,0,3,Medium,0
S4172,18,Male,Low,Secondary,Nuclear,No,2.81,Medium,1,28,3,Yes,78,4,93,91,19.3,29,3,Mixed,5,5,3,Medium,0
S4173,24,Male,Medium,Graduate,Joint,No,2.01,Low,1,25,4,No,95,0,41,87,9.7,8,7,Kinesthetic,3,4,3,Medium,0
S4174,19,Female,Medium,Graduate,Single Parent,No,1.94,Medium,4,35,7,No,41,9,97,81,8.1,22,8,Auditory,3,8,5,Medium,1
S4175,17,Female,Low,Secondary,Single Parent,No,1.98,Medium,5,59,4,No,44,0,37,69,9.1,17,2,Visual,4,7,5,Low,1
S4176,23,Male,Medium,None,Nuclear,Yes,3.78,Medium,5,99,6,No,67,7,56,36,16.8,23,6,Auditory,4,1,1,High,0
S4177,25,Female,Low,Primary,Nuclear,No,2.78,High,4,102,5,No,55,8,82,29,14.2,21,2,Mixed,1,2,5,High,1
S4178,19,Male,Medium,Graduate,Nuclear,No,3.75,Medium,5,100,6,No,94,1,34,65,5.7,9,1,Auditory,1,0,0,Low,0
S4179,22,Male,Medium,Secondary,Nuclear,No,3.92,Low,2,90,6,No,90,2,95,59,6.6,7,3,Auditory,4,1,4,Medium,0
S4180,17,Male,Low,Graduate,Joint,No,2.4,Low,5,36,7,No,63,10,92,94,2.8,9,4,Kinesthetic,1,3,3,Medium,0
S4181,24,Female,High,Graduate,Nuclear,Yes,3.23,High,4,82,5,No,42,9,81,85,3.1,17,5,Visual,4,2,1,Medium,0
S4182,22,Male,Medium,None,Joint,No,1.89,Medium,5,107,4,No,91,4,50,49,3.6,12,1,Visual,5,5,2,Medium,1
S4183,18,Other,Medium,Graduate,Joint,No,3.93,Medium,3,101,5,No,65,3,51,20,6.9,1,5,Visual,2,0,1,Medium,0
S4184,21,Male,High,Postgraduate,Joint,No,2.56,Low,5,101,7,No,85,9,64,100,18.6,11,7,Mixed,4,8,1,Low,0
S4185,18,Male,Low,Postgraduate,Nuclear,No,3.67,High,0,63,6,No,70,8,88,66,4.5,13,8,Mixed,1,4,3,Medium,0
S4186,22,Female,Low,Primary,Nuclear,No,3.76,Low,2,111,4,Yes,40,1,34,84,9.0,8,7,Mixed,3,1,3,Medium,0
S4187,18,Female,Medium,Graduate,Guardian,No,2.14,Low,1,70,4,No,92,0,87,36,2.1,1,9,Auditory,4,0,3,Medium,0
S4188,22,Female,Medium,Primary,Nuclear,No,3.8,Medium,5,20,7,No,85,7,78,30,5.3,28,6,Visual,1,2,5,High,0
S4189,22,Female,Low,Graduate,Single Parent,No,2.66,High,2,88,3,No,91,9,38,71,6.9,25,6,Visual,5,2,1,Medium,0
S4190,25,Female,High,Postgraduate,Single Parent,Yes,3.24,Medium,5,25,5,No,43,0,89,20,5.9,24,9,Visual,5,4,1,Low,0
S4191,25,Male,High,Postgraduate,Nuclear,No,2.05,High,4,39,4,No,41,5,86,89,11.2,1,7,Mixed,4,4,1,Low,0
S4192,25,Male,Low,Secondary,Guardian,No,2.94,Medium,4,44,6,No,89,4,72,86,6.7,15,10,Mixed,3,1,2,Low,0
S4193,23,Male,High,Secondary,Single Parent,Yes,3.73,Medium,5,62,7,No,82,9,59,82,8.9,11,9,Visual,3,1,4,Medium,0
S4194,22,Female,Low,Primary,Single Parent,No,2.09,Low,5,44,6,No,77,5,62,27,19.9,21,6,Visual,2,10,3,Low,0
S4195,19,Female,Medium,Secondary,Nuclear,No,3.81,High,0,75,5,No,74,3,65,96,2.7,5,9,Mixed,2,5,0,High,0
S4196,18,Male,Low,None,Nuclear,No,2.32,Medium,3,78,7,No,83,2,95,22,11.5,4,7,Mixed,5,9,0,Medium,0
S4197,22,Male,Medium,Secondary,Joint,No,2.24,High,4,30,7,Yes,65,9,56,82,7.1,6,5,Auditory,4,7,2,High,0
S4198,22,Female,Low,Secondary,Single Parent,No,2.42,Low,2,50,3,No,78,4,42,94,5.5,15,1,Visual,5,9,0,Medium,0
S4199,22,Female,Medium,Primary,Nuclear,Yes,3.49,Medium,2,29,7,No,41,8,61,33,11.1,20,7,Mixed,3,9,3,Medium,0
S4200,19,Female,Medium,Primary,Joint,Yes,1.61,Medium,0,55,4,No,89,9,70,68,5.8,7,10,Visual,1,3,3,Medium,0
S4201,25,Female,Low,None,Nuclear,Yes,3.07,Medium,3,115,6,Yes,83,6,62,92,9.5,21,4,Mixed,2,0,1,Medium,0
S4202,24,Male,Low,Secondary,Single Parent,No,2.66,Low,3,82,3,No,61,4,92,51,5.4,17,7,Visual,1,6,5,Low,0
S4203,24,Female,Medium,Postgraduate,Joint,No,2.71,High,3,24,6,No,73,8,60,69,7.1,18,6,Kinesthetic,3,5,1,Low,0
S4204,20,Female,High,Graduate,Nuclear,No,3.13,Low,1,38,4,No,42,5,32,99,17.7,3,7,Auditory,1,9,4,Medium,0
S4205,19,Female,Medium,None,Nuclear,No,2.02,Medium,1,47,3,No,60,3,60,36,5.4,25,9,Mixed,3,8,3,Low,0
S4206,18,Female,High,Graduate,Nuclear,No,2.02,Medium,3,22,3,No,74,6,88,70,3.3,20,5,Kinesthetic,1,8,5,Medium,0
S4207,23,Male,Medium,Graduate,Nuclear,No,3.92,Medium,2,68,6,No,54,6,71,91,13.8,5,6,Kinesthetic,3,2,5,Medium,0
S4208,23,Male,Low,Secondary,Nuclear,Yes,2.25,Medium,0,37,6,No,51,4,77,90,2.9,22,7,Kinesthetic,4,3,0,Medium,0
S4209,17,Female,Low,None,Joint,Yes,3.7,Medium,4,98,6,No,58,9,95,57,1.1,14,2,Visual,5,8,5,Medium,1
S4210,23,Female,Medium,Secondary,Single Parent,Yes,3.29,High,5,60,4,No,66,5,74,30,9.0,10,10,Mixed,5,4,4,Low,0
S4211,23,Other,Medium,Graduate,Nuclear,Yes,2.21,High,3,58,4,No,74,1,85,81,7.3,14,10,Visual,1,0,4,Medium,0
S4212,17,Female,High,Secondary,Nuclear,Yes,2.49,Medium,3,44,7,No,83,1,60,29,4.8,6,3,Auditory,4,1,5,Low,0
S4213,20,Female,Low,Secondary,Nuclear,No,3.54,Medium,0,90,7,No,83,2,42,83,6.3,23,10,Visual,3,3,5,Medium,0
S4214,17,Male,Low,Primary,Nuclear,No,2.21,Medium,1,101,3,Yes,85,5,60,35,9.8,23,6,Auditory,2,0,2,High,0
S4215,17,Female,Low,Primary,Nuclear,No,1.86,Medium,5,96,3,Yes,61,6,44,21,18.6,27,5,Mixed,2,1,4,Medium,0
S4216,17,Female,High,Secondary,Nuclear,No,2.71,Medium,4,89,7,No,89,3,100,37,9.5,7,4,Mixed,4,7,1,High,0
S4217,18,Male,Medium,Secondary,Nuclear,Yes,3.6,Medium,3,92,6,Yes,67,1,72,28,18.9,28,4,Mixed,1,2,3,Medium,0
S4218,19,Male,Low,Postgraduate,Nuclear,No,2.33,Low,3,117,6,No,50,1,76,27,10.1,22,1,Mixed,2,2,1,Low,1
S4219,20,Male,Medium,Secondary,Single Parent,Yes,3.93,Medium,4,25,6,No,84,9,86,72,11.8,24,6,Visual,2,0,5,Medium,0
S4220,22,Female,Medium,Postgraduate,Guardian,No,3.09,Low,5,115,3,No,83,9,41,48,1.6,18,1,Mixed,3,8,5,Low,0
S4221,23,Female,High,Secondary,Joint,No,2.55,Medium,2,81,6,No,43,3,92,97,14.6,9,9,Mixed,1,1,3,High,1
S4222,17,Female,Medium,Secondary,Guardian,No,3.51,Low,1,35,7,Yes,59,9,47,42,5.9,8,4,Kinesthetic,1,7,5,Medium,0
S4223,18,Male,Medium,Secondary,Nuclear,No,1.94,Low,1,29,7,No,81,2,45,74,5.8,22,6,Auditory,1,0,4,Medium,0
S4224,21,Female,Medium,None,Nuclear,Yes,3.0,Medium,0,36,4,Yes,87,2,52,48,9.5,21,8,Visual,1,10,2,Low,0
S4225,23,Male,Medium,Graduate,Joint,No,2.36,Low,2,110,3,No,51,3,74,55,6.0,13,7,Visual,1,7,1,Low,0
S4226,21,Female,Medium,None,Nuclear,Yes,3.02,Medium,0,55,4,No,82,10,85,34,12.2,9,1,Mixed,1,6,1,High,0
S4227,24,Female,Medium,None,Nuclear,Yes,1.71,Low,5,91,5,No,89,6,81,79,12.6,4,4,Mixed,4,5,2,Medium,0
S4228,22,Male,Medium,Postgraduate,Nuclear,No,2.7,Medium,4,50,3,No,95,1,83,74,2.2,1,3,Visual,5,5,5,High,0
S4229,17,Male,Low,Postgraduate,Nuclear,Yes,3.38,Low,0,64,6,No,75,7,78,94,14.3,24,7,Kinesthetic,2,6,3,Medium,0
S4230,18,Female,Low,Secondary,Nuclear,Yes,3.46,High,1,88,7,Yes,86,3,67,89,2.8,24,9,Auditory,3,7,3,Medium,0
S4231,21,Other,High,Graduate,Nuclear,No,3.05,High,4,81,5,No,53,10,97,26,8.9,29,6,Kinesthetic,4,4,4,Medium,0
S4232,24,Female,Low,Postgraduate,Joint,No,2.47,Low,5,83,3,Yes,75,2,40,85,18.6,27,3,Visual,2,3,3,Medium,0
S4233,17,Male,High,Primary,Nuclear,No,2.46,Medium,3,45,6,Yes,51,9,76,93,17.4,27,3,Kinesthetic,4,8,4,Medium,1
S4234,17,Female,Medium,Secondary,Joint,No,2.06,High,3,67,4,No,72,10,59,67,11.5,16,4,Kinesthetic,1,4,2,High,0
S4235,23,Male,Low,Graduate,Nuclear,Yes,2.06,Medium,0,25,6,No,94,7,38,91,18.6,9,8,Mixed,4,4,4,Low,0
S4236,23,Female,Medium,Primary,Single Parent,No,2.98,Medium,0,78,7,No,65,4,40,43,7.9,2,2,Mixed,3,2,2,Low,0
S4237,24,Female,Medium,Graduate,Joint,Yes,3.2,Medium,1,115,5,No,85,9,88,36,19.6,22,6,Auditory,5,2,4,Low,0
S4238,24,Male,Medium,Secondary,Joint,No,1.75,Low,4,92,4,No,90,6,80,81,8.9,27,4,Auditory,1,6,2,Low,0
S4239,20,Female,Medium,None,Nuclear,Yes,3.75,Low,5,117,4,No,84,10,63,34,15.0,5,5,Auditory,1,0,1,Low,0
S4240,20,Female,Medium,Graduate,Joint,No,3.6,Medium,0,106,4,Yes,94,0,76,38,19.9,22,2,Kinesthetic,5,10,3,Medium,0
S4241,22,Male,Low,Secondary,Nuclear,Yes,1.72,Medium,5,54,7,No,99,3,49,97,8.8,5,10,Mixed,1,0,2,Medium,0
S4242,18,Female,Low,Graduate,Joint,No,3.32,Medium,4,107,4,No,79,8,89,86,10.7,5,10,Visual,4,4,5,Medium,0
S4243,24,Male,High,Postgraduate,Nuclear,Yes,2.84,Low,4,53,6,No,82,8,78,36,16.7,10,2,Visual,1,9,0,Medium,0
S4244,21,Male,Low,Primary,Nuclear,Yes,3.98,Low,5,75,7,No,58,3,94,98,1.1,22,1,Mixed,2,8,2,Medium,1
S4245,20,Male,Medium,Secondary,Guardian,Yes,1.57,Low,1,39,6,No,84,3,76,79,13.3,16,10,Visual,1,0,1,Low,0
S4246,25,Male,Low,Graduate,Guardian,No,3.82,Low,5,116,6,No,63,2,90,49,16.5,29,8,Mixed,2,10,4,Medium,0
S4247,24,Female,Medium,Secondary,Joint,Yes,2.16,High,1,43,5,Yes,81,10,88,78,1.8,8,5,Visual,1,4,2,Low,0
S4248,20,Male,High,Primary,Joint,No,2.77,Low,1,115,7,No,41,9,39,89,14.2,14,10,Mixed,1,6,4,Medium,0
S4249,23,Female,Medium,Postgraduate,Joint,Yes,3.41,Medium,3,34,3,No,94,10,33,30,17.7,15,10,Visual,3,4,2,Low,0
S4250,18,Male,Medium,Secondary,Nuclear,No,3.07,Medium,5,71,5,Yes,71,2,90,74,5.7,11,4,Visual,1,1,5,Low,0
S4251,21,Male,Medium,Primary,Nuclear,Yes,3.04,Low,5,115,6,No,69,10,32,97,19.6,21,6,Auditory,1,1,5,Medium,0
S4252,25,Male,Medium,Graduate,Joint,No,3.91,Low,1,25,6,No,64,1,71,90,13.2,9,9,Visual,1,8,0,High,0
S4253,18,Male,Medium,Secondary,Nuclear,Yes,2.24,Medium,5,108,5,No,51,10,47,51,12.4,21,3,Mixed,2,4,3,High,1
S4254,22,Male,Low,Postgraduate,Nuclear,No,2.45,Low,5,112,6,Yes,73,10,100,74,11.1,12,1,Auditory,3,8,0,High,0
S4255,23,Male,Medium,Secondary,Single Parent,Yes,1.9,Low,4,70,3,No,62,1,58,26,9.5,23,5,Auditory,2,9,5,Medium,0
S4256,24,Male,Low,Postgraduate,Joint,No,2.91,High,3,92,4,No,90,1,71,30,15.3,27,9,Auditory,2,1,5,Medium,0
S4257,24,Male,Medium,Primary,Single Parent,No,3.15,High,2,79,6,No,62,3,77,27,17.6,20,6,Visual,4,5,5,High,0
S4258,21,Female,Low,Graduate,Nuclear,No,1.87,Low,5,114,4,No,57,4,60,52,1.7,17,3,Kinesthetic,3,6,4,Low,1
S4259,22,Female,Low,Graduate,Nuclear,No,3.43,Medium,1,82,6,Yes,42,2,51,76,13.1,4,8,Mixed,1,1,0,Medium,0
S4260,23,Male,High,None,Nuclear,No,1.56,High,5,27,6,No,90,1,61,36,6.3,12,10,Kinesthetic,4,0,4,Low,0
S4261,19,Other,Medium,Graduate,Nuclear,Yes,1.61,High,5,73,4,No,65,10,48,42,8.2,5,10,Mixed,4,10,4,Low,0
S4262,18,Female,Low,None,Nuclear,Yes,3.93,Medium,1,62,5,No,64,10,32,50,5.6,22,4,Kinesthetic,3,0,1,Medium,0
S4263,22,Male,Medium,Secondary,Joint,Yes,2.36,Low,1,108,6,Yes,86,0,46,83,8.7,17,2,Visual,2,4,5,High,0
S4264,24,Male,Low,Secondary,Nuclear,No,2.55,Medium,0,60,6,Yes,68,10,62,26,6.9,4,5,Mixed,3,8,2,Medium,0
S4265,18,Female,Medium,Graduate,Joint,Yes,2.45,Medium,0,55,7,No,90,6,66,70,1.8,8,3,Visual,3,2,5,Low,0
S4266,17,Male,Medium,Primary,Joint,Yes,3.5,Medium,3,118,6,No,64,7,92,58,9.1,14,2,Mixed,1,0,2,Medium,0
S4267,22,Female,Low,Graduate,Nuclear,Yes,3.48,Medium,2,64,6,Yes,70,6,80,80,2.0,25,6,Auditory,3,5,4,Low,0
S4268,17,Female,Medium,Graduate,Nuclear,No,3.6,Medium,5,110,5,No,62,2,94,97,5.3,7,3,Auditory,2,8,5,Low,0
S4269,22,Male,Medium,Primary,Joint,No,3.45,Medium,2,53,4,Yes,40,10,63,82,15.2,5,10,Mixed,1,3,2,Medium,0
S4270,25,Male,Medium,Graduate,Joint,No,2.86,Low,0,104,5,No,66,5,70,27,19.2,22,8,Auditory,3,1,2,Low,0
S4271,18,Male,High,Graduate,Single Parent,No,3.92,Medium,5,119,4,No,85,5,69,36,9.3,27,4,Mixed,4,1,2,Medium,0
S4272,24,Male,Low,None,Joint,Yes,2.37,Low,4,119,4,Yes,59,1,64,37,16.7,29,5,Mixed,5,4,3,Low,0
S4273,25,Male,Medium,Graduate,Nuclear,No,3.55,High,2,35,6,Yes,77,4,37,52,17.1,26,1,Kinesthetic,2,8,3,Low,0
S4274,17,Female,Low,Primary,Nuclear,No,3.51,High,4,112,7,No,62,4,43,31,3.5,9,3,Mixed,3,1,2,Medium,0
S4275,20,Female,Low,None,Nuclear,No,3.0,High,3,98,5,No,86,4,89,71,19.1,22,7,Visual,5,4,3,Low,0
S4276,24,Female,Medium,Graduate,Joint,No,1.85,Low,1,42,5,No,70,10,76,45,7.8,15,1,Mixed,5,7,4,Medium,1
S4277,23,Male,High,Primary,Single Parent,Yes,3.54,Medium,5,29,3,No,49,4,42,57,7.0,13,8,Mixed,1,8,2,High,1
S4278,23,Female,Medium,Secondary,Single Parent,Yes,2.62,Medium,5,115,4,No,64,2,79,38,7.6,13,9,Visual,3,5,4,Medium,0
S4279,21,Female,Low,Graduate,Single Parent,Yes,2.16,High,1,109,6,No,57,9,61,72,13.4,27,2,Auditory,2,1,5,Low,1
S4280,18,Female,Medium,Secondary,Joint,No,3.77,Medium,5,48,3,No,90,5,55,53,8.8,25,4,Auditory,3,3,2,High,0
S4281,24,Female,Low,Postgraduate,Single Parent,Yes,1.59,High,1,28,4,Yes,81,10,36,93,12.9,1,7,Visual,3,6,2,Medium,0
S4282,24,Male,Medium,Graduate,Joint,No,2.28,Medium,1,111,7,No,50,10,48,77,15.2,25,8,Kinesthetic,1,6,1,Medium,0
S4283,25,Female,Low,Graduate,Single Parent,No,2.5,Medium,1,51,3,Yes,76,7,80,52,12.1,5,7,Mixed,4,10,1,Medium,0
S4284,20,Female,High,Postgraduate,Nuclear,Yes,2.26,Low,2,22,5,No,60,1,41,64,17.9,22,3,Visual,2,8,4,Low,0
S4285,17,Male,High,Secondary,Nuclear,No,1.58,Medium,1,63,3,No,54,1,100,65,17.4,1,6,Visual,2,10,4,Medium,1
S4286,17,Male,High,Graduate,Nuclear,Yes,2.09,Medium,3,114,5,No,96,0,85,50,3.3,11,10,Auditory,1,3,5,Medium,0
S4287,23,Female,Low,Secondary,Nuclear,Yes,3.88,Low,1,116,3,No,44,2,30,78,9.7,6,8,Mixed,4,6,2,High,1
S4288,25,Female,Medium,Secondary,Single Parent,Yes,3.05,Medium,0,110,3,No,91,10,74,89,17.7,28,9,Mixed,5,10,1,Medium,0
S4289,18,Female,Medium,Primary,Nuclear,No,2.18,High,3,28,3,No,86,7,95,93,13.3,8,2,Mixed,2,8,0,Medium,0
S4290,21,Female,Low,Secondary,Single Parent,No,3.86,Low,3,37,4,Yes,55,10,46,71,7.6,24,4,Mixed,1,4,0,Medium,0
S4291,20,Female,Low,Primary,Nuclear,Yes,1.94,Medium,2,38,4,Yes,94,1,61,94,13.6,21,5,Visual,5,1,4,Medium,0
S4292,23,Female,Medium,Primary,Nuclear,No,3.12,Medium,4,52,6,No,90,4,52,87,15.8,8,10,Kinesthetic,2,5,0,Medium,0
S4293,18,Female,Low,Secondary,Guardian,No,2.15,High,1,80,3,Yes,44,3,37,90,13.9,18,9,Visual,1,0,5,Medium,0
S4294,21,Female,High,None,Nuclear,Yes,1.72,High,1,89,7,No,66,2,57,28,1.2,11,3,Auditory,1,2,0,Low,1
S4295,19,Female,Medium,Graduate,Nuclear,No,1.93,Medium,2,21,3,No,66,4,56,34,1.8,8,3,Visual,2,0,3,Low,1
S4296,25,Male,Low,Secondary,Guardian,No,3.98,Medium,4,63,6,No,75,1,96,85,18.6,17,1,Visual,5,5,3,Low,0
S4297,17,Male,High,Postgraduate,Joint,No,2.2,Medium,1,59,4,No,79,0,76,48,16.5,21,7,Kinesthetic,1,10,5,Low,0
S4298,17,Male,Medium,Primary,Nuclear,No,3.75,Low,2,22,4,No,53,7,60,68,14.8,28,2,Mixed,3,5,3,Low,1
S4299,23,Male,Medium,Graduate,Nuclear,Yes,2.47,Medium,2,53,5,No,73,4,53,42,1.9,8,7,Kinesthetic,2,8,4,Low,0
S4300,18,Male,Low,Postgraduate,Joint,No,3.09,Medium,3,29,7,No,47,2,97,39,19.3,3,2,Auditory,4,7,3,Medium,1
S4301,23,Female,High,Graduate,Nuclear,No,3.29,High,4,37,6,No,53,0,37,25,2.8,11,5,Visual,2,8,1,Low,0
S4302,20,Male,Medium,None,Nuclear,No,2.25,Medium,4,64,3,No,71,8,50,95,9.5,5,7,Visual,4,10,0,Medium,0
S4303,20,Male,Low,Secondary,Joint,Yes,1.97,Medium,0,67,5,Yes,51,0,50,76,12.5,28,6,Kinesthetic,5,6,2,Low,1
S4304,19,Female,High,Graduate,Nuclear,No,1.56,Medium,4,114,3,No,66,3,79,61,19.7,15,1,Visual,3,7,3,High,1
S4305,17,Male,Medium,Postgraduate,Nuclear,No,1.82,Low,0,88,7,No,95,7,57,68,5.6,5,6,Auditory,4,10,3,Low,0
S4306,20,Male,Low,Postgraduate,Joint,Yes,3.76,High,2,49,4,Yes,88,10,60,61,13.4,25,10,Kinesthetic,5,4,0,High,0
S4307,20,Male,Low,Graduate,Nuclear,Yes,3.84,Medium,0,23,5,No,41,10,57,38,15.2,20,6,Visual,3,0,5,High,1
S4308,24,Other,Medium,Secondary,Nuclear,No,2.7,Medium,2,70,4,No,56,10,92,50,13.9,5,10,Mixed,2,5,4,High,1
S4309,25,Female,Low,Secondary,Nuclear,No,3.06,Medium,3,96,4,No,40,2,57,61,7.5,26,4,Mixed,2,1,5,Medium,0
S4310,22,Female,Medium,Primary,Nuclear,No,3.62,Medium,4,77,4,No,60,5,43,66,10.6,13,9,Mixed,1,3,2,Medium,0
S4311,22,Other,Low,Graduate,Nuclear,No,2.12,High,5,95,4,Yes,90,0,55,52,17.7,13,4,Visual,1,2,1,Low,0
S4312,23,Female,Low,Primary,Joint,No,2.0,Low,2,40,3,No,54,5,58,93,10.5,21,9,Auditory,1,1,3,Medium,0
S4313,22,Female,High,Secondary,Joint,Yes,2.5,Medium,3,74,3,No,84,4,69,62,2.2,4,4,Kinesthetic,3,8,1,Medium,0
S4314,24,Female,Medium,Postgraduate,Nuclear,No,3.4,Low,5,31,3,Yes,45,2,37,87,10.6,20,9,Mixed,3,2,4,Low,0
S4315,19,Female,Medium,Secondary,Joint,Yes,3.71,High,0,62,3,No,45,3,67,87,6.0,15,3,Kinesthetic,4,4,3,Low,1
S4316,21,Female,High,Secondary,Single Parent,Yes,2.63,High,2,68,7,No,69,10,78,84,11.8,23,9,Visual,2,5,3,High,0
S4317,19,Female,Medium,Secondary,Nuclear,Yes,3.14,Medium,4,63,7,No,71,2,45,72,18.6,20,10,Auditory,1,2,4,Low,0
S4318,25,Female,Medium,Secondary,Nuclear,Yes,3.41,Low,1,99,3,No,88,4,45,99,4.0,16,8,Visual,3,0,5,Medium,0
S4319,21,Female,High,Secondary,Nuclear,Yes,3.81,Low,5,107,3,Yes,93,5,92,63,16.5,18,1,Auditory,3,7,1,Low,0
S4320,20,Male,Medium,Primary,Joint,Yes,1.75,High,5,40,4,No,82,4,69,41,9.2,14,1,Mixed,4,2,1,High,1
S4321,17,Male,Medium,Postgraduate,Joint,No,1.51,High,4,53,4,No,71,6,34,56,19.2,16,7,Kinesthetic,2,7,5,Medium,0
S4322,24,Male,Medium,Postgraduate,Joint,No,2.69,Medium,0,78,4,No,99,7,50,51,19.3,26,6,Auditory,1,6,4,Low,0
S4323,22,Male,Medium,Postgraduate,Nuclear,No,2.53,Medium,4,95,7,No,97,0,66,87,16.2,5,6,Kinesthetic,4,5,4,Low,0
S4324,18,Male,Medium,Graduate,Single Parent,No,3.57,Low,2,46,5,No,87,4,47,37,10.3,16,10,Mixed,3,6,5,Medium,0
S4325,23,Male,Medium,Postgraduate,Joint,No,2.93,Low,5,23,7,Yes,60,2,32,86,11.7,27,7,Visual,3,1,3,Medium,0
S4326,18,Female,Low,Secondary,Nuclear,No,2.04,High,3,83,6,No,71,5,57,100,6.2,6,9,Visual,2,1,5,High,0
S4327,20,Female,Low,Secondary,Joint,No,2.03,Low,3,38,3,Yes,91,10,96,41,13.4,29,5,Visual,1,6,2,Medium,0
S4328,24,Male,Low,Secondary,Joint,No,2.66,Medium,5,82,7,No,69,5,59,91,18.0,24,5,Auditory,5,7,4,High,0
S4329,20,Male,Low,Primary,Single Parent,No,2.56,High,3,105,4,No,43,2,92,95,18.2,28,1,Mixed,1,6,1,Medium,1
S4330,19,Female,Low,Primary,Nuclear,No,1.76,Low,5,60,3,No,78,10,64,63,19.4,21,2,Kinesthetic,4,3,2,Medium,1
S4331,25,Male,Low,Graduate,Joint,Yes,2.35,High,0,71,7,No,68,7,31,76,1.6,12,6,Auditory,5,3,0,Medium,0
S4332,20,Male,High,None,Nuclear,No,2.27,Medium,2,69,3,No,60,8,97,95,11.6,14,1,Visual,3,4,1,Medium,0
S4333,17,Male,Medium,Secondary,Nuclear,Yes,3.94,Low,4,107,5,Yes,82,7,45,77,10.5,12,5,Kinesthetic,4,10,2,Medium,0
S4334,20,Male,Low,Graduate,Nuclear,No,3.24,Medium,1,34,4,No,57,7,39,72,7.2,5,4,Mixed,5,1,0,Low,0
S4335,19,Female,Medium,Graduate,Nuclear,Yes,3.98,Medium,3,20,4,No,48,2,76,97,17.6,17,2,Visual,1,8,1,High,1
S4336,17,Female,Low,Graduate,Nuclear,No,3.86,Low,5,106,5,No,60,5,76,55,9.8,24,2,Auditory,5,4,5,Low,0
S4337,25,Male,High,Secondary,Joint,Yes,2.92,High,0,59,6,No,54,7,47,76,9.1,25,10,Visual,1,5,3,Medium,0
S4338,24,Female,Medium,Secondary,Nuclear,No,2.43,Medium,3,36,6,No,78,6,33,50,5.5,3,6,Visual,1,1,5,High,0
S4339,17,Male,Low,Primary,Joint,Yes,1.57,Medium,2,101,5,Yes,96,9,84,31,10.8,14,1,Auditory,4,8,4,Medium,1
S4340,25,Male,Medium,Postgraduate,Joint,Yes,3.8,Medium,2,86,6,No,58,4,71,53,14.1,9,9,Mixed,2,9,4,Medium,0
S4341,17,Other,High,Secondary,Joint,No,3.56,Medium,2,44,5,Yes,80,0,33,96,12.5,24,10,Auditory,3,0,4,Low,0
S4342,25,Male,Low,None,Joint,Yes,1.95,Medium,3,111,3,No,70,9,69,67,2.8,23,10,Auditory,4,8,3,Low,0
S4343,20,Female,Medium,Graduate,Guardian,No,2.45,Medium,0,107,3,No,76,8,99,65,15.1,14,7,Visual,4,0,3,Medium,0
S4344,20,Male,Low,Secondary,Single Parent,No,2.33,High,0,38,3,No,71,10,88,64,17.5,1,6,Mixed,3,8,5,Medium,0
S4345,19,Female,Low,Postgraduate,Nuclear,No,1.7,Low,2,104,7,No,88,1,36,66,16.2,28,9,Kinesthetic,5,9,1,Low,0
S4346,18,Female,Low,Graduate,Single Parent,No,3.86,High,4,106,7,No,65,0,82,90,2.0,9,10,Visual,2,5,4,Medium,0
S4347,19,Female,Low,Postgraduate,Nuclear,Yes,2.87,Medium,3,107,7,Yes,97,10,97,83,6.9,16,6,Auditory,2,7,2,Medium,0
S4348,20,Female,Low,Primary,Nuclear,No,3.44,Medium,3,91,4,No,49,6,85,75,3.6,15,4,Mixed,1,10,5,Low,0
S4349,18,Male,Low,Graduate,Single Parent,No,1.97,Medium,1,67,7,No,68,8,55,22,19.5,11,7,Kinesthetic,3,2,3,Medium,0
S4350,21,Male,Low,Secondary,Nuclear,Yes,1.82,High,2,25,6,No,76,9,98,78,2.2,29,3,Auditory,3,5,5,High,1
S4351,20,Male,Medium,Primary,Nuclear,Yes,3.34,Low,2,61,5,No,47,6,42,88,10.3,29,10,Mixed,1,4,2,Medium,0
S4352,18,Female,Medium,Secondary,Nuclear,Yes,1.65,High,2,25,3,Yes,78,6,48,30,15.9,8,8,Auditory,3,5,5,Medium,0
S4353,17,Male,Low,Graduate,Single Parent,No,2.0,Medium,3,24,5,No,43,1,56,37,8.8,23,4,Mixed,4,0,2,Low,0
S4354,19,Male,Medium,Secondary,Single Parent,No,3.32,Low,2,42,6,No,56,0,80,81,2.0,5,2,Auditory,2,3,3,Medium,1
S4355,22,Male,Low,Graduate,Joint,No,3.34,Medium,2,24,7,Yes,41,5,75,28,19.3,7,5,Mixed,5,9,1,Medium,0
S4356,18,Male,High,Graduate,Nuclear,No,1.73,Medium,3,22,4,No,92,8,81,90,9.5,14,2,Auditory,4,0,3,Medium,1
S4357,18,Female,Medium,Postgraduate,Single Parent,No,3.33,Medium,0,53,3,No,53,1,57,54,10.6,28,4,Kinesthetic,5,2,2,Medium,0
S4358,18,Female,Medium,Secondary,Nuclear,No,2.4,Medium,0,78,3,No,52,1,37,36,5.9,19,3,Kinesthetic,4,5,5,Low,1
S4359,21,Female,Medium,Primary,Nuclear,No,3.41,Low,5,89,4,No,55,9,55,69,14.1,16,9,Kinesthetic,3,4,4,Low,0
S4360,20,Male,Low,Postgraduate,Joint,No,3.19,Medium,3,80,3,Yes,68,3,85,36,16.0,17,7,Visual,1,3,1,Medium,0
S4361,21,Male,Medium,Postgraduate,Guardian,No,3.22,Medium,0,81,6,Yes,62,9,82,44,2.9,23,5,Visual,5,3,3,High,0
S4362,24,Female,Medium,Primary,Joint,Yes,1.88,Medium,3,59,7,No,99,9,33,63,4.2,8,3,Visual,3,7,2,Low,1
S4363,24,Male,Medium,Graduate,Nuclear,No,3.99,Medium,2,28,4,No,70,1,85,74,17.3,5,10,Auditory,3,10,5,Low,0
S4364,24,Male,Low,Secondary,Nuclear,No,2.03,Low,4,21,7,Yes,47,8,46,79,19.5,18,8,Auditory,4,4,3,Medium,0
S4365,21,Female,Low,Postgraduate,Nuclear,Yes,3.89,Medium,2,75,6,No,71,2,86,71,19.2,3,9,Mixed,2,4,2,Medium,0
S4366,18,Female,Low,Primary,Nuclear,Yes,3.69,Medium,1,80,4,Yes,48,3,47,35,14.4,14,3,Mixed,5,1,1,Low,1
S4367,18,Male,Low,Secondary,Single Parent,No,1.61,Medium,5,96,6,Yes,76,10,97,43,16.6,17,8,Kinesthetic,3,1,3,Low,0
S4368,20,Female,Low,None,Joint,No,2.5,Low,4,36,6,Yes,53,0,38,38,3.4,28,3,Auditory,4,3,2,Medium,1
S4369,20,Male,Medium,Secondary,Nuclear,Yes,2.42,Medium,5,52,4,Yes,94,9,43,80,5.3,3,1,Mixed,3,9,1,High,0
S4370,18,Male,High,Secondary,Nuclear,Yes,3.05,Medium,4,79,4,No,65,6,92,67,18.4,8,6,Kinesthetic,4,6,3,Low,0
S4371,24,Female,Medium,Graduate,Single Parent,No,1.66,High,1,114,4,No,80,2,40,83,13.9,23,1,Visual,4,0,5,High,1
S4372,25,Male,Low,Graduate,Joint,No,1.51,High,2,50,3,No,43,0,61,50,7.3,14,4,Mixed,1,9,2,Low,1
S4373,19,Female,High,Primary,Nuclear,No,3.89,Low,2,79,7,No,40,10,36,30,4.4,23,10,Kinesthetic,4,0,2,Low,0
S4374,24,Male,High,Secondary,Single Parent,Yes,1.88,Low,3,28,5,No,64,7,68,39,8.3,9,1,Visual,4,8,3,Low,1
S4375,19,Male,Medium,Graduate,Nuclear,Yes,2.4,Medium,1,99,7,Yes,44,1,45,30,4.0,26,9,Kinesthetic,5,0,0,Medium,0
S4376,22,Other,Medium,Secondary,Joint,Yes,1.92,Low,2,53,5,Yes,81,1,41,27,17.0,29,5,Mixed,2,2,3,Low,0
S4377,22,Female,Medium,Postgraduate,Nuclear,Yes,3.1,Low,4,41,4,No,74,5,83,100,11.7,16,3,Mixed,2,1,1,Medium,0
S4378,18,Female,Medium,None,Single Parent,No,3.92,Low,4,27,4,Yes,47,0,45,23,3.8,12,4,Visual,5,4,0,Low,0
S4379,23,Male,Medium,Graduate,Nuclear,No,2.77,Medium,2,78,5,No,40,2,62,94,1.3,28,9,Mixed,5,1,2,Low,0
S4380,17,Male,High,Graduate,Nuclear,No,2.04,High,3,79,5,No,96,2,77,50,8.4,17,8,Auditory,1,10,4,Medium,0
S4381,17,Male,Medium,Graduate,Nuclear,No,2.72,Medium,0,35,3,Yes,89,7,75,82,13.6,7,5,Mixed,3,9,2,Medium,0
S4382,23,Female,Low,Postgraduate,Joint,No,3.87,Medium,5,45,5,No,88,1,64,24,10.4,7,4,Auditory,3,0,3,Low,0
S4383,17,Female,Medium,None,Nuclear,Yes,2.49,Low,5,69,5,No,47,5,58,65,9.3,12,2,Auditory,5,10,4,Medium,1
S4384,17,Male,Medium,Graduate,Nuclear,No,3.81,Low,5,41,3,Yes,62,5,39,22,6.4,11,9,Visual,1,5,5,Low,0
S4385,23,Male,Medium,Postgraduate,Nuclear,Yes,2.26,High,5,95,4,No,76,6,55,68,3.6,4,8,Auditory,2,4,2,High,0
S4386,25,Male,Medium,Graduate,Joint,Yes,1.68,Medium,2,41,3,No,98,2,34,88,7.0,1,8,Auditory,3,8,0,Medium,0
S4387,21,Male,Low,Secondary,Single Parent,No,3.53,Medium,2,111,6,Yes,43,3,40,68,10.0,27,4,Visual,2,2,5,High,1
S4388,18,Female,Low,Primary,Nuclear,No,3.67,Low,5,51,4,Yes,92,0,36,37,13.5,5,2,Auditory,4,2,5,Low,0
S4389,25,Male,Medium,Graduate,Joint,No,3.89,Low,2,25,5,Yes,85,6,83,63,8.7,18,10,Visual,3,2,2,High,0
S4390,24,Male,Low,Graduate,Joint,No,3.4,Low,5,113,3,Yes,67,6,48,51,11.7,25,3,Auditory,4,9,3,Medium,0
S4391,22,Male,Low,Primary,Nuclear,No,1.94,Low,5,87,4,Yes,97,10,82,61,15.4,7,8,Auditory,4,10,5,High,1
S4392,21,Male,High,Primary,Nuclear,No,1.78,High,2,86,7,Yes,76,10,81,89,12.4,19,6,Visual,4,8,0,High,1
S4393,25,Female,High,Graduate,Single Parent,No,3.04,Medium,3,78,6,Yes,59,7,74,94,12.0,18,4,Visual,3,10,0,Medium,0
S4394,25,Female,Medium,Postgraduate,Nuclear,No,3.07,Medium,3,38,4,Yes,62,1,82,53,9.9,5,5,Mixed,4,3,1,Medium,0
S4395,20,Male,Medium,Secondary,Nuclear,No,3.25,Medium,3,56,6,No,71,4,87,36,11.9,12,2,Auditory,4,10,0,Low,0
S4396,23,Male,High,Primary,Joint,No,3.48,High,5,77,6,Yes,69,0,53,52,14.6,18,6,Kinesthetic,4,9,1,Medium,0
S4397,24,Female,Low,Secondary,Single Parent,Yes,2.47,High,5,26,7,Yes,85,7,92,80,15.5,14,1,Mixed,2,8,1,Low,0
S4398,17,Female,Medium,Secondary,Nuclear,No,2.4,Low,2,57,5,No,73,2,81,65,17.9,18,9,Visual,1,4,1,Medium,0
S4399,20,Male,Medium,Secondary,Nuclear,No,2.44,Medium,1,79,5,No,49,7,78,35,18.1,28,1,Visual,5,10,0,High,1
S4400,21,Female,Low,Primary,Nuclear,No,3.79,Medium,2,20,5,Yes,94,6,94,78,13.8,22,5,Visual,4,5,2,Medium,0
S4401,17,Female,Low,Secondary,Single Parent,Yes,1.58,Medium,3,58,3,No,76,0,91,52,8.8,7,2,Visual,1,7,0,Medium,1
S4402,19,Female,Low,Primary,Nuclear,Yes,3.12,Low,5,80,4,No,60,9,31,62,14.8,7,8,Auditory,2,4,5,Medium,0
S4403,24,Male,High,Postgraduate,Guardian,No,1.59,High,0,52,3,No,49,7,45,64,8.0,7,3,Visual,4,2,5,Low,1
S4404,24,Male,Low,Primary,Joint,No,2.12,Medium,3,107,5,Yes,51,2,93,76,10.4,17,4,Auditory,3,0,1,Medium,0
S4405,23,Female,Low,Graduate,Nuclear,No,2.9,Medium,3,37,3,No,97,1,55,42,16.5,24,4,Mixed,1,4,5,High,0
S4406,23,Male,Medium,Postgraduate,Nuclear,No,3.81,Low,1,75,4,No,62,9,100,28,16.1,29,9,Kinesthetic,4,1,4,High,0
S4407,19,Female,Medium,Secondary,Nuclear,No,3.63,Low,5,54,6,No,51,4,59,57,10.3,25,4,Visual,4,7,0,Medium,0
S4408,20,Female,Low,Secondary,Nuclear,Yes,3.74,Medium,3,32,4,No,86,9,75,39,9.7,23,5,Mixed,5,4,3,Medium,0
S4409,24,Female,Medium,Graduate,Nuclear,No,2.9,Medium,0,88,7,No,45,4,98,31,19.9,19,9,Auditory,3,10,0,Low,0
S4410,25,Male,High,Graduate,Nuclear,Yes,3.98,Medium,3,40,7,No,44,4,57,67,8.7,12,5,Visual,5,7,3,Medium,0
S4411,18,Male,Low,Graduate,Single Parent,Yes,2.21,Low,3,20,5,No,81,7,96,23,1.1,5,6,Auditory,3,5,2,Medium,0
S4412,24,Female,Medium,None,Joint,No,3.24,Medium,5,93,5,Yes,51,5,38,21,17.0,18,4,Mixed,3,4,5,High,1
S4413,22,Male,Medium,Secondary,Nuclear,No,2.8,Medium,3,112,3,No,64,1,62,44,14.3,12,2,Auditory,1,8,4,Low,0
S4414,18,Male,High,Primary,Nuclear,No,2.77,Medium,0,26,5,No,92,1,92,96,19.5,15,9,Visual,4,4,0,High,0
S4415,20,Male,Low,Primary,Guardian,Yes,2.39,Medium,4,103,3,No,71,3,85,76,15.6,8,1,Auditory,3,5,3,Medium,0
S4416,24,Male,Low,Primary,Nuclear,No,2.79,High,5,60,7,No,44,3,39,42,1.6,24,1,Mixed,5,5,4,Medium,1
S4417,17,Male,Medium,Postgraduate,Single Parent,Yes,1.64,Low,5,88,3,Yes,73,8,48,95,9.6,7,9,Visual,4,6,4,High,1
S4418,19,Male,High,Graduate,Nuclear,No,1.58,Medium,2,110,4,Yes,77,0,97,61,9.4,21,10,Kinesthetic,3,0,1,Medium,0
S4419,23,Female,Medium,Secondary,Nuclear,No,2.83,Low,3,57,4,No,69,8,100,89,14.9,6,4,Mixed,5,8,4,High,0
S4420,18,Male,Medium,Graduate,Nuclear,No,3.94,Medium,3,45,5,Yes,63,7,99,52,17.5,12,5,Visual,2,0,0,Low,0
S4421,17,Male,Medium,Postgraduate,Nuclear,No,3.87,Low,1,29,7,No,59,9,100,58,2.5,26,3,Visual,4,7,5,Low,1
S4422,24,Female,Low,Primary,Joint,No,3.89,Medium,0,49,3,No,89,6,93,27,17.7,9,10,Visual,3,1,0,Medium,0
S4423,20,Male,Low,Postgraduate,Single Parent,Yes,3.57,High,1,114,7,Yes,80,6,48,51,15.5,20,6,Auditory,5,4,5,Low,0
S4424,17,Male,Medium,Postgraduate,Nuclear,Yes,2.85,Medium,3,67,3,No,47,5,61,46,13.6,4,4,Kinesthetic,2,8,1,Medium,0
S4425,19,Female,Medium,Primary,Nuclear,Yes,1.6,Medium,5,91,5,Yes,94,8,71,70,1.9,11,5,Mixed,4,2,0,Low,0
S4426,22,Female,Medium,Graduate,Joint,Yes,2.98,Medium,1,108,6,No,76,1,87,71,6.0,4,2,Visual,1,6,2,High,0
S4427,19,Female,Medium,Primary,Nuclear,No,2.2,Low,2,79,6,No,52,1,70,90,9.1,15,9,Auditory,1,4,1,Medium,0
S4428,25,Male,Low,Secondary,Nuclear,Yes,2.53,Medium,1,58,5,No,45,4,47,56,19.3,14,2,Kinesthetic,4,8,4,Medium,1
S4429,22,Male,High,Postgraduate,Nuclear,Yes,3.91,Low,2,48,4,No,70,6,55,50,8.7,2,5,Auditory,1,8,1,Medium,0
S4430,22,Female,Low,Graduate,Nuclear,Yes,2.02,Medium,3,53,6,No,50,2,95,57,3.8,1,6,Mixed,1,10,4,Low,0
S4431,23,Male,Low,Postgraduate,Nuclear,Yes,3.81,High,3,110,7,Yes,89,10,72,88,18.0,11,4,Mixed,1,6,4,Medium,0
S4432,19,Female,Medium,Secondary,Joint,No,3.11,Medium,3,95,3,No,57,2,33,42,15.1,2,8,Auditory,5,3,4,Medium,0
S4433,17,Male,Low,Primary,Nuclear,No,2.52,Medium,3,113,6,Yes,57,6,41,94,4.3,16,10,Mixed,5,7,3,Medium,0
S4434,17,Female,Medium,Primary,Single Parent,No,2.71,Low,5,74,5,No,49,1,70,79,5.5,8,9,Auditory,2,2,3,Medium,0
S4435,23,Female,Medium,Primary,Single Parent,No,2.56,Medium,2,32,6,No,62,3,95,93,5.5,28,5,Auditory,3,2,4,Medium,0
S4436,22,Female,Medium,Secondary,Nuclear,Yes,2.87,Low,5,48,4,No,75,0,80,94,18.5,12,8,Visual,4,10,4,Medium,0
S4437,22,Female,Medium,Postgraduate,Nuclear,No,3.31,Low,0,96,7,No,85,1,69,57,9.8,26,10,Visual,3,3,2,Low,0
S4438,18,Female,High,Primary,Joint,No,1.92,Low,4,62,7,Yes,93,1,56,25,5.7,21,9,Kinesthetic,1,6,0,Medium,0
S4439,24,Female,Medium,None,Single Parent,No,1.86,Medium,5,117,7,Yes,57,10,46,63,8.2,17,7,Auditory,1,3,1,High,1
S4440,18,Other,Medium,None,Single Parent,Yes,3.06,Medium,0,94,3,No,96,7,49,87,7.0,13,4,Mixed,3,9,4,Low,0
S4441,19,Female,Low,None,Joint,No,2.36,Medium,2,104,4,No,78,10,39,58,19.1,11,3,Mixed,4,8,1,Medium,0
S4442,18,Female,Medium,Graduate,Single Parent,No,3.0,Low,3,36,3,No,57,9,53,51,7.0,5,9,Auditory,5,9,5,High,1
S4443,24,Female,Medium,None,Nuclear,No,1.82,High,3,110,5,No,98,2,94,44,18.5,12,4,Kinesthetic,3,6,3,Medium,0
S4444,18,Male,High,Secondary,Nuclear,No,3.52,Medium,5,48,3,Yes,57,9,36,38,2.6,17,2,Mixed,4,9,1,High,1
S4445,18,Male,Low,Primary,Single Parent,No,2.07,High,1,81,6,No,56,4,47,87,3.3,11,2,Visual,1,1,2,Medium,1
S4446,23,Male,Medium,Graduate,Joint,No,3.33,Medium,2,50,3,No,70,1,89,55,8.3,25,7,Kinesthetic,2,9,0,Medium,0
S4447,20,Male,Low,Secondary,Nuclear,Yes,1.53,Medium,3,37,4,Yes,95,8,70,50,18.9,17,6,Visual,1,1,2,Medium,0
S4448,18,Female,Low,Secondary,Single Parent,Yes,2.54,Low,1,59,6,No,58,7,95,23,3.4,17,6,Visual,2,9,1,Medium,0
S4449,24,Female,Medium,Primary,Joint,Yes,2.39,High,4,109,6,No,77,7,83,45,12.3,26,5,Visual,1,7,5,Low,0
S4450,23,Male,Low,Secondary,Joint,No,2.96,High,2,97,6,No,48,0,74,99,1.4,24,4,Mixed,1,3,4,Low,0
S4451,24,Female,Low,Postgraduate,Nuclear,Yes,3.16,Low,1,58,7,No,99,0,55,60,1.6,25,3,Visual,4,4,5,Low,0
S4452,25,Male,Low,Primary,Single Parent,Yes,2.04,Medium,3,106,4,No,73,9,79,54,17.5,7,7,Auditory,2,7,4,High,0
S4453,18,Male,Medium,Secondary,Nuclear,Yes,2.27,Medium,4,21,3,No,93,8,93,44,6.6,1,6,Kinesthetic,4,2,3,Low,0
S4454,22,Male,Low,Primary,Nuclear,No,3.91,Medium,0,74,5,No,85,1,88,82,7.4,10,4,Auditory,1,2,1,High,0
S4455,20,Male,Low,Primary,Single Parent,No,1.72,High,3,111,6,No,48,1,97,81,14.5,9,7,Kinesthetic,5,9,2,Medium,1
S4456,17,Male,Medium,Secondary,Nuclear,No,3.37,Low,1,53,7,No,95,5,81,94,5.7,20,1,Visual,3,4,4,Medium,0
S4457,25,Female,Medium,Postgraduate,Nuclear,Yes,2.87,Medium,5,66,5,No,65,8,95,32,4.0,9,2,Mixed,4,1,0,Medium,0
S4458,24,Female,Low,Graduate,Nuclear,No,1.77,Low,4,74,3,No,49,5,62,30,15.7,13,1,Visual,3,2,5,Low,1
S4459,18,Female,Medium,Secondary,Joint,Yes,1.79,Low,5,56,3,Yes,56,3,75,62,4.0,25,10,Visual,1,8,1,High,1
S4460,20,Female,Medium,Postgraduate,Nuclear,Yes,3.51,Medium,2,106,5,No,91,2,74,96,8.3,15,10,Mixed,2,2,5,Medium,0
S4461,23,Female,Low,Primary,Nuclear,Yes,2.19,Medium,5,109,3,No,84,0,99,86,15.1,14,8,Auditory,1,2,0,Medium,0
S4462,18,Female,Low,Primary,Nuclear,No,3.38,Low,1,42,3,No,41,2,53,33,10.7,25,1,Kinesthetic,1,9,1,Low,1
S4463,20,Male,Medium,Postgraduate,Single Parent,No,2.18,Medium,3,40,6,No,90,4,56,67,16.5,3,3,Visual,4,6,0,Medium,0
S4464,23,Male,Low,None,Nuclear,No,1.58,Medium,5,105,5,Yes,87,7,98,87,6.1,19,10,Auditory,4,10,4,Medium,0
S4465,21,Female,Low,Graduate,Nuclear,No,2.24,Medium,4,93,7,Yes,40,5,90,53,1.1,11,10,Auditory,4,2,0,Medium,0
S4466,25,Male,Medium,None,Single Parent,No,3.82,Low,2,66,6,No,64,2,76,100,3.1,5,3,Kinesthetic,4,8,2,High,0
S4467,24,Female,Low,Graduate,Joint,Yes,2.26,High,2,111,3,No,75,6,72,30,7.8,10,9,Mixed,3,8,0,Medium,0
S4468,21,Female,High,Postgraduate,Nuclear,Yes,3.58,High,1,76,7,No,51,1,51,98,14.0,2,10,Mixed,5,8,1,High,1
S4469,19,Female,High,Secondary,Joint,No,2.35,Medium,5,23,5,Yes,53,0,48,70,11.0,20,10,Mixed,4,4,1,Low,0
S4470,17,Female,Medium,Graduate,Joint,No,2.71,Medium,0,49,4,No,93,3,34,93,17.1,28,8,Kinesthetic,5,5,1,Low,0
S4471,22,Male,Medium,Postgraduate,Nuclear,No,2.44,Medium,3,109,7,Yes,71,5,89,82,9.8,15,10,Visual,4,1,2,Medium,0
S4472,18,Female,High,Postgraduate,Nuclear,No,2.79,Medium,1,86,6,No,66,4,72,91,16.1,11,7,Auditory,5,0,0,Low,0
S4473,24,Female,High,Postgraduate,Nuclear,No,3.51,High,4,55,3,Yes,91,3,52,28,9.9,14,7,Mixed,4,0,2,Low,0
S4474,23,Male,High,Secondary,Single Parent,No,2.81,Low,5,109,7,No,92,9,46,59,16.8,25,9,Mixed,2,7,0,High,0
S4475,19,Male,High,Secondary,Nuclear,Yes,2.4,Medium,3,99,7,Yes,54,5,49,58,12.3,19,1,Kinesthetic,1,3,0,Medium,1
S4476,21,Female,Medium,Secondary,Joint,Yes,1.64,Medium,4,104,5,No,68,6,44,88,14.3,10,4,Mixed,1,10,2,Medium,0
S4477,22,Female,Medium,Secondary,Nuclear,No,1.81,Low,0,92,4,No,48,7,73,97,16.1,15,6,Kinesthetic,4,3,0,Medium,1
S4478,23,Male,Medium,Graduate,Nuclear,Yes,2.05,High,2,59,7,No,81,4,96,85,9.0,8,8,Mixed,1,3,4,Medium,0
S4479,19,Male,Low,Secondary,Nuclear,Yes,3.24,Medium,0,35,5,No,99,3,71,74,1.4,24,6,Visual,3,5,1,Medium,0
S4480,25,Male,High,Secondary,Nuclear,Yes,3.89,Medium,0,44,7,No,58,0,85,30,18.2,25,10,Auditory,4,6,4,Medium,0
S4481,18,Female,Low,Postgraduate,Nuclear,Yes,3.48,Low,3,88,7,No,76,0,31,59,12.3,14,1,Visual,4,1,1,Low,0
S4482,25,Other,Low,Secondary,Single Parent,Yes,3.91,High,1,26,3,No,94,0,40,92,3.0,22,2,Mixed,1,8,2,Low,0
S4483,19,Male,Medium,Postgraduate,Single Parent,No,2.98,Medium,1,97,6,Yes,72,9,31,26,4.1,15,6,Visual,1,0,5,Medium,0
S4484,21,Other,Low,Secondary,Nuclear,No,2.77,Medium,3,103,5,Yes,56,2,56,32,8.6,1,3,Mixed,2,0,3,Medium,1
S4485,18,Female,High,None,Nuclear,Yes,2.01,Medium,5,40,4,Yes,47,7,81,31,12.7,26,5,Auditory,5,9,4,Medium,0
S4486,17,Other,Low,Postgraduate,Joint,No,2.74,Low,5,99,5,Yes,68,2,100,71,16.6,24,9,Visual,2,10,5,Low,0
S4487,24,Female,Medium,Primary,Single Parent,No,2.59,Low,2,96,7,Yes,82,1,59,23,7.2,8,7,Visual,5,8,3,High,0
S4488,20,Female,Medium,Graduate,Single Parent,No,1.56,Medium,0,28,7,Yes,82,1,94,53,11.8,14,5,Kinesthetic,2,6,3,Low,0
S4489,23,Male,Medium,Graduate,Nuclear,No,2.38,Medium,0,80,3,Yes,49,0,31,85,19.2,26,5,Mixed,5,9,3,Low,0
S4490,17,Male,Medium,Postgraduate,Nuclear,No,1.57,Medium,0,95,6,No,64,5,69,95,16.5,23,7,Auditory,4,7,0,High,1
S4491,17,Male,High,None,Nuclear,No,1.83,Medium,1,77,7,No,58,6,94,30,7.9,18,4,Kinesthetic,4,10,4,High,1
S4492,23,Female,Medium,Secondary,Guardian,No,2.76,Medium,5,69,5,No,59,9,60,47,19.6,15,7,Visual,5,10,5,Medium,0
S4493,21,Female,High,Graduate,Nuclear,Yes,3.4,Low,3,58,7,No,91,0,73,20,5.2,25,3,Kinesthetic,1,10,2,Medium,0
S4494,19,Female,Low,Postgraduate,Nuclear,No,2.84,Medium,1,108,7,No,54,4,89,39,3.2,28,4,Auditory,2,10,5,Medium,0
S4495,19,Male,Low,Secondary,Guardian,Yes,3.97,High,5,82,5,Yes,76,7,81,29,2.0,28,2,Visual,2,3,2,Medium,0
S4496,18,Female,Low,Secondary,Single Parent,Yes,2.17,Medium,4,106,7,Yes,93,5,34,34,5.5,2,10,Auditory,3,3,1,Low,0
S4497,20,Male,Medium,None,Single Parent,Yes,1.97,Low,5,22,5,Yes,86,6,76,45,2.1,3,7,Visual,5,5,1,Medium,0
S4498,22,Male,Low,Secondary,Joint,No,3.55,Low,5,75,7,No,52,4,76,38,7.8,28,4,Mixed,4,6,4,High,1
S4499,21,Female,Medium,Postgraduate,Nuclear,No,2.07,Low,1,103,3,Yes,76,0,99,32,13.6,25,2,Auditory,1,7,2,High,0
S4500,22,Female,Low,Graduate,Nuclear,No,3.2,High,2,79,3,No,80,8,79,74,19.7,1,5,Visual,5,0,4,Medium,0
S4501,21,Male,Low,Graduate,Nuclear,Yes,3.71,Medium,3,41,5,Yes,98,4,38,62,11.1,21,10,Auditory,3,3,0,Medium,0
S4502,22,Female,Low,None,Joint,No,2.49,Medium,4,37,5,No,68,5,84,44,1.0,21,2,Auditory,4,3,0,High,0
S4503,19,Female,Low,Secondary,Nuclear,Yes,3.11,Medium,4,111,4,No,55,1,78,82,5.3,1,3,Auditory,4,8,5,Medium,1
S4504,19,Female,Medium,Secondary,Guardian,Yes,2.39,Low,2,62,5,No,83,9,80,29,17.4,23,1,Mixed,5,9,0,Low,0
S4505,18,Male,Low,None,Nuclear,No,3.97,Medium,2,115,6,Yes,62,9,37,74,2.7,18,7,Kinesthetic,1,5,0,Low,0
S4506,23,Female,Medium,Secondary,Nuclear,No,1.7,Medium,0,109,6,No,54,2,74,56,18.0,11,9,Visual,2,7,0,Medium,1
S4507,21,Male,Low,Graduate,Joint,No,2.54,Low,4,111,3,No,75,7,92,97,1.5,8,2,Auditory,2,7,4,Low,0
S4508,25,Female,Low,Graduate,Single Parent,No,1.78,High,3,85,3,No,71,5,36,43,15.6,5,6,Auditory,5,2,4,Medium,0
S4509,21,Male,Low,Graduate,Joint,No,3.06,Medium,3,72,6,No,60,10,71,71,15.6,13,8,Visual,2,9,5,Medium,0
S4510,21,Male,Medium,None,Nuclear,Yes,3.94,Medium,0,105,3,No,64,4,70,99,17.7,5,7,Visual,2,2,2,Medium,0
S4511,23,Male,Medium,Secondary,Nuclear,No,1.68,Medium,0,33,5,No,71,10,38,39,19.4,5,6,Kinesthetic,1,1,3,Low,0
S4512,18,Female,Medium,Secondary,Joint,Yes,2.34,Medium,2,44,6,No,65,8,85,79,16.5,17,7,Visual,1,0,2,Medium,0
S4513,18,Female,Medium,Primary,Nuclear,Yes,3.3,Low,0,101,4,Yes,78,3,66,33,14.2,12,9,Mixed,5,10,1,Low,0
S4514,17,Female,Medium,Secondary,Nuclear,Yes,2.2,Low,4,93,3,No,66,9,91,70,17.5,14,1,Kinesthetic,3,8,1,High,0
S4515,21,Female,Low,Graduate,Nuclear,No,3.58,Low,0,50,7,No,96,8,70,30,9.1,5,1,Auditory,3,8,0,Low,0
S4516,23,Female,Medium,Secondary,Single Parent,Yes,3.47,Medium,5,80,4,No,98,2,51,51,10.3,3,6,Visual,1,5,1,Medium,0
S4517,24,Female,Medium,Primary,Nuclear,Yes,1.62,High,3,35,7,No,57,0,80,60,4.4,28,8,Mixed,2,6,5,Low,1
S4518,19,Male,Low,Primary,Joint,No,2.93,Low,2,35,5,No,95,2,88,69,20.0,28,3,Visual,3,1,3,Low,0
S4519,23,Male,Low,Graduate,Nuclear,Yes,2.02,Medium,1,55,3,Yes,83,5,96,35,13.5,8,3,Visual,2,4,0,Medium,0
S4520,21,Male,Medium,Primary,Nuclear,No,2.18,Medium,0,64,5,Yes,95,1,30,51,3.4,9,1,Kinesthetic,1,7,5,Low,0
S4521,24,Male,High,Primary,Nuclear,Yes,1.8,Low,1,118,5,No,63,8,52,23,10.4,24,5,Mixed,3,9,1,Low,0
S4522,21,Other,High,Primary,Nuclear,No,3.07,Medium,5,88,3,No,70,2,38,62,20.0,2,3,Visual,2,5,4,High,0
S4523,22,Female,High,Graduate,Nuclear,No,2.2,Medium,2,93,4,No,64,7,78,22,9.6,19,2,Auditory,2,2,3,Medium,0
S4524,17,Male,Low,Primary,Nuclear,No,1.61,Medium,5,34,6,Yes,72,5,37,41,6.8,23,7,Auditory,2,6,5,Low,0
S4525,19,Male,Medium,Graduate,Joint,No,2.23,Medium,5,82,3,Yes,67,3,46,67,10.0,1,4,Kinesthetic,4,3,3,High,0
S4526,21,Male,Medium,Primary,Nuclear,Yes,3.65,Low,2,32,7,Yes,58,1,38,35,6.8,27,7,Visual,2,5,4,Medium,0
S4527,25,Male,Low,Graduate,Nuclear,Yes,2.65,Medium,5,82,3,No,93,8,33,70,13.7,24,5,Visual,3,5,5,Medium,0
S4528,21,Female,Low,Secondary,Nuclear,Yes,3.1,Low,0,111,4,Yes,44,4,72,32,13.3,26,10,Auditory,4,9,0,High,1
S4529,22,Female,Low,Graduate,Nuclear,No,2.25,High,3,21,7,No,63,2,60,53,8.3,28,9,Mixed,4,9,5,High,0
S4530,24,Female,Low,Primary,Nuclear,Yes,1.95,Medium,1,26,5,No,41,8,35,76,9.9,20,7,Kinesthetic,2,1,1,Medium,1
S4531,22,Female,Low,Primary,Single Parent,No,2.45,Medium,1,77,5,No,58,3,63,99,10.7,9,10,Visual,3,5,2,Medium,0
S4532,24,Male,Low,Graduate,Nuclear,No,2.89,High,0,59,6,No,77,9,79,74,9.9,7,2,Kinesthetic,5,8,4,Medium,0
S4533,23,Male,High,Secondary,Single Parent,Yes,2.62,Medium,0,103,4,Yes,71,9,93,21,14.2,15,2,Visual,4,4,3,Low,0
S4534,21,Female,Medium,None,Nuclear,Yes,1.71,Medium,2,98,6,No,87,3,98,31,3.9,10,3,Mixed,3,10,3,Medium,1
S4535,24,Male,High,Postgraduate,Nuclear,No,1.75,High,5,24,7,No,99,5,46,79,16.3,10,9,Visual,2,8,5,Medium,0
S4536,22,Male,Medium,Graduate,Nuclear,No,1.74,Medium,0,51,7,No,55,2,41,98,9.1,3,10,Mixed,3,3,0,Medium,1
S4537,22,Female,Medium,Secondary,Nuclear,No,2.97,Medium,5,51,5,No,86,6,72,41,1.2,18,1,Auditory,2,4,3,Medium,0
S4538,19,Female,Low,Secondary,Nuclear,Yes,1.98,Medium,2,118,7,No,51,10,43,70,19.9,2,9,Visual,2,0,3,Low,1
S4539,20,Male,High,Postgraduate,Nuclear,Yes,3.19,Medium,2,88,4,No,50,3,46,30,19.7,22,1,Visual,5,4,1,Medium,1
S4540,19,Male,Medium,Graduate,Single Parent,No,2.77,Low,3,114,3,No,64,4,95,35,11.3,2,8,Visual,2,1,5,High,0
S4541,21,Male,Medium,Postgraduate,Nuclear,No,1.57,Medium,1,51,6,Yes,86,0,81,58,7.7,10,2,Mixed,3,9,2,High,1
S4542,17,Female,Low,None,Nuclear,Yes,3.03,Low,5,76,4,Yes,57,2,33,67,9.1,17,10,Auditory,2,4,5,Medium,0
S4543,21,Male,Low,Secondary,Joint,No,2.67,Medium,1,112,5,Yes,92,8,86,91,14.3,28,4,Kinesthetic,4,5,2,Medium,0
S4544,19,Female,High,Secondary,Nuclear,No,3.67,Medium,5,106,7,No,89,7,100,52,17.1,8,3,Mixed,2,9,5,Medium,0
S4545,23,Male,Low,None,Single Parent,Yes,1.76,Low,4,28,4,Yes,96,3,42,58,17.9,2,1,Kinesthetic,1,0,2,High,1
S4546,20,Male,Low,Primary,Nuclear,No,2.55,Medium,3,118,4,Yes,72,8,49,63,6.3,11,5,Kinesthetic,4,0,1,Low,0
S4547,17,Male,Low,Secondary,Nuclear,No,2.77,Low,2,61,3,No,43,4,82,74,2.3,25,7,Mixed,1,7,4,High,1
S4548,25,Female,Low,Secondary,Single Parent,No,2.35,Low,1,117,3,No,73,3,37,93,1.0,12,3,Mixed,5,8,5,Medium,0
S4549,23,Male,Low,Postgraduate,Guardian,No,2.98,Medium,0,96,5,No,99,8,99,54,8.3,14,10,Mixed,2,8,3,High,0
S4550,18,Female,Medium,Secondary,Nuclear,Yes,3.62,High,1,112,5,No,42,8,53,94,5.2,29,5,Visual,4,10,3,Medium,0
S4551,25,Male,Medium,Primary,Guardian,Yes,2.21,Medium,3,111,6,Yes,88,1,83,29,9.5,22,9,Visual,3,2,4,Medium,0
S4552,18,Female,Low,None,Single Parent,Yes,2.66,Low,4,63,6,No,59,8,71,90,17.6,11,6,Auditory,5,3,4,Medium,0
S4553,19,Female,Low,Primary,Nuclear,Yes,1.84,Low,5,95,7,No,93,8,30,93,9.3,12,8,Auditory,2,10,4,Medium,0
S4554,21,Other,Low,Graduate,Nuclear,No,3.9,Low,5,37,5,No,72,7,78,74,9.9,27,7,Kinesthetic,1,3,4,Low,0
S4555,20,Female,High,Graduate,Nuclear,No,1.86,Medium,2,88,3,No,96,5,74,59,13.3,23,8,Visual,1,9,4,Low,0
S4556,19,Female,Medium,Postgraduate,Nuclear,No,3.23,Low,1,36,4,No,52,9,53,22,17.7,15,8,Visual,5,6,1,Medium,0
S4557,19,Male,Low,None,Nuclear,No,3.65,High,4,109,3,No,84,1,81,51,17.0,3,10,Visual,2,1,0,Medium,0
S4558,21,Male,Medium,Secondary,Nuclear,Yes,2.65,Low,2,68,6,No,72,3,84,100,10.0,23,10,Mixed,1,1,4,Low,0
S4559,20,Male,Low,Postgraduate,Joint,No,2.41,Medium,3,81,5,No,41,8,38,89,19.3,25,8,Mixed,5,8,0,Medium,0
S4560,21,Male,Low,Graduate,Joint,No,3.22,Medium,4,22,4,No,79,2,59,66,7.2,2,9,Auditory,4,9,2,High,0
S4561,21,Male,Medium,Secondary,Nuclear,No,2.75,Low,2,109,3,No,89,4,68,59,14.8,14,2,Kinesthetic,1,4,0,Low,0
S4562,19,Male,Low,Postgraduate,Nuclear,No,2.43,High,1,59,3,No,83,4,52,61,19.9,15,10,Auditory,3,4,5,Medium,0
S4563,18,Male,Medium,Primary,Nuclear,Yes,3.76,High,3,49,4,No,59,9,43,66,6.1,29,1,Visual,1,10,2,Medium,1
S4564,24,Male,High,Secondary,Joint,No,2.53,Low,0,72,5,No,86,9,65,87,4.4,14,1,Visual,4,6,1,Medium,0
S4565,25,Female,Medium,Graduate,Nuclear,No,2.84,Medium,0,99,4,No,42,7,63,24,3.6,25,4,Mixed,3,4,4,High,1
S4566,20,Female,Low,Primary,Guardian,No,2.07,Medium,3,26,5,No,96,10,49,43,20.0,17,8,Mixed,4,7,4,Medium,0
S4567,20,Male,Low,Graduate,Joint,No,1.97,Medium,5,73,7,Yes,61,2,70,71,13.1,4,8,Visual,5,4,4,Low,0
S4568,19,Male,Medium,Secondary,Nuclear,No,2.44,Medium,0,28,7,Yes,59,10,95,59,11.5,21,6,Auditory,5,7,2,Low,0
S4569,22,Other,Medium,Secondary,Single Parent,No,2.13,Low,4,108,7,No,43,10,89,83,5.0,23,9,Kinesthetic,3,8,4,Low,0
S4570,22,Female,Medium,None,Nuclear,No,2.89,Medium,5,69,6,No,72,2,33,31,1.6,4,8,Kinesthetic,1,5,1,Low,0
S4571,21,Female,Medium,Primary,Nuclear,No,2.43,Low,5,81,4,Yes,41,4,91,69,2.1,20,9,Auditory,2,9,1,Medium,0
S4572,25,Female,Medium,Graduate,Nuclear,No,1.69,High,2,81,6,No,72,2,76,33,6.0,9,7,Mixed,5,6,1,High,1
S4573,18,Male,Low,Secondary,Nuclear,No,2.65,Medium,1,37,3,No,86,8,32,63,7.7,13,8,Kinesthetic,2,9,2,Medium,0
S4574,24,Male,Medium,Secondary,Single Parent,No,1.92,Medium,2,45,7,Yes,85,3,53,49,16.9,9,9,Visual,1,10,3,Medium,0
S4575,20,Male,Low,None,Joint,No,3.4,Medium,5,64,5,No,76,9,91,65,1.2,5,5,Kinesthetic,1,1,4,Low,0
S4576,21,Female,Low,Graduate,Nuclear,Yes,3.5,Medium,1,46,3,No,65,4,54,33,18.6,10,7,Kinesthetic,3,7,1,Medium,0
S4577,21,Male,Low,Primary,Nuclear,No,2.65,Low,1,95,6,No,73,4,74,66,2.8,25,6,Visual,5,9,4,High,0
S4578,19,Female,Medium,Primary,Single Parent,Yes,1.58,Medium,2,37,7,No,51,10,87,31,14.8,15,6,Visual,5,3,3,High,1
S4579,20,Male,Medium,Secondary,Single Parent,No,3.55,Medium,3,77,6,No,97,9,81,44,8.6,9,5,Kinesthetic,3,9,4,Medium,0
S4580,18,Male,Medium,Primary,Joint,No,1.54,Medium,5,62,7,No,56,6,83,50,2.0,6,5,Visual,5,9,2,High,1
S4581,20,Male,High,Postgraduate,Nuclear,No,2.42,Low,2,61,3,No,47,0,81,31,4.0,25,9,Auditory,4,2,0,Low,0
S4582,25,Female,Low,Secondary,Guardian,Yes,2.35,Medium,3,29,3,Yes,53,0,79,54,14.8,1,8,Mixed,3,0,1,Medium,0
S4583,21,Male,Medium,Secondary,Nuclear,No,1.52,Medium,4,64,4,No,63,1,82,67,7.9,18,10,Mixed,3,3,3,Low,0
S4584,18,Male,Low,Graduate,Joint,No,2.3,Medium,5,89,3,No,90,5,71,59,11.1,23,7,Mixed,2,5,5,Medium,0
S4585,17,Male,Medium,Primary,Nuclear,No,2.66,Low,1,88,6,No,93,1,85,20,9.6,15,3,Kinesthetic,3,9,1,Low,0
S4586,18,Female,Medium,Primary,Joint,No,1.56,Medium,1,80,6,Yes,76,8,91,77,17.6,13,1,Visual,5,8,0,Low,1
S4587,19,Female,Medium,Graduate,Guardian,No,3.41,Low,5,96,6,No,78,10,34,31,9.4,5,7,Kinesthetic,4,9,1,Medium,0
S4588,19,Female,High,Graduate,Joint,Yes,2.47,Medium,0,106,6,Yes,99,10,79,95,10.9,25,3,Visual,1,8,2,High,0
S4589,25,Female,Low,Primary,Nuclear,Yes,2.33,High,3,60,7,No,94,5,54,81,19.2,26,3,Visual,5,5,1,Medium,0
S4590,22,Male,Medium,Primary,Nuclear,No,3.54,Medium,2,90,5,No,82,7,47,25,9.6,4,2,Kinesthetic,4,6,3,High,0
S4591,25,Male,Medium,Graduate,Nuclear,No,2.03,Medium,2,98,6,No,92,2,59,99,2.0,19,2,Mixed,5,10,2,Low,0
S4592,21,Female,Low,Primary,Joint,No,2.45,Medium,2,88,5,Yes,97,10,69,68,15.9,23,8,Visual,4,6,4,Medium,0
S4593,21,Male,Medium,Graduate,Joint,Yes,3.41,Low,4,52,7,No,92,3,66,91,19.5,17,2,Mixed,5,9,1,Medium,0
S4594,25,Female,High,None,Nuclear,No,2.61,Low,1,21,7,No,74,2,67,49,13.4,17,9,Mixed,5,4,2,Medium,0
S4595,19,Female,Low,Secondary,Nuclear,Yes,1.86,Medium,3,64,3,No,50,3,33,66,9.6,28,8,Auditory,4,2,1,Low,1
S4596,23,Female,Medium,Secondary,Nuclear,Yes,3.03,Low,1,40,6,No,75,0,38,56,12.8,5,8,Kinesthetic,1,3,4,Medium,0
S4597,17,Female,Low,Graduate,Nuclear,No,1.73,High,0,45,6,No,44,8,76,35,2.1,10,6,Auditory,5,8,0,Medium,1
S4598,18,Female,Low,Postgraduate,Single Parent,No,3.28,Medium,5,69,7,No,92,4,72,82,16.5,5,4,Auditory,2,0,0,Low,0
S4599,19,Female,High,Primary,Nuclear,Yes,2.64,Low,4,65,6,No,43,6,37,26,9.6,17,10,Auditory,4,10,0,High,1
S4600,18,Female,High,Primary,Joint,No,3.08,Medium,1,82,4,Yes,55,6,48,85,2.3,17,2,Visual,1,1,1,Medium,1
S4601,22,Male,High,Secondary,Nuclear,Yes,2.13,Low,3,21,7,No,89,10,56,34,12.8,5,2,Auditory,4,0,4,Medium,0
S4602,17,Other,Low,Secondary,Nuclear,No,2.31,Low,4,97,3,Yes,90,9,58,90,16.9,17,3,Auditory,3,2,4,Low,0
S4603,24,Male,Low,Graduate,Nuclear,No,2.11,Medium,0,23,7,No,78,5,31,40,8.8,15,4,Visual,1,7,0,Medium,0
S4604,20,Male,Medium,Secondary,Nuclear,Yes,1.9,Low,2,101,3,Yes,96,10,65,71,5.7,28,10,Kinesthetic,3,1,3,High,1
S4605,20,Male,Low,Graduate,Nuclear,No,2.98,High,2,20,4,No,82,1,32,63,19.0,2,9,Visual,1,4,1,Medium,0
S4606,17,Female,Medium,Postgraduate,Nuclear,Yes,1.77,Medium,1,97,3,No,42,0,78,23,8.5,15,9,Kinesthetic,1,1,1,Medium,1
S4607,23,Other,Low,Secondary,Guardian,Yes,2.3,Low,4,94,6,Yes,71,0,71,97,3.2,20,7,Visual,3,3,4,Low,0
S4608,17,Male,Low,Secondary,Joint,Yes,3.29,Low,4,91,6,No,47,10,53,81,10.8,14,4,Mixed,2,9,5,Medium,0
S4609,24,Male,High,Graduate,Nuclear,Yes,3.41,Medium,0,37,3,No,74,1,85,71,2.8,7,7,Visual,2,3,0,Medium,0
S4610,18,Male,Medium,None,Nuclear,Yes,3.65,High,0,119,5,Yes,58,7,89,67,14.7,6,6,Mixed,2,6,5,Medium,0
S4611,24,Female,High,Primary,Single Parent,No,3.48,High,4,105,3,Yes,66,10,47,92,15.6,14,7,Visual,5,9,3,Medium,0
S4612,20,Female,Low,Postgraduate,Single Parent,No,2.96,High,5,65,6,No,90,4,94,48,8.2,14,7,Visual,5,3,4,High,0
S4613,23,Female,Low,Graduate,Nuclear,No,4.0,High,3,71,4,Yes,42,4,81,58,12.7,25,10,Visual,1,8,2,Low,0
S4614,18,Other,Low,Graduate,Single Parent,No,3.75,High,0,55,7,Yes,82,9,62,72,17.6,26,2,Visual,1,9,3,High,0
S4615,22,Female,Medium,Graduate,Guardian,No,3.34,High,0,47,5,No,97,8,45,33,10.0,19,1,Visual,3,3,5,Medium,0
S4616,17,Male,Medium,Postgraduate,Nuclear,No,3.79,Medium,1,38,5,Yes,54,4,63,82,9.6,17,2,Visual,1,3,2,Low,1
S4617,19,Male,Low,Primary,Nuclear,No,2.63,Medium,1,51,3,Yes,47,4,74,84,1.9,8,2,Visual,4,8,3,High,1
S4618,24,Female,Low,Secondary,Single Parent,No,2.84,Low,4,82,6,Yes,76,10,54,27,15.5,19,5,Auditory,3,9,0,Medium,0
S4619,21,Female,Low,Graduate,Single Parent,No,3.73,Medium,2,36,6,No,97,0,47,64,13.7,20,4,Kinesthetic,4,6,4,Low,0
S4620,22,Female,Low,Secondary,Joint,No,3.99,Medium,2,87,6,Yes,91,0,90,89,10.9,4,4,Auditory,4,10,3,High,0
S4621,22,Female,Low,Primary,Nuclear,Yes,1.72,Medium,3,88,3,No,59,8,78,73,11.5,23,7,Auditory,3,7,4,Medium,1
S4622,18,Female,Low,Secondary,Nuclear,Yes,2.98,Medium,5,96,6,Yes,82,7,54,71,11.1,14,6,Visual,1,8,3,High,0
S4623,18,Male,High,Secondary,Single Parent,No,3.31,Medium,2,119,7,No,54,5,76,50,6.8,8,8,Visual,4,6,0,Low,0
S4624,23,Female,Low,Graduate,Single Parent,No,2.77,Low,2,119,6,No,41,4,86,56,17.1,21,1,Auditory,2,2,3,Medium,1
S4625,23,Female,Medium,Primary,Nuclear,No,3.38,Medium,1,51,5,No,84,5,40,68,12.1,24,3,Auditory,4,5,1,Low,0
S4626,21,Female,Low,Secondary,Joint,No,1.86,Low,1,104,3,Yes,72,1,88,28,7.1,23,1,Auditory,2,10,2,Low,1
S4627,17,Female,Medium,Graduate,Joint,No,2.13,High,1,80,4,No,86,10,62,85,1.7,6,9,Auditory,2,10,1,Medium,0
S4628,22,Female,Medium,Graduate,Joint,Yes,2.63,Medium,4,56,3,No,97,10,39,35,1.2,7,2,Mixed,4,7,5,Low,0
S4629,21,Female,High,Graduate,Nuclear,No,2.97,High,5,28,3,No,81,5,89,23,13.9,14,6,Auditory,4,7,0,Medium,0
S4630,19,Female,Low,None,Joint,No,1.72,Medium,5,86,4,No,84,5,98,22,15.5,29,8,Kinesthetic,3,2,1,Medium,0
S4631,25,Female,Low,Secondary,Joint,No,3.7,High,5,51,6,No,45,10,33,37,7.5,2,3,Auditory,4,9,4,Low,1
S4632,18,Male,Low,Graduate,Joint,No,2.71,Medium,5,32,7,No,51,2,79,54,3.6,17,3,Kinesthetic,5,7,3,Medium,1
S4633,25,Male,Low,Graduate,Nuclear,Yes,3.64,High,3,94,7,No,90,3,53,25,3.5,12,3,Visual,5,0,2,Medium,0
S4634,18,Male,Medium,Primary,Joint,No,1.71,Medium,2,54,3,No,80,9,76,48,12.7,5,8,Mixed,5,8,3,Medium,0
S4635,24,Male,Medium,Secondary,Nuclear,No,2.18,Low,2,34,6,Yes,95,4,72,88,7.4,8,1,Auditory,4,10,1,Medium,0
S4636,18,Female,Medium,Secondary,Nuclear,No,3.17,Medium,4,40,4,No,88,4,56,73,17.0,10,9,Mixed,1,7,1,High,0
S4637,22,Other,Low,None,Joint,Yes,2.6,Low,1,50,7,No,72,8,60,24,17.9,8,3,Mixed,4,0,1,High,0
S4638,18,Male,Medium,Postgraduate,Nuclear,No,1.91,Medium,3,38,7,Yes,60,5,63,22,9.5,5,9,Visual,2,0,4,Medium,0
S4639,23,Male,Medium,Postgraduate,Nuclear,No,1.53,Low,5,29,4,No,45,6,37,60,17.5,5,4,Auditory,4,3,2,Medium,1
S4640,21,Female,Medium,Secondary,Nuclear,Yes,2.29,High,5,89,4,No,52,3,56,97,9.6,1,4,Auditory,4,0,5,Low,0
S4641,17,Female,Medium,Primary,Single Parent,No,3.3,Medium,5,67,5,No,82,8,65,96,2.4,18,2,Auditory,5,0,0,Medium,0
S4642,25,Male,High,Graduate,Nuclear,No,3.57,Medium,2,49,4,Yes,68,0,78,20,11.0,11,9,Auditory,4,1,0,Medium,0
S4643,19,Male,Low,None,Single Parent,No,3.56,Medium,4,75,3,No,73,6,71,37,11.2,20,6,Kinesthetic,3,7,2,Low,0
S4644,22,Male,Low,Secondary,Nuclear,Yes,2.93,Low,2,21,4,No,40,5,70,22,2.6,20,2,Mixed,3,5,4,Medium,1
S4645,18,Female,Medium,Secondary,Nuclear,No,3.37,High,1,99,5,Yes,82,4,75,51,3.8,10,5,Mixed,1,4,0,Low,0
S4646,19,Female,Medium,Primary,Joint,Yes,1.59,Medium,0,59,3,No,51,7,54,37,6.2,13,5,Mixed,2,1,2,Medium,1
S4647,19,Female,Medium,Graduate,Single Parent,No,1.51,Medium,2,54,7,No,78,7,84,49,4.6,24,10,Mixed,1,0,0,High,1
S4648,19,Female,Low,Secondary,Nuclear,No,2.25,Low,5,103,7,No,50,6,54,96,4.1,12,1,Visual,1,8,4,Medium,1
S4649,17,Male,Low,Postgraduate,Nuclear,Yes,2.68,Low,4,36,5,No,83,9,84,92,3.2,7,8,Kinesthetic,3,8,2,High,0
S4650,19,Other,Medium,Secondary,Nuclear,No,2.97,Medium,0,66,3,No,86,1,44,28,3.6,7,3,Visual,3,6,2,Low,0
S4651,24,Female,High,Secondary,Nuclear,Yes,3.8,High,4,29,5,No,74,0,41,33,12.8,29,8,Mixed,4,0,0,Medium,0
S4652,19,Male,Medium,Postgraduate,Joint,Yes,3.59,Low,1,107,4,No,91,9,62,61,4.5,29,2,Mixed,4,6,3,Medium,0
S4653,17,Male,Medium,Postgraduate,Joint,No,1.87,Medium,5,37,6,Yes,41,9,83,25,12.2,18,7,Auditory,5,0,1,Medium,1
S4654,25,Male,Medium,Primary,Nuclear,No,3.38,Medium,2,48,5,No,73,0,68,55,3.8,5,8,Visual,5,3,5,Low,0
S4655,24,Female,Medium,Secondary,Single Parent,No,3.99,Low,3,92,4,No,58,8,100,38,2.2,26,9,Kinesthetic,3,10,4,Medium,0
S4656,22,Female,High,Primary,Nuclear,Yes,2.13,Medium,0,21,6,No,78,0,54,27,18.5,19,1,Visual,5,1,0,Medium,0
S4657,20,Female,High,Graduate,Nuclear,No,1.88,Medium,2,103,3,No,41,9,92,77,7.5,3,2,Kinesthetic,3,5,5,High,1
S4658,23,Female,Medium,Secondary,Nuclear,No,3.67,Medium,1,92,3,No,65,4,78,76,14.1,9,9,Visual,1,10,5,Medium,0
S4659,21,Female,Medium,None,Single Parent,Yes,3.73,Low,2,38,7,Yes,75,5,53,63,5.5,6,9,Auditory,2,5,4,Medium,0
S4660,25,Male,Medium,Postgraduate,Joint,No,3.33,Medium,0,27,5,No,94,7,68,69,5.2,11,9,Kinesthetic,2,8,4,Medium,0
S4661,21,Male,Low,Primary,Nuclear,Yes,2.27,Low,5,64,4,No,81,2,51,50,2.8,18,3,Auditory,5,4,2,Medium,0
S4662,22,Female,Medium,None,Joint,No,3.12,High,3,105,4,No,59,1,41,71,5.5,21,2,Mixed,2,6,2,Medium,1
S4663,24,Male,Medium,Secondary,Joint,No,2.86,High,4,27,7,Yes,84,4,76,74,14.2,22,7,Mixed,2,0,2,Low,0
S4664,21,Female,Medium,Primary,Nuclear,Yes,1.71,Medium,2,41,4,Yes,54,9,48,80,6.0,21,3,Mixed,3,5,0,Medium,1
S4665,17,Female,Medium,Secondary,Nuclear,No,2.89,High,1,67,3,No,70,1,77,54,6.0,4,8,Mixed,1,0,1,Low,0
S4666,21,Male,Low,Secondary,Guardian,Yes,2.31,High,2,88,3,No,72,10,39,56,6.6,25,5,Visual,3,5,1,Medium,0
S4667,20,Female,High,Secondary,Guardian,No,1.75,Low,2,113,6,No,92,5,100,69,12.9,18,6,Auditory,1,1,2,High,1
S4668,19,Male,Low,Graduate,Nuclear,No,1.62,Medium,1,119,4,No,70,10,60,71,12.8,11,9,Mixed,2,5,2,Medium,0
S4669,18,Male,Low,Graduate,Joint,No,2.97,Medium,0,93,3,No,43,4,36,93,7.0,4,9,Mixed,3,9,1,Medium,0
S4670,24,Male,Low,Primary,Single Parent,Yes,2.79,Low,4,97,4,Yes,76,4,50,54,16.5,20,6,Auditory,2,1,1,High,0
S4671,18,Male,Medium,Graduate,Nuclear,Yes,3.7,Medium,4,38,3,No,94,8,30,20,1.3,14,5,Kinesthetic,3,8,0,Low,0
S4672,17,Female,Medium,Graduate,Nuclear,Yes,2.45,Medium,2,93,4,No,91,5,92,21,10.0,27,3,Visual,2,2,5,High,0
S4673,17,Male,Medium,Postgraduate,Joint,Yes,2.47,High,4,63,6,No,87,8,36,54,19.6,26,8,Visual,2,1,0,Low,0
S4674,22,Male,Low,Secondary,Joint,No,3.88,Medium,5,103,4,No,92,3,64,40,9.4,19,4,Auditory,3,2,1,Medium,0
S4675,20,Male,Low,Primary,Nuclear,No,2.75,Low,3,28,4,No,95,3,60,44,9.6,19,5,Auditory,2,4,3,High,0
S4676,21,Female,Low,Graduate,Nuclear,No,3.48,High,3,77,6,Yes,82,5,98,46,16.9,20,3,Auditory,5,0,4,Medium,0
S4677,19,Male,Medium,Secondary,Nuclear,No,2.17,High,1,88,7,No,66,8,58,64,7.2,3,10,Mixed,3,1,3,High,0
S4678,23,Female,Low,Secondary,Nuclear,No,2.92,Low,1,68,7,No,83,2,42,47,19.4,9,9,Mixed,1,2,1,Low,0
S4679,23,Male,Medium,None,Nuclear,No,2.22,Low,3,43,5,Yes,43,6,52,52,11.2,7,9,Auditory,2,2,5,Low,0
S4680,25,Female,Low,Postgraduate,Single Parent,No,1.79,High,2,77,4,Yes,44,4,33,95,3.2,21,6,Visual,4,8,3,Low,1
S4681,21,Male,High,Graduate,Nuclear,Yes,3.64,Medium,0,114,5,Yes,42,8,58,93,19.4,21,7,Visual,3,3,5,Low,0
S4682,23,Male,Low,Secondary,Nuclear,Yes,1.99,Medium,1,98,6,Yes,88,5,35,34,15.1,12,3,Mixed,5,5,2,Low,1
S4683,19,Male,Medium,Primary,Nuclear,Yes,2.38,Low,2,111,4,No,48,10,38,28,14.9,4,3,Visual,5,9,3,Low,1
S4684,23,Female,Low,Graduate,Nuclear,No,3.92,Medium,3,77,5,No,78,10,37,40,17.4,5,2,Mixed,3,7,3,Medium,0
S4685,17,Male,Low,Secondary,Nuclear,Yes,3.4,Low,3,85,3,No,51,2,89,89,12.1,19,2,Kinesthetic,1,1,0,Medium,1
S4686,20,Male,Low,Postgraduate,Nuclear,No,3.01,Low,0,64,3,Yes,40,10,92,82,2.4,15,6,Kinesthetic,3,3,1,High,1
S4687,18,Female,Low,Primary,Nuclear,No,3.88,High,1,53,3,No,50,1,67,89,4.2,21,9,Auditory,3,9,1,Low,0
S4688,22,Male,Low,Secondary,Guardian,No,3.13,Low,3,35,5,Yes,74,7,36,42,16.0,15,8,Kinesthetic,5,8,4,Medium,0
S4689,17,Male,Medium,Secondary,Nuclear,No,3.03,Medium,1,82,5,No,66,6,84,31,9.6,23,2,Visual,3,1,5,Low,0
S4690,23,Male,Medium,Secondary,Joint,No,2.26,Low,2,82,4,No,77,8,59,26,14.3,17,4,Kinesthetic,2,0,2,Medium,0
S4691,19,Female,Medium,Primary,Nuclear,Yes,3.35,Medium,4,91,5,No,78,3,90,53,6.7,12,7,Mixed,4,8,4,Low,0
S4692,17,Male,Low,Primary,Single Parent,No,1.62,Low,1,45,5,No,40,8,48,45,2.8,13,2,Auditory,4,10,4,Medium,1
S4693,25,Male,Medium,Secondary,Nuclear,Yes,3.39,Medium,0,86,4,No,53,6,82,37,19.8,4,1,Visual,4,6,2,Medium,1
S4694,18,Female,Medium,Primary,Joint,Yes,3.09,Medium,2,34,6,No,40,6,58,83,12.9,15,1,Auditory,5,2,5,Medium,1
S4695,21,Male,Medium,Graduate,Joint,No,3.69,Medium,0,69,6,No,77,6,35,86,15.4,27,10,Visual,1,3,2,Medium,0
S4696,18,Female,Medium,Postgraduate,Nuclear,Yes,1.58,High,4,71,7,No,52,1,88,75,10.4,29,1,Kinesthetic,5,10,0,Medium,1
S4697,18,Male,Low,Primary,Joint,Yes,2.1,Medium,4,86,5,No,90,3,98,40,17.6,3,3,Kinesthetic,3,0,4,Medium,0
S4698,19,Female,Low,Primary,Nuclear,No,2.77,Medium,4,39,5,No,91,4,59,85,17.7,20,9,Auditory,5,8,3,Medium,0
S4699,17,Male,Low,Secondary,Joint,No,3.18,High,5,57,7,Yes,82,5,95,78,14.6,8,6,Mixed,5,1,1,Medium,0
S4700,18,Male,Medium,Graduate,Nuclear,Yes,3.69,Medium,1,49,5,No,71,0,70,59,13.9,9,10,Kinesthetic,1,7,0,Low,0
S4701,24,Female,Medium,Secondary,Nuclear,Yes,3.16,Medium,0,31,5,Yes,47,9,41,74,1.3,29,8,Visual,1,8,3,Medium,0
S4702,22,Male,Low,Graduate,Nuclear,No,3.22,High,3,62,5,Yes,81,6,63,69,13.6,14,10,Visual,3,3,5,Low,0
S4703,20,Male,Medium,None,Nuclear,Yes,3.32,Medium,5,108,7,No,67,3,67,51,8.3,19,4,Auditory,4,7,0,Medium,0
S4704,18,Female,Medium,Postgraduate,Nuclear,No,1.75,Medium,1,107,4,No,99,6,47,42,9.0,3,3,Kinesthetic,2,3,0,Medium,1
S4705,21,Male,Medium,Postgraduate,Joint,Yes,3.27,Medium,0,119,5,Yes,59,8,98,48,7.0,15,9,Kinesthetic,2,8,0,Low,0
S4706,17,Female,Medium,Secondary,Guardian,Yes,2.17,Medium,1,101,4,No,67,4,57,27,15.7,19,2,Kinesthetic,4,0,4,Medium,0
S4707,19,Male,Low,Primary,Nuclear,Yes,1.98,Medium,4,42,3,No,80,1,50,53,10.0,14,6,Kinesthetic,1,8,4,Medium,0
S4708,21,Female,Medium,Secondary,Single Parent,No,2.61,Medium,2,22,7,No,93,1,55,99,11.4,2,5,Mixed,5,0,1,Low,0
S4709,24,Female,Medium,Primary,Joint,No,2.55,Low,2,95,5,No,69,9,31,34,10.5,2,10,Visual,5,8,3,Medium,0
S4710,25,Male,Medium,Graduate,Nuclear,No,2.67,Medium,5,26,7,No,61,10,49,42,6.1,7,6,Mixed,4,10,3,Medium,0
S4711,21,Male,Low,Graduate,Joint,No,2.05,Low,0,34,4,No,49,3,66,99,13.2,27,2,Auditory,2,2,5,Medium,1
S4712,25,Male,High,Secondary,Nuclear,Yes,2.71,Low,3,85,4,Yes,70,2,87,81,2.1,3,4,Auditory,1,3,3,Medium,0
S4713,20,Female,Medium,Primary,Nuclear,No,3.94,High,0,76,4,Yes,49,8,60,56,9.8,13,2,Visual,4,3,1,Medium,1
S4714,25,Female,Medium,Postgraduate,Joint,No,2.6,Medium,0,68,6,No,55,0,72,76,3.9,2,8,Visual,2,2,2,Low,0
S4715,23,Female,Medium,Secondary,Nuclear,Yes,1.88,High,5,55,7,Yes,71,6,93,95,9.4,15,10,Visual,5,1,1,High,1
S4716,24,Female,Medium,Postgraduate,Joint,No,3.51,Medium,4,118,6,No,92,8,41,93,12.7,8,1,Mixed,2,8,0,High,0
S4717,19,Male,Medium,Graduate,Nuclear,Yes,2.54,Medium,2,92,5,No,86,1,100,89,1.4,2,10,Visual,4,5,2,Medium,0
S4718,23,Male,Low,Primary,Guardian,Yes,2.53,Medium,0,63,6,No,54,8,81,68,16.4,5,9,Kinesthetic,4,8,3,Medium,0
S4719,22,Male,Low,Postgraduate,Single Parent,No,1.72,High,0,86,4,Yes,54,3,90,28,6.6,22,1,Mixed,2,7,1,Medium,1
S4720,17,Male,Medium,Graduate,Nuclear,No,1.53,Medium,2,70,4,No,54,4,80,75,13.8,14,1,Auditory,3,5,2,Medium,1
S4721,24,Male,Low,None,Nuclear,No,2.38,Medium,1,115,5,No,53,3,40,32,16.0,26,5,Visual,5,2,1,Medium,0
S4722,18,Male,Medium,Primary,Joint,No,2.1,High,4,31,6,No,94,10,62,53,17.6,13,7,Auditory,5,7,1,High,0
S4723,23,Other,Medium,Graduate,Nuclear,No,2.7,Medium,3,97,6,Yes,90,0,82,52,14.9,19,2,Visual,4,5,0,Low,0
S4724,25,Female,Medium,None,Single Parent,No,2.02,Medium,4,56,5,No,49,3,80,94,10.3,22,3,Visual,5,2,0,Medium,1
S4725,23,Female,Low,Secondary,Joint,No,2.03,Medium,5,48,6,No,43,5,91,30,3.5,1,5,Auditory,2,9,1,Medium,0
S4726,22,Female,Medium,Primary,Nuclear,No,1.83,Medium,1,88,4,Yes,91,7,77,43,9.0,1,4,Visual,5,1,5,High,1
S4727,22,Female,Medium,Primary,Nuclear,No,3.75,Medium,2,41,5,No,81,2,34,89,1.2,10,10,Mixed,2,9,1,Low,0
S4728,25,Male,Low,Graduate,Nuclear,No,1.73,High,4,110,7,No,50,7,39,39,16.0,20,7,Mixed,4,5,0,Medium,1
S4729,24,Female,High,Graduate,Joint,No,1.57,Medium,3,85,4,Yes,45,7,73,63,10.1,25,10,Auditory,2,5,1,Low,1
S4730,22,Male,Medium,Graduate,Nuclear,Yes,1.8,Medium,2,104,7,No,90,0,99,62,7.0,13,1,Kinesthetic,3,9,2,Medium,1
S4731,25,Male,Low,Secondary,Nuclear,Yes,3.95,High,2,83,5,No,42,0,32,30,14.1,21,9,Auditory,2,4,4,Medium,0
S4732,23,Male,Medium,Secondary,Nuclear,Yes,2.71,Medium,0,63,3,No,84,7,43,84,9.9,24,2,Mixed,5,5,2,Medium,0
S4733,25,Female,Medium,Primary,Nuclear,No,3.9,Low,2,111,5,No,77,10,40,29,12.6,3,2,Visual,5,6,3,Medium,0
S4734,18,Male,Medium,Primary,Joint,No,2.65,Medium,5,42,6,No,82,2,48,49,8.1,3,2,Visual,5,8,0,Medium,0
S4735,22,Female,Low,Graduate,Nuclear,Yes,2.93,Low,4,64,7,No,99,4,60,29,4.5,11,4,Kinesthetic,2,1,1,Low,0
S4736,19,Male,Medium,Secondary,Nuclear,No,3.13,Medium,4,113,6,No,67,8,50,86,17.0,28,3,Kinesthetic,4,9,3,Medium,0
S4737,19,Female,Low,Secondary,Nuclear,No,3.28,Low,2,106,7,No,50,9,63,50,14.1,7,6,Kinesthetic,2,5,2,Medium,0
S4738,24,Male,Low,Secondary,Nuclear,No,2.94,Medium,2,119,7,Yes,96,1,45,96,5.5,8,4,Kinesthetic,4,7,5,High,0
S4739,21,Female,Low,Primary,Joint,No,2.88,High,0,31,3,No,84,7,95,71,16.4,8,3,Mixed,2,8,3,Low,0
S4740,23,Male,Medium,Graduate,Nuclear,No,3.41,Medium,4,86,5,No,60,4,59,54,9.4,20,2,Kinesthetic,2,5,0,Low,0
S4741,23,Male,Medium,Graduate,Nuclear,No,3.2,High,3,27,4,No,75,1,40,30,13.5,17,9,Mixed,3,0,1,Medium,0
S4742,18,Male,Low,Postgraduate,Nuclear,No,1.63,Low,3,107,6,No,93,7,92,58,16.9,25,3,Visual,1,6,3,Medium,1
S4743,18,Female,Low,None,Single Parent,No,1.54,Low,0,106,4,Yes,58,5,78,69,12.8,26,2,Visual,3,7,4,Medium,1
S4744,19,Female,Medium,Primary,Single Parent,No,1.55,Medium,3,113,7,No,89,5,68,23,2.0,9,7,Visual,2,1,1,Medium,0
S4745,18,Female,Medium,Postgraduate,Joint,No,2.41,Medium,2,72,5,No,80,5,46,78,12.1,25,10,Auditory,5,2,2,Medium,0
S4746,21,Male,High,Secondary,Nuclear,Yes,1.77,Low,3,92,4,No,96,9,31,52,1.4,7,3,Visual,3,6,1,High,1
S4747,23,Male,Medium,Secondary,Joint,No,2.52,Medium,2,28,5,No,69,7,79,81,8.1,18,8,Visual,2,9,4,Low,0
S4748,23,Male,Low,Postgraduate,Joint,No,3.55,Low,1,99,5,No,50,3,31,81,13.0,1,4,Visual,4,1,3,Medium,0
S4749,17,Male,Medium,Postgraduate,Nuclear,No,2.08,High,0,33,4,Yes,71,0,61,37,6.5,17,4,Visual,1,8,3,Medium,0
S4750,25,Female,Medium,Primary,Nuclear,No,2.13,Medium,2,70,6,No,63,7,78,67,7.6,21,5,Kinesthetic,4,10,2,Medium,0
S4751,24,Male,Low,Graduate,Nuclear,Yes,2.46,Medium,0,23,7,No,92,7,52,23,14.6,10,5,Visual,5,6,0,Medium,0
S4752,24,Female,Medium,None,Nuclear,No,2.79,Medium,1,102,6,Yes,67,0,34,70,14.3,25,4,Visual,5,1,3,High,0
S4753,22,Female,Low,Primary,Joint,No,2.29,Low,1,80,6,No,72,6,40,83,18.8,29,5,Mixed,2,5,4,Medium,0
S4754,18,Female,Medium,None,Joint,No,2.82,Medium,5,118,4,No,95,1,50,97,6.9,15,6,Visual,3,6,0,Low,0
S4755,19,Female,Low,Primary,Nuclear,No,1.94,Low,1,45,6,Yes,80,9,81,40,13.1,11,6,Kinesthetic,1,0,1,High,1
S4756,18,Male,Low,Primary,Single Parent,No,3.0,Low,0,89,6,No,66,3,32,47,16.9,23,6,Visual,1,5,2,High,0
S4757,17,Female,Medium,None,Nuclear,No,2.36,Medium,3,64,5,No,53,0,87,21,19.9,6,9,Kinesthetic,3,4,4,Medium,0
S4758,23,Male,Low,Secondary,Joint,No,3.72,Medium,2,112,3,No,87,7,49,95,11.5,26,10,Visual,5,2,4,High,0
S4759,20,Male,Medium,Secondary,Nuclear,No,1.79,Medium,1,111,6,Yes,56,4,55,63,4.1,14,1,Mixed,3,1,2,High,1
S4760,20,Male,Medium,Postgraduate,Single Parent,Yes,3.18,Low,5,100,3,Yes,76,1,100,34,15.5,8,3,Mixed,5,1,5,Medium,0
S4761,23,Female,Low,Secondary,Nuclear,No,2.04,High,0,56,4,Yes,46,9,98,70,7.4,24,5,Visual,4,10,4,Medium,0
S4762,23,Male,Medium,Primary,Single Parent,Yes,2.88,Low,2,23,5,No,78,10,82,79,19.1,16,3,Auditory,1,1,3,Medium,0
S4763,22,Female,Low,Postgraduate,Joint,Yes,3.06,High,1,49,4,No,42,1,55,64,10.7,28,5,Visual,4,10,3,Medium,0
S4764,20,Male,Medium,Secondary,Joint,No,2.79,Low,5,105,4,Yes,55,9,81,90,9.2,29,5,Visual,1,6,3,Low,0
S4765,21,Male,High,Primary,Nuclear,No,2.73,Low,1,103,6,No,70,3,94,46,7.4,7,7,Mixed,2,5,3,Low,0
S4766,23,Male,Medium,Graduate,Joint,Yes,2.54,High,2,36,6,Yes,42,7,45,39,16.8,12,5,Auditory,4,3,4,Medium,0
S4767,19,Other,Low,Graduate,Nuclear,No,3.31,Medium,2,21,3,No,49,0,68,57,8.8,6,7,Visual,3,9,2,High,1
S4768,17,Male,Low,Graduate,Nuclear,No,2.05,High,4,75,5,Yes,81,6,80,87,12.9,24,7,Visual,4,5,3,Low,0
S4769,20,Male,Medium,Graduate,Nuclear,No,2.67,Low,5,91,7,No,58,5,100,29,17.4,15,7,Visual,2,5,1,Medium,0
S4770,19,Male,Medium,Secondary,Guardian,No,3.76,Low,3,76,7,Yes,83,8,32,49,12.6,15,4,Auditory,5,0,4,Low,0
S4771,23,Female,Medium,Secondary,Nuclear,No,2.5,Low,3,95,4,No,60,6,43,88,12.9,9,7,Visual,1,4,3,High,0
S4772,25,Male,Medium,Secondary,Nuclear,No,1.9,Medium,5,73,7,No,80,4,56,92,18.3,21,1,Auditory,4,4,5,Medium,1
S4773,23,Male,High,Primary,Nuclear,No,2.82,High,2,81,5,No,56,0,30,59,1.1,28,8,Kinesthetic,1,6,2,Low,0
S4774,24,Female,Medium,Primary,Nuclear,Yes,1.95,Medium,4,88,6,No,87,3,79,39,8.9,11,6,Mixed,3,10,5,Low,0
S4775,25,Male,Low,Graduate,Nuclear,No,2.08,Medium,5,28,4,No,68,5,81,38,12.7,20,8,Kinesthetic,2,8,2,Medium,0
S4776,23,Female,Low,Secondary,Single Parent,No,2.96,Low,2,61,7,No,73,10,38,57,19.2,12,4,Kinesthetic,1,0,3,High,0
S4777,17,Male,Low,Secondary,Joint,Yes,3.18,Medium,1,56,5,Yes,40,5,52,75,5.5,18,6,Auditory,5,7,4,High,1
S4778,20,Other,Low,Secondary,Nuclear,No,1.74,Low,0,53,7,No,42,9,97,69,18.4,29,10,Visual,1,1,1,Medium,1
S4779,24,Male,Medium,Graduate,Nuclear,No,3.45,Medium,3,50,7,Yes,66,4,87,98,1.4,13,9,Visual,2,1,3,Medium,0
S4780,20,Female,Medium,Secondary,Nuclear,No,2.26,Medium,3,45,4,Yes,42,7,39,27,3.0,26,8,Visual,2,4,1,Low,0
S4781,21,Female,High,Primary,Single Parent,Yes,2.76,High,4,112,4,Yes,52,8,46,80,2.0,5,5,Kinesthetic,4,6,3,High,1
S4782,20,Female,Medium,Postgraduate,Nuclear,No,1.65,Low,4,81,3,No,61,0,77,77,4.1,20,9,Mixed,4,9,1,Low,0
S4783,19,Male,Medium,None,Joint,No,2.82,Low,1,77,5,No,53,5,61,69,3.8,23,4,Mixed,5,1,3,Medium,0
S4784,17,Female,Medium,Primary,Nuclear,No,1.8,Medium,1,60,4,No,50,3,60,78,4.1,3,10,Auditory,3,1,3,Medium,1
S4785,20,Female,Low,Graduate,Nuclear,Yes,3.27,Medium,1,94,4,Yes,48,1,66,100,2.3,23,6,Visual,4,2,0,Low,0
S4786,18,Female,High,Postgraduate,Nuclear,No,2.64,High,5,49,3,No,96,8,81,42,15.5,1,3,Kinesthetic,1,4,0,Medium,0
S4787,18,Female,Medium,Primary,Nuclear,No,3.94,High,4,49,7,No,87,9,84,72,6.3,21,6,Mixed,3,6,1,Medium,0
S4788,18,Male,Medium,Graduate,Single Parent,Yes,2.45,Medium,5,42,6,No,96,3,58,67,13.1,19,5,Visual,1,0,4,Low,0
S4789,20,Male,Medium,Postgraduate,Single Parent,No,1.68,Low,3,34,6,Yes,49,7,77,78,8.7,14,8,Auditory,2,5,1,Low,1
S4790,19,Female,Medium,Graduate,Joint,No,2.37,Low,5,94,3,No,45,3,79,74,12.4,19,9,Auditory,4,10,5,Low,0
S4791,23,Male,High,Primary,Nuclear,Yes,2.06,Medium,0,105,6,No,97,10,74,88,16.6,21,6,Auditory,2,1,3,High,0
S4792,21,Female,Medium,Primary,Nuclear,Yes,3.85,Medium,3,109,3,No,53,10,79,24,2.2,24,3,Visual,5,9,5,Medium,1
S4793,23,Female,High,Primary,Single Parent,No,3.22,Low,1,61,4,No,60,5,43,61,2.8,12,6,Mixed,5,4,3,High,0
S4794,25,Male,Medium,Secondary,Joint,Yes,2.64,Medium,4,52,5,No,49,0,89,74,18.9,26,9,Auditory,5,6,5,Medium,0
S4795,21,Female,Low,Secondary,Nuclear,No,2.33,Low,2,112,3,Yes,71,10,86,82,6.0,18,8,Auditory,5,5,4,Low,0
S4796,17,Male,High,Secondary,Nuclear,Yes,3.37,Medium,3,70,4,No,46,3,72,29,11.2,13,7,Auditory,5,10,4,Low,0
S4797,18,Male,Medium,Graduate,Guardian,Yes,2.82,Low,0,68,7,No,53,8,30,73,8.1,21,3,Visual,3,7,3,High,1
S4798,17,Male,Low,Graduate,Nuclear,No,2.58,Low,5,82,4,Yes,63,8,42,45,18.3,26,8,Kinesthetic,2,9,2,Low,0
S4799,22,Female,Low,Graduate,Nuclear,No,2.75,Medium,2,86,6,No,88,0,39,75,18.3,21,8,Visual,2,3,4,Low,0
S4800,21,Male,Medium,Graduate,Nuclear,No,1.53,High,4,88,7,No,67,4,57,76,6.9,27,7,Kinesthetic,5,5,5,High,1
S4801,20,Female,High,Graduate,Guardian,No,1.96,Medium,0,80,6,Yes,88,0,64,79,2.4,4,9,Mixed,5,5,2,Medium,0
S4802,20,Female,Medium,Postgraduate,Nuclear,No,2.56,Medium,0,89,6,Yes,74,6,80,22,13.6,5,7,Auditory,5,2,1,High,0
S4803,22,Male,High,Secondary,Nuclear,No,2.4,Medium,0,111,6,No,51,2,87,69,7.1,3,5,Mixed,4,5,0,Low,0
S4804,23,Female,Low,Secondary,Joint,Yes,3.76,Low,4,89,3,No,68,0,43,75,16.6,11,6,Mixed,5,4,0,Low,0
S4805,19,Female,Medium,Primary,Joint,No,2.59,Medium,2,80,7,No,78,10,100,86,9.6,7,8,Auditory,2,7,3,Low,0
S4806,24,Male,High,Secondary,Nuclear,Yes,3.24,High,4,37,3,Yes,93,8,34,62,19.0,19,7,Auditory,1,3,0,Medium,0
S4807,24,Male,High,Graduate,Nuclear,Yes,2.54,High,4,116,4,No,71,5,70,71,11.9,17,9,Mixed,1,7,0,Low,0
S4808,21,Female,Medium,Postgraduate,Single Parent,No,2.3,High,0,29,4,No,53,9,65,36,1.7,25,7,Visual,2,0,1,Medium,0
S4809,22,Male,Medium,Graduate,Joint,Yes,1.83,Medium,4,58,7,No,73,6,51,74,15.1,9,7,Visual,1,2,5,Low,0
S4810,25,Female,Medium,Primary,Joint,No,2.62,High,5,96,4,Yes,58,6,94,57,15.1,18,7,Kinesthetic,5,6,4,Medium,0
S4811,24,Female,Medium,Secondary,Guardian,Yes,2.32,Medium,2,37,3,No,90,3,50,37,6.6,2,9,Visual,4,10,0,Low,0
S4812,19,Female,Low,Secondary,Single Parent,Yes,3.03,Low,4,96,3,Yes,79,3,62,78,13.0,7,2,Visual,1,10,0,High,0
S4813,20,Female,Low,Secondary,Joint,No,2.83,Medium,4,113,4,Yes,46,8,59,42,9.4,27,4,Auditory,5,10,3,Medium,0
S4814,22,Female,High,None,Nuclear,No,1.93,Medium,5,44,7,No,50,6,61,26,12.7,14,3,Auditory,2,10,3,High,1
S4815,23,Female,Low,Secondary,Nuclear,No,2.46,Low,5,104,5,No,90,5,85,50,9.1,23,5,Kinesthetic,1,8,5,Low,0
S4816,17,Female,Medium,Postgraduate,Nuclear,Yes,3.37,Medium,5,88,4,No,91,9,90,93,16.0,18,9,Auditory,5,9,1,High,0
S4817,20,Male,High,Secondary,Nuclear,Yes,2.67,Medium,3,21,4,Yes,80,2,32,22,11.5,18,4,Mixed,1,7,1,Low,0
S4818,23,Female,High,Secondary,Nuclear,Yes,3.9,Low,2,22,6,No,68,5,35,84,16.0,6,1,Auditory,4,2,5,High,0
S4819,24,Other,Low,None,Nuclear,No,1.92,Medium,2,90,5,No,64,2,71,72,13.6,18,9,Auditory,4,5,2,Medium,0
S4820,19,Female,Low,Secondary,Joint,No,2.63,Medium,1,42,3,No,68,7,33,47,4.5,3,4,Mixed,4,6,1,Low,0
S4821,25,Female,High,Secondary,Joint,Yes,2.35,Medium,0,51,6,No,61,0,91,21,11.7,2,5,Visual,2,9,0,Low,0
S4822,22,Male,Low,Secondary,Single Parent,No,2.77,Medium,4,58,6,Yes,44,0,61,39,15.3,20,4,Auditory,3,9,4,Medium,0
S4823,18,Female,Medium,Primary,Nuclear,Yes,1.76,Medium,5,37,7,No,99,3,60,26,9.5,7,8,Kinesthetic,4,8,3,Medium,0
S4824,17,Male,Medium,Secondary,Joint,No,1.8,Medium,2,74,5,No,50,3,64,44,16.7,13,6,Kinesthetic,1,1,1,Medium,1
S4825,21,Female,Low,Secondary,Joint,No,1.73,High,3,95,5,Yes,95,10,74,97,11.4,18,4,Mixed,2,1,2,Medium,0
S4826,18,Female,Medium,Graduate,Guardian,No,2.67,High,3,119,4,No,40,5,31,53,7.7,14,4,Visual,1,3,5,Medium,0
S4827,23,Female,Low,Graduate,Nuclear,No,2.79,Medium,1,71,4,Yes,88,9,50,31,5.5,10,7,Mixed,1,10,1,Low,0
S4828,23,Female,Low,None,Nuclear,Yes,2.63,Medium,4,55,3,Yes,60,1,85,83,15.5,23,1,Auditory,5,4,4,Medium,0
S4829,23,Female,Medium,None,Nuclear,No,1.6,Low,4,85,6,Yes,76,6,57,27,4.0,20,5,Mixed,2,0,1,Low,0
S4830,24,Female,Low,Graduate,Joint,No,3.53,Medium,2,27,5,No,41,2,86,62,4.6,1,8,Kinesthetic,1,7,1,Medium,0
S4831,20,Female,Low,Graduate,Nuclear,No,3.49,Medium,5,21,5,No,78,1,32,65,10.7,5,4,Kinesthetic,5,7,5,High,0
S4832,19,Female,Low,Primary,Nuclear,No,3.39,Medium,4,37,5,Yes,71,8,97,21,12.0,1,4,Mixed,5,7,3,High,0
S4833,18,Female,Low,Primary,Single Parent,No,3.53,Low,2,20,3,No,69,7,36,77,13.4,1,9,Mixed,1,10,3,Medium,0
S4834,19,Male,Medium,Primary,Nuclear,No,3.03,Medium,0,106,5,Yes,64,4,83,37,12.0,3,1,Mixed,2,6,5,Low,0
S4835,18,Female,High,Secondary,Nuclear,Yes,1.84,High,3,113,7,Yes,99,0,81,20,9.0,17,9,Kinesthetic,4,5,1,Medium,0
S4836,21,Female,Medium,Secondary,Nuclear,No,1.66,Low,0,82,5,Yes,49,9,32,50,6.1,26,5,Auditory,1,8,3,Low,1
S4837,25,Female,Medium,Graduate,Single Parent,No,2.8,Medium,0,55,6,No,57,2,88,64,8.5,18,3,Kinesthetic,4,4,4,Low,1
S4838,18,Female,Low,Primary,Nuclear,No,2.98,Medium,1,28,7,No,48,9,84,81,14.6,12,10,Auditory,5,10,3,Medium,0
S4839,23,Female,Low,Graduate,Nuclear,No,3.03,High,5,119,6,No,84,7,45,56,7.3,9,2,Auditory,4,3,0,Medium,0
S4840,21,Male,Medium,None,Nuclear,No,2.63,Medium,4,116,3,No,51,0,71,85,16.2,14,8,Auditory,3,5,1,High,1
S4841,18,Female,Low,None,Joint,No,1.77,Low,3,22,7,No,59,4,93,35,19.5,4,3,Mixed,4,6,0,Medium,1
S4842,19,Female,Low,None,Nuclear,No,2.04,High,2,104,3,Yes,91,2,64,69,1.6,18,6,Visual,2,5,0,High,0
S4843,18,Female,Medium,Graduate,Nuclear,No,2.81,Medium,5,66,5,No,56,7,63,23,8.8,15,8,Auditory,1,8,2,High,1
S4844,17,Male,Low,None,Single Parent,No,2.02,High,4,118,6,Yes,54,0,85,90,17.0,3,8,Auditory,3,7,2,Medium,0
S4845,22,Female,Medium,Secondary,Nuclear,No,1.9,Medium,0,31,7,No,47,9,38,30,3.1,2,10,Visual,2,4,5,Low,1
S4846,17,Male,Medium,Primary,Single Parent,No,3.55,Low,5,72,6,No,45,1,35,31,12.3,21,8,Auditory,4,0,2,High,1
S4847,17,Female,Medium,Postgraduate,Nuclear,Yes,3.46,Low,1,93,5,Yes,98,4,31,96,6.9,11,5,Kinesthetic,5,0,4,High,0
S4848,24,Female,Medium,Postgraduate,Joint,Yes,3.66,Low,0,99,5,No,69,8,98,31,13.7,20,8,Mixed,3,0,1,High,0
S4849,21,Male,Low,Postgraduate,Joint,Yes,2.28,High,2,35,7,No,53,5,44,67,19.4,8,5,Auditory,1,9,4,High,1
S4850,24,Female,Medium,Primary,Joint,No,2.98,Medium,5,78,4,No,68,4,95,95,14.4,2,3,Kinesthetic,1,8,2,Medium,0
S4851,22,Other,Medium,Postgraduate,Joint,No,2.06,Low,4,52,6,Yes,70,4,36,38,14.3,22,6,Auditory,4,10,1,Medium,0
S4852,17,Female,Medium,Secondary,Nuclear,No,1.52,Medium,0,82,5,Yes,81,6,100,46,9.6,13,6,Visual,3,3,2,Medium,0
S4853,17,Male,Low,None,Nuclear,No,3.92,High,4,69,3,Yes,54,4,39,69,13.0,28,5,Auditory,4,1,0,Medium,0
S4854,25,Male,Low,Postgraduate,Joint,No,2.66,Medium,1,23,6,No,72,6,43,92,4.2,14,1,Mixed,1,9,2,Medium,0
S4855,24,Male,Low,Secondary,Joint,Yes,2.69,Medium,0,63,6,No,72,4,88,91,3.5,14,8,Auditory,2,8,3,High,0
S4856,20,Male,Low,Primary,Single Parent,No,1.53,Medium,1,113,5,Yes,89,8,61,58,17.6,27,5,Mixed,5,10,0,Low,0
S4857,21,Female,Medium,None,Joint,Yes,2.61,Medium,2,111,5,Yes,66,3,39,95,8.2,22,3,Mixed,5,3,4,Medium,0
S4858,21,Female,Medium,Secondary,Single Parent,No,1.7,Medium,2,74,7,No,78,10,99,39,19.4,26,4,Kinesthetic,3,5,2,Medium,0
S4859,19,Female,Medium,Graduate,Nuclear,No,2.8,Medium,3,76,4,No,47,10,64,53,5.4,11,4,Mixed,2,2,3,Low,0
S4860,17,Female,Medium,Primary,Single Parent,No,3.82,Medium,5,104,3,Yes,64,8,99,95,12.8,27,6,Kinesthetic,2,10,2,Medium,0
S4861,22,Other,Low,Graduate,Guardian,No,2.47,Medium,5,86,6,No,89,7,30,47,8.5,8,10,Kinesthetic,5,7,1,Medium,0
S4862,20,Male,Low,Postgraduate,Joint,No,2.89,Low,4,104,3,Yes,44,8,90,38,16.7,12,3,Auditory,3,1,5,Medium,1
S4863,20,Female,Low,Secondary,Nuclear,No,2.34,High,4,80,3,Yes,99,6,31,90,2.5,7,4,Auditory,5,3,3,Medium,0
S4864,20,Female,Medium,Graduate,Nuclear,No,2.83,High,2,55,5,No,76,8,75,60,10.0,29,2,Mixed,1,3,1,Low,0
S4865,19,Female,Medium,Graduate,Nuclear,No,2.41,Low,4,45,4,Yes,81,4,98,75,1.6,23,9,Mixed,3,9,0,High,0
S4866,18,Female,Medium,Secondary,Nuclear,Yes,2.33,High,4,92,4,No,94,3,84,42,9.3,6,8,Visual,5,7,2,Medium,0
S4867,22,Female,Low,Graduate,Nuclear,Yes,3.45,Low,5,28,7,No,69,8,56,42,17.1,4,5,Visual,5,0,0,Medium,0
S4868,22,Female,High,Postgraduate,Nuclear,Yes,3.53,Medium,4,89,6,No,66,7,70,60,16.0,18,10,Visual,1,3,3,Medium,0
S4869,18,Male,Low,Graduate,Single Parent,No,1.64,High,0,21,7,Yes,53,8,97,55,11.7,27,4,Auditory,4,0,2,Medium,1
S4870,20,Male,Medium,Postgraduate,Joint,Yes,2.6,Medium,2,58,7,No,69,6,96,81,9.2,23,4,Visual,5,0,2,High,0
S4871,23,Female,High,Primary,Nuclear,No,3.37,Low,3,104,3,No,51,7,87,27,5.0,16,9,Auditory,2,4,1,Medium,0
S4872,23,Male,High,Secondary,Nuclear,Yes,2.8,Medium,2,28,7,Yes,93,0,80,64,14.4,23,6,Kinesthetic,1,8,5,Low,0
S4873,24,Female,Low,Graduate,Nuclear,Yes,2.76,Medium,3,21,6,No,76,8,41,92,4.9,13,9,Auditory,2,2,1,High,0
S4874,20,Male,Low,Primary,Nuclear,No,3.46,High,0,38,7,No,77,3,92,22,14.6,1,6,Kinesthetic,5,3,4,High,0
S4875,24,Male,Low,Secondary,Single Parent,Yes,2.21,Medium,2,26,5,No,91,3,82,31,8.2,7,4,Kinesthetic,4,6,3,Medium,0
S4876,20,Other,Medium,Postgraduate,Guardian,Yes,1.71,Low,3,45,3,No,47,2,97,44,18.8,28,3,Auditory,2,6,1,Low,1
S4877,21,Other,High,Graduate,Nuclear,Yes,3.67,Medium,3,84,5,No,89,0,45,39,7.1,6,8,Mixed,4,3,0,Medium,0
S4878,25,Female,Low,Secondary,Single Parent,No,1.61,High,1,87,4,No,75,2,45,82,4.5,8,3,Auditory,5,6,4,High,1
S4879,19,Male,Low,Secondary,Nuclear,Yes,3.89,Medium,0,70,4,Yes,40,1,47,57,12.6,17,7,Kinesthetic,1,9,4,Medium,0
S4880,17,Female,Medium,Secondary,Single Parent,No,2.68,Medium,2,68,6,No,61,6,62,78,4.1,9,7,Visual,3,8,4,Low,0
S4881,19,Male,Low,None,Nuclear,No,3.24,High,1,51,3,No,94,6,46,40,18.7,1,3,Visual,1,5,4,Medium,0
S4882,24,Female,Low,Postgraduate,Nuclear,Yes,3.71,Low,2,77,3,No,51,9,92,89,4.7,11,5,Auditory,1,10,4,Low,0
S4883,18,Female,Low,Secondary,Single Parent,Yes,2.9,Medium,1,45,3,Yes,99,2,60,46,6.2,22,6,Visual,4,1,4,Medium,0
S4884,17,Female,Low,Graduate,Nuclear,No,3.48,Low,5,52,7,No,67,2,54,85,13.8,13,2,Mixed,5,10,1,Medium,0
S4885,18,Female,Medium,Secondary,Nuclear,No,2.6,Low,1,93,7,No,74,4,52,77,2.0,6,4,Visual,2,0,4,Medium,0
S4886,22,Male,Medium,Primary,Nuclear,No,3.03,Medium,4,64,6,No,56,1,52,84,9.3,5,4,Auditory,3,3,4,High,1
S4887,19,Male,Low,Secondary,Nuclear,No,1.71,Medium,0,58,6,No,76,8,37,69,12.0,20,8,Visual,2,2,0,High,1
S4888,20,Female,Low,Postgraduate,Nuclear,Yes,3.54,Medium,1,44,6,No,42,5,98,86,14.2,27,10,Auditory,2,9,4,High,1
S4889,24,Female,Low,None,Joint,Yes,3.35,High,4,34,6,No,97,8,51,68,4.5,14,6,Visual,1,5,4,Medium,0
S4890,24,Male,High,Postgraduate,Joint,No,2.46,Medium,2,57,5,No,47,6,72,58,5.2,19,8,Kinesthetic,2,4,4,High,1
S4891,21,Female,Low,Graduate,Guardian,No,3.3,Medium,0,94,3,No,44,7,96,82,5.0,10,3,Visual,2,2,2,Medium,1
S4892,22,Female,Medium,Secondary,Joint,No,3.07,Medium,2,24,3,No,60,3,83,89,8.4,7,6,Mixed,2,8,0,Low,0
S4893,20,Female,Medium,None,Joint,Yes,2.66,Low,3,109,4,No,68,9,50,55,14.8,29,2,Visual,4,8,5,High,0
S4894,20,Female,High,Secondary,Nuclear,Yes,3.17,High,5,62,7,Yes,86,6,88,29,15.6,13,7,Kinesthetic,5,4,4,Medium,0
S4895,24,Female,Medium,Primary,Single Parent,No,3.21,Low,5,119,3,No,64,0,81,50,6.1,10,3,Auditory,2,6,3,Medium,0
S4896,19,Female,Medium,Secondary,Nuclear,No,1.56,Medium,1,62,6,No,56,5,70,100,3.3,13,4,Auditory,1,1,2,High,1
S4897,23,Female,High,None,Joint,No,3.16,Low,4,54,5,No,41,9,53,20,12.2,23,5,Visual,1,10,2,Low,0
S4898,23,Male,High,Graduate,Nuclear,No,1.91,Low,2,60,4,No,72,3,38,36,7.9,21,7,Auditory,3,8,3,High,1
S4899,25,Male,Medium,Primary,Nuclear,No,3.87,Medium,5,43,7,No,52,7,93,61,9.2,17,1,Mixed,1,2,2,Low,1
S4900,17,Female,High,None,Nuclear,Yes,2.84,High,2,24,5,Yes,64,1,40,45,6.3,28,3,Auditory,3,10,5,Medium,0
S4901,20,Female,Medium,Primary,Nuclear,Yes,1.78,Medium,2,58,6,No,99,6,93,63,8.6,6,4,Mixed,5,5,3,Medium,0
S4902,24,Female,Medium,Graduate,Guardian,Yes,3.72,Medium,0,20,3,No,58,9,50,89,12.8,15,5,Visual,1,7,0,Medium,0
S4903,23,Male,Low,Primary,Single Parent,No,3.91,Low,5,25,7,No,42,5,72,50,10.2,11,2,Mixed,5,4,0,High,1
S4904,19,Other,Low,Primary,Nuclear,Yes,2.19,High,3,98,4,No,46,5,54,85,10.4,22,5,Mixed,2,2,2,Medium,0
S4905,18,Female,Low,Graduate,Single Parent,Yes,3.81,Medium,0,63,6,No,72,2,86,44,9.6,9,1,Visual,5,0,1,Medium,0
S4906,19,Male,Medium,Primary,Nuclear,Yes,2.29,Low,5,61,3,Yes,56,9,46,55,16.4,7,1,Mixed,2,7,4,Medium,1
S4907,22,Male,Medium,Postgraduate,Single Parent,Yes,3.89,Low,0,111,5,No,54,9,49,88,11.9,21,4,Kinesthetic,4,7,4,Low,0
S4908,20,Female,High,Secondary,Joint,Yes,2.57,Medium,4,50,7,No,79,8,86,81,6.6,5,4,Kinesthetic,3,4,3,Medium,0
S4909,21,Female,Medium,Secondary,Nuclear,Yes,3.91,Low,5,28,7,No,48,5,30,56,13.9,29,2,Auditory,3,3,4,Low,1
S4910,18,Female,Medium,Primary,Joint,No,3.85,Medium,5,118,3,No,82,1,97,53,2.3,23,4,Auditory,1,7,0,Medium,0
S4911,23,Male,High,Secondary,Single Parent,Yes,3.7,Medium,4,66,4,No,99,0,76,40,7.1,17,6,Auditory,2,10,4,Medium,0
S4912,21,Male,Medium,Postgraduate,Single Parent,Yes,3.3,High,3,103,5,Yes,89,0,82,80,8.7,10,1,Auditory,5,5,1,Medium,0
S4913,19,Female,Medium,Secondary,Joint,No,2.2,Medium,1,50,3,No,93,8,43,42,3.5,8,1,Mixed,4,0,4,Low,0
S4914,24,Female,Low,Secondary,Nuclear,No,1.52,Medium,2,102,4,Yes,93,7,81,83,8.0,3,1,Visual,4,5,5,High,1
S4915,21,Male,Low,Secondary,Single Parent,No,3.15,Medium,3,118,5,Yes,78,0,58,84,13.0,1,3,Mixed,3,5,0,Low,0
S4916,19,Female,High,Graduate,Nuclear,No,2.73,High,2,40,4,No,54,9,92,34,9.7,6,10,Mixed,2,7,0,Medium,0
S4917,23,Male,Low,None,Guardian,No,3.43,Medium,0,82,5,Yes,79,10,91,61,7.8,7,1,Mixed,4,4,0,High,0
S4918,25,Male,Low,Postgraduate,Joint,Yes,3.04,Medium,4,48,4,No,45,3,80,47,17.9,25,9,Visual,2,10,0,High,1
S4919,18,Female,Medium,Secondary,Nuclear,Yes,1.97,Medium,3,71,5,Yes,91,8,62,40,18.7,7,5,Auditory,5,3,1,Medium,0
S4920,18,Female,Low,Primary,Nuclear,No,2.45,Medium,5,71,3,Yes,92,0,97,83,1.9,26,4,Visual,3,8,4,Medium,0
S4921,23,Female,Medium,Secondary,Joint,No,1.94,Medium,4,64,3,Yes,40,0,82,87,5.4,27,6,Visual,3,9,5,Low,1
S4922,18,Female,High,Postgraduate,Nuclear,Yes,3.02,High,5,101,7,No,41,9,96,45,18.0,1,8,Auditory,5,4,3,Low,0
S4923,17,Male,Medium,Postgraduate,Nuclear,Yes,2.99,High,1,93,3,Yes,76,0,40,68,13.0,9,6,Auditory,2,4,1,High,0
S4924,18,Male,Low,Graduate,Nuclear,No,1.76,Medium,2,73,5,No,40,9,47,84,16.9,3,5,Auditory,5,2,1,Low,1
S4925,24,Other,High,None,Nuclear,Yes,1.83,Low,5,34,5,No,59,6,58,98,17.0,14,6,Auditory,1,1,5,Medium,1
S4926,19,Male,Medium,Primary,Joint,No,2.27,Low,1,64,7,No,95,5,46,66,14.2,21,3,Mixed,4,8,3,Medium,0
S4927,22,Male,Medium,Secondary,Nuclear,Yes,1.93,Medium,1,39,6,No,47,4,93,93,14.4,14,9,Auditory,5,8,0,Medium,1
S4928,20,Other,Medium,Secondary,Joint,No,3.55,Medium,1,46,3,Yes,91,1,44,85,18.0,10,10,Auditory,5,0,4,Medium,0
S4929,23,Female,Medium,Postgraduate,Single Parent,No,3.64,High,3,86,4,No,94,8,30,37,12.0,6,5,Visual,3,8,1,Low,0
S4930,20,Female,Low,Postgraduate,Nuclear,No,1.8,Medium,0,42,6,No,41,1,32,29,9.2,10,7,Visual,2,3,2,Medium,1
S4931,19,Female,Medium,Graduate,Joint,Yes,1.82,Low,3,51,6,Yes,73,9,89,88,3.3,17,8,Mixed,4,8,3,High,1
S4932,20,Male,Low,Postgraduate,Nuclear,No,2.69,Medium,4,68,6,No,56,3,30,75,9.3,24,7,Kinesthetic,3,8,3,Medium,0
S4933,23,Male,Medium,Primary,Joint,Yes,3.33,High,3,101,3,Yes,82,10,37,71,16.0,14,9,Mixed,2,2,0,Low,0
S4934,23,Female,High,Postgraduate,Single Parent,Yes,1.92,Low,2,58,7,No,53,9,62,97,12.2,17,4,Kinesthetic,2,8,4,High,1
S4935,17,Female,Low,Graduate,Joint,No,3.11,Medium,4,59,6,No,90,4,39,54,9.2,1,10,Mixed,1,0,2,High,0
S4936,22,Female,Medium,Postgraduate,Nuclear,No,3.55,Low,1,47,3,No,91,4,59,74,7.6,23,2,Mixed,1,7,4,Medium,0
S4937,24,Female,Low,Graduate,Nuclear,No,3.89,Medium,3,91,3,Yes,59,0,46,65,17.8,19,9,Mixed,3,2,3,High,1
S4938,25,Female,Low,Secondary,Nuclear,No,3.25,Low,3,68,4,No,63,3,33,25,7.2,24,9,Visual,3,2,3,High,0
S4939,20,Male,Low,Graduate,Single Parent,No,3.32,Medium,2,67,3,Yes,81,7,47,62,16.8,12,10,Auditory,5,6,2,Medium,0
S4940,18,Female,Medium,Graduate,Nuclear,No,2.75,Medium,5,115,3,Yes,53,4,57,53,1.9,17,10,Visual,2,10,2,Medium,0
S4941,21,Male,Medium,Postgraduate,Nuclear,No,3.26,Medium,3,53,3,No,87,6,88,32,10.6,12,10,Visual,3,6,4,Medium,0
S4942,17,Female,Medium,Graduate,Nuclear,Yes,3.01,High,1,34,3,No,66,9,71,31,9.4,3,6,Kinesthetic,4,6,2,Low,0
S4943,25,Female,Low,Primary,Joint,No,2.39,Low,5,66,4,Yes,86,0,98,59,17.6,25,10,Visual,2,1,4,Medium,0
S4944,23,Other,Medium,Postgraduate,Nuclear,No,3.31,Medium,4,30,6,Yes,73,5,90,67,6.0,8,7,Mixed,1,10,3,Low,0
S4945,21,Male,Low,Primary,Nuclear,Yes,3.42,Medium,1,71,6,No,50,3,86,25,8.5,7,4,Kinesthetic,4,7,5,Low,0
S4946,19,Male,Low,Graduate,Nuclear,No,2.69,High,2,94,7,Yes,61,10,76,33,7.2,4,3,Visual,4,9,0,Low,0
S4947,18,Female,Medium,Primary,Nuclear,No,2.5,High,5,49,4,No,54,5,83,24,15.0,1,7,Auditory,1,0,3,Medium,0
S4948,25,Female,High,Graduate,Nuclear,No,2.46,Medium,1,55,7,No,44,6,71,64,13.6,9,9,Mixed,2,5,0,Low,0
S4949,17,Other,Medium,Secondary,Nuclear,No,3.39,Low,5,91,7,No,75,4,74,33,13.3,3,10,Kinesthetic,5,1,5,High,0
S4950,22,Male,Low,Secondary,Nuclear,No,3.87,High,4,95,5,No,86,1,56,49,1.9,12,4,Visual,1,0,1,Medium,0
S4951,23,Female,Low,Postgraduate,Nuclear,No,1.92,Low,1,50,3,No,68,9,53,84,11.3,23,2,Kinesthetic,5,2,2,Medium,1
S4952,22,Male,High,Primary,Single Parent,No,3.97,Medium,3,71,4,Yes,73,7,82,39,11.3,27,6,Kinesthetic,1,2,4,Medium,0
S4953,25,Female,High,Primary,Joint,No,3.24,Medium,4,60,4,No,40,1,81,58,12.4,6,10,Kinesthetic,3,2,4,Medium,0
S4954,17,Male,Medium,Primary,Nuclear,Yes,1.55,Medium,0,26,5,Yes,66,7,36,66,10.6,6,8,Mixed,5,4,5,Low,0
S4955,19,Female,Medium,Secondary,Joint,No,3.08,Medium,1,48,5,Yes,59,8,47,86,16.1,12,3,Visual,5,5,5,Low,1
S4956,17,Female,Low,Secondary,Nuclear,No,1.76,High,2,58,3,No,74,7,60,23,9.5,9,10,Visual,2,6,4,Medium,0
S4957,17,Female,High,Graduate,Nuclear,Yes,3.23,Medium,2,55,5,Yes,89,8,48,46,6.5,15,5,Mixed,2,9,2,Low,0
S4958,22,Male,High,Postgraduate,Nuclear,No,3.81,Medium,3,73,5,Yes,52,6,67,21,7.2,28,1,Visual,4,1,3,Low,1
S4959,18,Female,Medium,Postgraduate,Nuclear,Yes,3.83,Medium,0,48,6,No,95,3,93,58,9.1,23,7,Auditory,4,5,5,High,0
S4960,19,Male,Low,Graduate,Nuclear,No,1.81,High,5,69,7,No,86,8,37,76,13.3,11,7,Auditory,1,3,3,Low,0
S4961,17,Male,Medium,Graduate,Nuclear,No,2.52,Medium,1,98,4,No,90,4,45,69,2.4,20,4,Visual,2,2,4,Low,0
S4962,23,Female,Low,Secondary,Nuclear,Yes,2.89,Medium,5,85,6,Yes,77,7,61,22,6.6,7,4,Visual,1,2,5,Medium,0
S4963,25,Male,Low,Graduate,Joint,No,3.46,Medium,3,83,3,No,84,5,64,31,6.8,13,6,Mixed,2,9,2,Low,0
S4964,20,Female,Low,Graduate,Nuclear,Yes,2.61,Medium,3,21,7,No,80,7,67,24,18.9,9,6,Kinesthetic,2,8,0,Low,0
S4965,17,Male,Medium,Primary,Nuclear,Yes,2.44,Medium,0,94,3,No,49,4,97,52,12.4,4,8,Mixed,3,4,3,Medium,0
S4966,18,Female,Medium,Primary,Joint,Yes,3.48,Low,3,55,4,Yes,87,9,100,97,8.0,18,5,Mixed,2,7,3,Medium,0
S4967,24,Female,Low,None,Joint,Yes,2.89,High,2,42,7,No,88,3,84,38,8.6,4,9,Mixed,3,2,0,Medium,0
S4968,18,Other,Low,Primary,Joint,No,1.99,High,5,25,5,No,70,7,65,97,1.9,3,3,Auditory,4,0,4,Medium,1
S4969,23,Female,Low,Graduate,Nuclear,No,3.53,Low,1,69,7,No,94,5,88,53,9.8,6,5,Mixed,1,6,1,Medium,0
S4970,21,Female,Medium,Graduate,Joint,Yes,3.9,Low,0,99,4,No,50,4,84,55,19.3,15,6,Visual,5,9,3,Medium,0
S4971,17,Male,Low,Secondary,Nuclear,Yes,3.07,Low,3,30,5,Yes,90,10,70,90,5.6,8,2,Visual,1,6,2,Medium,0
S4972,25,Female,Medium,Postgraduate,Single Parent,Yes,3.34,Medium,0,25,3,Yes,80,2,49,94,11.3,24,9,Kinesthetic,5,0,1,Medium,0
S4973,22,Male,Medium,Secondary,Single Parent,No,2.88,High,5,64,5,No,46,6,61,98,11.7,26,7,Visual,5,3,1,High,1
S4974,24,Male,Low,Postgraduate,Single Parent,No,3.72,Low,4,72,7,Yes,81,8,88,55,17.9,7,6,Visual,3,2,5,Medium,0
S4975,19,Male,Low,Postgraduate,Joint,Yes,2.35,Medium,5,89,4,No,44,6,71,45,7.8,4,3,Auditory,2,8,5,Low,1
S4976,21,Female,High,Primary,Nuclear,No,1.91,Low,2,20,7,Yes,47,8,61,59,12.9,8,5,Visual,5,5,2,Medium,1
S4977,17,Male,Low,Postgraduate,Single Parent,Yes,2.86,High,4,65,7,No,85,9,73,90,4.7,5,7,Visual,3,6,3,Medium,0
S4978,18,Female,Low,Secondary,Nuclear,No,1.85,Low,5,23,3,No,67,7,70,84,7.3,20,4,Kinesthetic,1,9,1,High,1
S4979,25,Male,Low,Primary,Single Parent,No,2.36,High,2,33,7,No,55,3,38,84,5.8,28,10,Mixed,4,3,1,Low,0
S4980,21,Female,Medium,Secondary,Nuclear,No,1.65,Medium,5,66,5,No,69,1,57,100,7.7,22,9,Visual,1,4,5,Low,0
S4981,24,Male,Low,Postgraduate,Joint,No,1.51,Low,2,45,3,No,46,2,57,55,16.6,16,2,Visual,1,3,1,Medium,1
S4982,25,Male,High,Secondary,Single Parent,Yes,3.96,High,1,43,6,Yes,71,2,51,23,13.2,29,1,Auditory,4,7,5,Medium,0
S4983,22,Male,Low,Secondary,Joint,No,3.05,High,3,41,7,No,64,3,85,57,15.8,15,1,Auditory,1,7,3,Low,0
S4984,25,Female,High,Secondary,Single Parent,Yes,1.88,Medium,2,111,4,Yes,77,9,36,57,15.4,26,7,Auditory,5,5,2,High,1
S4985,24,Male,Low,Graduate,Nuclear,No,3.11,Low,3,26,6,No,85,2,45,30,13.1,17,4,Visual,3,0,4,Medium,0
S4986,18,Female,High,Secondary,Joint,Yes,3.42,Medium,2,25,7,Yes,55,10,59,55,16.5,22,2,Auditory,5,10,1,High,1
S4987,17,Male,High,Secondary,Nuclear,Yes,2.88,Low,1,116,5,No,49,8,73,97,17.4,26,3,Mixed,4,8,2,Medium,1
S4988,25,Female,Medium,Primary,Nuclear,No,3.62,Medium,2,113,6,No,92,7,59,58,8.4,3,4,Visual,3,2,0,Medium,0
S4989,24,Male,Medium,Secondary,Nuclear,No,3.98,Low,1,93,3,Yes,49,0,77,25,6.6,27,2,Visual,5,2,0,Medium,1
S4990,24,Female,Low,None,Nuclear,No,1.81,High,5,78,4,Yes,50,9,100,65,18.8,17,9,Auditory,4,8,3,High,1
S4991,25,Other,Low,Primary,Joint,No,3.35,Medium,2,20,6,No,41,2,38,85,19.4,6,10,Mixed,3,1,4,Medium,0
S4992,25,Male,High,Primary,Joint,No,3.12,Low,4,76,6,No,80,1,77,39,1.3,11,4,Mixed,3,3,2,High,0
S4993,23,Male,Low,Secondary,Nuclear,Yes,2.17,Medium,5,45,6,No,78,2,59,71,10.0,3,1,Visual,2,1,4,Low,0
S4994,20,Male,High,Secondary,Nuclear,Yes,2.54,High,2,116,3,No,96,0,58,66,2.4,10,10,Kinesthetic,2,4,2,Medium,0
S4995,24,Male,High,Primary,Guardian,No,3.19,High,2,78,3,Yes,61,1,49,41,16.5,7,8,Visual,4,6,2,High,0
S4996,23,Male,High,Primary,Nuclear,No,2.46,Medium,1,114,4,No,63,0,95,59,15.5,3,1,Kinesthetic,3,4,5,Medium,0
S4997,21,Male,Low,Secondary,Single Parent,No,2.72,High,2,97,4,No,72,3,60,51,12.3,11,6,Visual,3,1,0,High,0
S4998,18,Female,Low,Secondary,Single Parent,Yes,2.93,Low,5,37,7,No,96,7,61,81,14.2,11,5,Kinesthetic,1,4,0,Low,0
S4999,23,Female,Medium,Secondary,Joint,No,3.45,High,1,115,6,Yes,94,8,46,59,3.0,28,6,Visual,2,9,1,Low,0
S5000,20,Male,Medium,Secondary,Joint,No,2.96,High,0,79,7,No,70,7,31,28,12.7,3,7,Auditory,5,7,0,High,0
